MIR Product Code,NJ Item Description,MIR Product name,Collection name,Material,"Thickness """,Thickness mm,Surface,Mounting type,Sheet size,Sheet or piece Coverage sf,Priced by,Sold By,PACKING,sf/box,weight/sht or sf,"Width ""","Length """,Pcs or shts/box,weight/box,Variation,Porcelain faces,Porcelain Edges,Outdoors,Indoor Walls,Light traffic floors,High traffic Residential floors,Shower Walls,Shower Floor,Steam Room,Swimming Pool,Heat areas up to 150F,Commercial walls,Light Commercial Floors,Class,Boxes/plt,SF/plt,Lbs/plt,Pallet size,LTL
GIO-SWR-PEN,GIOVE ATMOS SWIRL PENNY (PENNY MARMARA),GIOVE ATMOS SWIRL PENNY,Giove ,Recycled Glass,"3/16""",5.5,Matte/shiny,Dot Mounted,12.2”x12.2”,0.88,sheet,sheet,12,10.56,2.0,12.2,12.2,12,24.0,V4,,,YES,YES,YES,X,YES,YES,YES,YES,YES,YES,X,Alma,,,,,
SV-F04,SAVANNAH COLLECTION DEGEMORE,EDGEMORE,Savannah,"Wooden Grey, Bianco Carrara","3/8""",,Polished,Mesh Mounted,"11.7x15.2""",1.235,sheet,sheet,5 sht/box,6.175,4.4,11.7,15.2,5,22.0,,,,Yes,Yes,Yes,Yes,Yes,Yes,X,X,Yes,Yes,Yes,Natural,,,,,
TRZ-CAL-POL,Terrazzo calacatta (MARBLE ARABESCATO BIANCO TILES POL. BEVEL. 60x60x1.2),TERRAZZO CALACATTA,Terrazzo,Terrazzo,"1/2""",12,Polished,Loose,"23.62x23.62""",3.875,sf,box,4 pcs/box,15.50,6.3,23.62,23.62,4,98.0,V3 (moderate),,Rectified,X,Yes,Yes,Yes,Yes,Yes,Yes,X,Yes,Yes,Yes,Natural,,,,,LTL
TRZ-CRM-2424H,Alcazar Cotto 18x18 (Terrazzo Dom -6405),Terrazzo Crema 24x24,Terrazzo,Terrazzo,"5/8""",15,Honed,Loose,"23.62x23.62""",3.875,sf,box,2,7.750,31.0,23.62,23.62,2,62.0,V3 (moderate),1,Rectified,Yes,Yes,Yes,Yes,Yes,Yes,Yes,X,Yes,Yes,Yes,Natural,,,,,LTL
TRZ-GRS,Terrazzo Gris (Nazan Terrazzo),TERRAZZO GRIS,Terrazzo,Terrazzo,"5/8""",15,Honed,Loose,"23.62x23.62""",3.875,sf,box,2 pcs/box,7.75,8.0,23.62,23.62,2,62.0,V3 (moderate),,Rectified,Yes,Yes,Yes,Yes,Yes,Yes,Yes,X,Yes,Yes,Yes,Natural,11,176.23,1588,,LTL
TRZ-MLT,Terrazzo Multi (No 210),TERRAZZO MULTI,Terrazzo,Terrazzo,"5/8""",15,Honed,Loose,"23.62x23.62""",3.875,sf,box,2 pcs/box,7.75,8.0,23.62,23.62,2,62.0,V3 (moderate),,Rectified,Yes,Yes,Yes,Yes,Yes,Yes,Yes,X,Yes,Yes,Yes,Natural,11,176.23,1588,,LTL
TRZ-NER-POL,Terrazzo Nero (MARBLE PALLADIO MORO TILES POL. BEVEL. 60x60x1.2),TERRAZZO NERO,Terrazzo,Terrazzo,"1/2""",12,Polished,Loose,"23.62x23.62""",3.875,sf,box,4 pcs/box,15.50,6.3,23.62,23.62,4,98.0,V3 (moderate),,Rectified,X,Yes,Yes,Yes,Yes,Yes,Yes,X,Yes,Yes,Yes,Natural,,,,,LTL
VL-S11,COSTERA Thassos/Crema Marfil,COSTERA,Valencia,"Thassos, Crema Marfil","3/8""",,Polished,Mesh Mounted,"12.2x12.2""",1.034,sheet,sheet,5 sht/box,5.168,4.5,12.2,12.2,5,22.5,,,,Yes,Yes,Yes,Yes,Yes,Yes,X,X,Yes,Yes,Yes,Natural,,,,,
RTZ-GOLD,Skalini Ritz Gold Ashen,RITZ GOLD,Artistic Stone,Ashen White Marble,"3/8""",,"Textured, Foiled",Mesh Mounted,"11.2x11.2""",0.870,sheet,sheet,5 sht/box,4.350,5.0,11.2,11.2,5,25.0,,,,X,Yes,Yes,X,Yes,X,X,X,Yes,Yes,X,Skalini,,,,,
FLR-BLM-GRN,Bloom Green,BLOOM GREEN,Flora,Ashen White Marble ,"3/8""",10,Etched,Mesh Mounted,"12x12""",1,sheet,sheet,5 pcs/box,5.000,5.6,12,12,5,28.0,V2 (slight),,,X,Yes,X,X,Yes,X,X,X,X,Yes,X,Skalini,,,,,
FLR-GIN-BLK,Gingko Black,GINGKO BLACK,Flora,Black Limestone,"3/8""",10,Etched,Mesh Mounted,"12x12""",1,sheet,sheet,5 pcs/box,5.000,5.6,12,12,5,28.0,V2 (slight),,,X,Yes,X,X,Yes,X,X,X,X,Yes,X,Skalini,,,,,
TRL-12,Trellis 12 Dolomite,TRELLIS 12,Waterjet,"Dolomite, Glass","5/16""",,Polished,Mesh Mounted,"11.1x11.1""",0.856,sheet,sheet,5 sht/box,4.278,4.0,11.1,11.1,5,20.0,,,,Yes,Yes,Yes,X,Yes,Yes,X,X,Yes,Yes,X,Skalini,,,,,
ACD-BL-636,OLSON BLANCO,ACADIA BLANCO,Acadia,Porcelain,"7/16""",11.3,Matte,Loose,"5.9x35.4""",1.450,sf,box,8 pcs/box,11.630,5.0,5.9,35.4,8,58.6,V3 (moderate),27,Pressed,Yes,Yes,Yes,Yes,Yes,Yes,Yes,X,Yes,Yes,Yes,Porcelain and Ceramic,,,,,LTL
ACD-GR-636,OLSON GRIS,ACADIA GRIS,Acadia,Porcelain,"7/16""",11.3,Matte,Loose,"5.9x35.4""",1.450,sf,box,8 pcs/box,11.630,5.0,5.9,35.4,8,58.6,V3 (moderate),27,Pressed,Yes,Yes,Yes,Yes,Yes,Yes,Yes,X,Yes,Yes,Yes,Porcelain and Ceramic,,,,,LTL
ACD-SP-BL,SPIGA OLSON BLANCO,ACADIA SPIGA BLANCO,Acadia,Porcelain,"7/16""",11.3,Matte,Loose,"17.7x35.4""",4.351,sf,box,3 pcs/box,13.050,5.1,17.7,35.4,3,66.2,V3 (moderate),10,Pressed,Yes,Yes,Yes,Yes,Yes,Yes,Yes,X,Yes,Yes,Yes,Porcelain and Ceramic,,,,,LTL
AGT-ORO-BEI-2448,Agatas Oro Beige 24x48 (60X120-DEC ORO-BEIGE),AGATAS ORO BEIGE 24X48,Agatas,Porcelain,"3/8""",9.5,Matte with Polished details,Loose,23.5x47.2,7.750,sf,box,2 pcs/box,15.5,4.6,23.5,47.2,2,72.0,V2 (slight),1,Rectified,X,Yes,X,X,Yes,X,X,X,Yes,Yes,X,Porcelain and Ceramic,26,403,1901,,LTL
AGT-ORO-BLK-2448,Agatas Oro Black 24x48 (60X120-DEC ORO-BLACK),AGATAS ORO BLACK 24X48,Agatas,Porcelain,"3/8""",9.5,Matte with Polished details,Loose,23.5x47.2,7.750,sf,box,2 pcs/box,15.5,4.6,23.5,47.2,2,72.0,V2 (slight),1,Rectified,X,Yes,X,X,Yes,X,X,X,Yes,Yes,X,Porcelain and Ceramic,26,403,1901,,LTL
AGT-ORO-BLU-2448,Agatas Oro Blue 24x48 (60X120-DEC ORO-BLUE),AGATAS ORO BLUE 24X48,Agatas,Porcelain,"3/8""",9.5,Matte with Polished details,Loose,23.5x47.2,7.750,sf,box,2 pcs/box,15.5,4.6,23.5,47.2,2,72.0,V2 (slight),1,Rectified,X,Yes,X,X,Yes,X,X,X,Yes,Yes,X,Porcelain and Ceramic,26,403,1901,,LTL
AGT-ORO-WHT-2448,Agatas Oro White 24x48 (60X120-DEC ORO-WHITE),AGATAS ORO WHITE 24X48,Agatas,Porcelain,"3/8""",9.5,Matte with Polished details,Loose,23.5x47.2,7.750,sf,box,2 pcs/box,15.5,4.6,23.5,47.2,2,72.0,V2 (slight),1,Rectified,X,Yes,X,X,Yes,X,X,X,Yes,Yes,X,Porcelain and Ceramic,26,403,1901,,LTL
ALB-ARC-2448,HTL 20 Absolute White 60X120,Alba Arctic 2448,Alba,Porcelain,,8.5mm,Matte,,"23.62x47.2""",7.750,sf,box,2,15.500,4.0,23.62,47.2,2,62.26,V2,16,Rectified,Yes,Yes,Yes,Yes,Yes,Yes,Yes,X,Yes,Yes,Yes,Porcelain and Ceramic,,,,,
ALB-ARC-MOS,Mosaico HTL 20 Absolute White,Alba Arctic Mosaic,Alba,Porcelain,,8.5mm,Matte,,"11.81x11.81""",0.960,sheet,sheet,6,5.810,3.8,11.81,11.81,6,22.3,V2,,Rectified,Yes,Yes,Yes,Yes,Yes,Yes,Yes,Yes,Yes,Yes,Yes,Porcelain and Ceramic,,,,,
ALB-COR-2448,HTL 16 Coral 60X120,Alba Coral 2448,Alba,Porcelain,,8.5mm,Matte,,"23.62x47.2""",7.750,sf,box,2,15.500,4.0,23.62,47.2,2,62.26,V2,16,Rectified,Yes,Yes,Yes,Yes,Yes,Yes,Yes,X,Yes,Yes,Yes,Porcelain and Ceramic,,,,,
ALB-COR-MOS,Mosaico HTL 16 Coral,Alba Coral Mosaic,Alba,Porcelain,,8.5mm,Matte,,"11.81x11.81""",0.960,sheet,sheet,6,5.810,3.8,11.81,11.81,6,22.3,V2,,Rectified,Yes,Yes,Yes,Yes,Yes,Yes,Yes,Yes,Yes,Yes,Yes,Porcelain and Ceramic,,,,,
ALB-IVR-2448,HTL 10 White 60X120,Alba Ivory 2448,Alba,Porcelain,,8.5mm,Matte,,"23.62x47.2""",7.750,sf,box,2,15.500,4.0,23.62,47.2,2,62.26,V2,16,Rectified,Yes,Yes,Yes,Yes,Yes,Yes,Yes,X,Yes,Yes,Yes,Porcelain and Ceramic,,,,,
ALB-IVR-MOS,Mosaico HTL 10 White,Alba Ivory Mosaic,Alba,Porcelain,,8.5mm,Matte,,"11.81x11.81""",0.960,sheet,sheet,6,5.810,3.8,11.81,11.81,6,22.3,V2,,Rectified,Yes,Yes,Yes,Yes,Yes,Yes,Yes,Yes,Yes,Yes,Yes,Porcelain and Ceramic,,,,,
ALB-SIL-2448,HTL 15  Silver 60X120,Alba Silver 2448,Alba,Porcelain,,8.5mm,Matte,,"23.62x47.2""",7.750,sf,box,2,15.500,4.0,23.62,47.2,2,62.26,V2,16,Rectified,Yes,Yes,Yes,Yes,Yes,Yes,Yes,X,Yes,Yes,Yes,Porcelain and Ceramic,,,,,
ALB-SIL-MOS,Mosaico HTL 15  Silver,Alba Silver Mosaic,Alba,Porcelain,,8.5mm,Matte,,"11.81x11.81""",0.960,sheet,sheet,6,5.810,3.8,11.81,11.81,6,22.3,V2,,Rectified,Yes,Yes,Yes,Yes,Yes,Yes,Yes,Yes,Yes,Yes,Yes,Porcelain and Ceramic,,,,,
ALZ-AQ-1222,Alcazar Aqua 12x22 (TETUAN ARENA AQUA 31X56),ALCAZAR AQUA 12X22,Alcazar,Porcelain,"3/8""",9,Matte with Gloss Details,Loose,"12.2x22""",1.861,sf,box,7 pcs/box,13.025,4.4,12.2,22,7,57.0,V2 (slight),,Pressed,Yes,Yes,X,X,Yes,X,Yes,X,Yes,Yes,X,Porcelain and Ceramic,48,625.2,,,LTL
ALZ-AR-1818,Alcazar Arena 18x18 (TETUAN ARENA 44.2x44.2),ALCAZAR ARENA 18X18,Alcazar,Porcelain,"3/8""",10,Matte,Loose,17.4x17.4,2.107,sf,box,7 pcs/box,14.747,4.3,17.42,17.42,7,64.0,V2 (slight),10,Pressed,Yes,Yes,Yes,Yes,Yes,Yes,Yes,X,Yes,Yes,Yes,Porcelain and Ceramic,64,943.779665,4114,,LTL
ALZ-BAR-SND-1313,Bari  Sand,Alcazar Bari  Sand 13x13,Alcazar,Porcelain,"3/8""",9,Matte,Loose,"13x13""",1.184,sf,box,9 pcs/box,10.76,3.8,13,13,8,41.2,V2 (slight),15,Straight,Yes,Yes,Yes,Yes,Yes,X,Yes,Yes,Yes,Yes,X,Porcelain and Ceramic,,,,,LTL
ALZ-BAR-TER-1313,Bari  Terra,Alcazar Bari  Terra 13x13,Alcazar,Porcelain,"3/8""",9,Matte,Loose,"13x13""",1.184,sf,box,9 pcs/box,10.76,3.8,13,13,8,41.2,V2 (slight),15,Straight,Yes,Yes,Yes,X,Yes,X,Yes,Yes,Yes,Yes,X,Porcelain and Ceramic,,,,,LTL
ALZ-COT-1222,Alcazar Cotto 12x22 (TETUAN COTTO WHITE 31X56),ALCAZAR COTTO 12X22,Alcazar,Porcelain,"3/8""",9,Matte with Gloss Details,Loose,"12.2x22""",1.861,sf,box,7 pcs/box,13.025,4.4,12.2,22,7,57.0,V2 (slight),,Pressed,Yes,Yes,X,X,Yes,X,Yes,X,Yes,Yes,X,Porcelain and Ceramic,48,625.2,,,LTL
ALZ-COT-1818,Alcazar Cotto 18x18 (TETUAN COTTO 44.2x44.2),ALCAZAR COTTO 18X18,Alcazar,Porcelain,"3/8""",10,Matte,Loose,17.4x17.4,2.107,sf,box,7 pcs/box,14.747,4.3,17.42,17.42,7,64.0,V2 (slight),10,Pressed,Yes,Yes,Yes,Yes,Yes,Yes,Yes,X,Yes,Yes,Yes,Porcelain and Ceramic,64,943.779665,4114,,LTL
ALZ-EMR-1222,Alcazar Emerald 12x22 (TETUAN ARENA EMERALD 31X56),ALCAZAR EMERALD 12X22,Alcazar,Porcelain,"3/8""",9,Matte with Gloss Details,Loose,"12.2x22""",1.861,sf,box,7 pcs/box,13.025,4.4,12.2,22,7,57.0,V2 (slight),,Pressed,Yes,Yes,X,X,Yes,X,Yes,X,Yes,Yes,X,Porcelain and Ceramic,48,625.2,,,LTL
ALZ-LAT-SND-1313,Bari Lattice Sand,Alcazar Lattice Sand 13x13,Alcazar,Porcelain,"7/16""",11,Matte,Loose,"13x13""",1.184,sf,box,8 pcs/box,9.57,3.8,13,13,9,36.8,V2 (slight),15,Straight,Yes,Yes,X,X,Yes,X,Yes,Yes,Yes,Yes,X,Porcelain and Ceramic,,,,,LTL
ALZ-LAT-TER-1313,Bari Lattice Terra,Alcazar Lattice Terra 13x13,Alcazar,Porcelain,"7/16""",11,Matte,Loose,"13x13""",1.184,sf,box,8 pcs/box,9.57,3.8,13,13,9,36.8,V2 (slight),15,Straight,Yes,Yes,X,X,Yes,X,Yes,Yes,Yes,Yes,X,Porcelain and Ceramic,,,,,LTL
ALZ-TER-1222,Alcazar Terra 12x22 (TETUAN TERRA AQUA 31X56),ALCAZAR TERRA 12X22,Alcazar,Porcelain,"3/8""",9,Matte with Gloss Details,Loose,"12.2x22""",1.861,sf,box,7 pcs/box,13.025,4.4,12.2,22,7,57.0,V2 (slight),,Pressed,Yes,Yes,X,X,Yes,X,Yes,X,Yes,Yes,X,Porcelain and Ceramic,48,625.2,,,LTL
ALZ-TER-1818,Alcazar Terra 18x18 (TETUAN TERRA 44.2x44.2),ALCAZAR TERRA 18X18,Alcazar,Porcelain,"3/8""",10,Matte,Loose,17.4x17.4,2.107,sf,box,7 pcs/box,14.747,4.3,17.42,17.42,7,64.0,V2 (slight),10,Pressed,Yes,Yes,Yes,Yes,Yes,Yes,Yes,X,Yes,Yes,Yes,Porcelain and Ceramic,64,943.779665,4114,,LTL
ALZ-WHT-1222,Alcazar White 12x22  (TETUAN ARENA WHITE 31X56),ALCAZAR WHITE 12X22,Alcazar,Porcelain,"3/8""",9,Matte with Gloss Details,Loose,"12.2x22""",1.861,sf,box,7 pcs/box,13.025,4.4,12.2,22,7,57.0,V2 (slight),,Pressed,Yes,Yes,X,X,Yes,X,Yes,X,Yes,Yes,X,Porcelain and Ceramic,48,625.2,,,LTL
ALF-BAH,Alfama Pickets Bahia (Lanse Bahia),ALFAMA PICKETS BAHIA,Alfama,Ceramic,"5/16""",9,Matte,Loose,"2x10""",0.122,sf,box,44 pcs/box,5.380,3.4,2,10,44,18.1,V2 (slight),,Pressed,X,Yes,Yes,X,Yes,Yes,Yes,X,Yes,Yes,X,Porcelain and Ceramic,,,,,LTL2SM
ALF-BLK,Alfama Pickets Black (Lanse Black),ALFAMA PICKETS BLACK,Alfama,Ceramic,"5/16""",9,Matte,Loose,"2x10""",0.122,sf,box,44 pcs/box,5.380,3.4,2,10,44,18.1,V2 (slight),,Pressed,X,Yes,Yes,X,Yes,Yes,Yes,X,Yes,Yes,X,Porcelain and Ceramic,,,,,LTL2SM
ALF-BLUE,Alfama Pickets Blue (5x25LOS LANSE BLUE),ALFAMA PICKETS BLUE,Alfama,Ceramic,"5/16""",9,Matte,Loose,"2x10""",0.122,sf,box,44 pcs/box,5.380,3.4,2,10,44,18.1,V2 (slight),,Pressed,X,Yes,Yes,X,Yes,Yes,Yes,X,Yes,Yes,X,Porcelain and Ceramic,,,,,LTL2SM
ALF-GRAY,Alfama Pickets Gray (5X25ARROW LANCE GRAY),ALFAMA PICKETS GRAY,Alfama,Ceramic,"5/16""",9,Matte,Loose,"2x10""",0.122,sf,box,44 pcs/box,5.380,3.4,2,10,44,18.1,V2 (slight),,Pressed,X,Yes,Yes,X,Yes,Yes,Yes,X,Yes,Yes,X,Porcelain and Ceramic,,,,,LTL2SM
ALF-MINT,Alfama Pickets Mint (5X25ARROW LANCE MINT),ALFAMA PICKETS MINT,Alfama,Ceramic,"5/16""",9,Matte,Loose,"2x10""",0.122,sf,box,44 pcs/box,5.380,3.4,2,10,44,18.1,V2 (slight),,Pressed,X,Yes,Yes,X,Yes,Yes,Yes,X,Yes,Yes,X,Porcelain and Ceramic,,,,,LTL2SM
ALF-MUS,Alfama Pickets Muslin  (Lanse Muslin),ALFAMA PICKETS MUSLIN,Alfama,Ceramic,"5/16""",9,Matte,Loose,"2x10""",0.122,sf,box,44 pcs/box,5.380,3.4,2,10,44,18.1,V2 (slight),,Pressed,X,Yes,Yes,X,Yes,Yes,Yes,X,Yes,Yes,X,Porcelain and Ceramic,,,,,LTL2SM
ALF-NAVY,Alfama Pickets Navy (5x25LOS LANSE NAVY),ALFAMA PICKETS NAVY,Alfama,Ceramic,"5/16""",9,Matte,Loose,"2x10""",0.122,sf,box,44 pcs/box,5.380,3.4,2,10,44,18.1,V2 (slight),,Pressed,X,Yes,Yes,X,Yes,Yes,Yes,X,Yes,Yes,X,Porcelain and Ceramic,,,,,LTL2SM
ALF-ROSE,Alfama Pickets Rose (Lanse Rose),ALFAMA PICKETS ROSE,Alfama,Ceramic,"5/16""",9,Matte,Loose,"2x10""",0.122,sf,box,44 pcs/box,5.380,3.4,2,10,44,18.1,V2 (slight),,Pressed,X,Yes,Yes,X,Yes,Yes,Yes,X,Yes,Yes,X,Porcelain and Ceramic,,,,,LTL2SM
ALF-SLVR,Lance Silver,ALFAMA PICKETS SILVER,Alfama,Ceramic,"5/16""",9,Matte,Loose,"2x10""",0.122,sf,box,44 pcs/box,5.380,3.4,2,10,44,18.1,V2 (slight),,Pressed,X,Yes,Yes,X,Yes,Yes,Yes,X,Yes,Yes,X,Porcelain and Ceramic,,,,,LTL2SM
ALF-VIR,Alfama Pickets Viridian (5X25ARROW LANCE VIRDIAN),ALFAMA PICKETS VIRIDIAN,Alfama,Ceramic,"5/16""",9,Matte,Loose,"2x10""",0.122,sf,box,44 pcs/box,5.380,3.4,2,10,44,18.1,V2 (slight),,Pressed,X,Yes,Yes,X,Yes,Yes,Yes,X,Yes,Yes,X,Porcelain and Ceramic,,,,,LTL2SM
ALF-WHT,Lance White,ALFAMA PICKETS WHITE,Alfama,Ceramic,"5/16""",9,Matte,Loose,"2x10""",0.122,sf,box,44 pcs/box,5.380,3.4,2,10,44,18.1,V2 (slight),,Pressed,X,Yes,Yes,X,Yes,Yes,Yes,X,Yes,Yes,X,Porcelain and Ceramic,,,,,LTL2SM
ALF-GOLD,Alfama Pickets Gold (5X25ARROW LANCE GOLD),ALFAMAPICKETS GOLD,Alfama,Ceramic,"5/16""",9,Glossy,Loose,"2x10""",0.122,sf,box,44 pcs/box,5.380,3.4,2,10,44,18.1,V2 (slight),,Pressed,X,Yes,Yes,X,Yes,Yes,Yes,X,Yes,Yes,X,Porcelain and Ceramic,,,,,LTL2SM
ALP-CLD-2448,"PIEMONTE CLOUD NT/60X120X0,9/C/R",Alpine Cloud 24x48,Alpine,Porcelain,"3/8""",9,Matte,Loose,23.6x47.2,7.750,sf,box,2,15.5,4.3,23.6,47.2,2,66.4,V2,18,Rectified,Yes,Yes,Yes,Yes,Yes,X,Yes,X,Yes,Yes,Yes,Porcelain and Ceramic,,,,,LTL
ALP-CLD-DEC-2448,"PIEMONTE CLOUD WALL DEC SP/60X120X1,2/C/",Alpine Cloud Deco 24x48,Alpine,Ceramic,"7/16""",12,Matte,Loose,23.6x47.2,7.750,sf,box,2,15.5,3.5,23.6,47.2,2,54.032,V2,18,Rectified,Yes,Yes,Yes,X,Yes,X,Yes,X,Yes,Yes,X,Porcelain and Ceramic,,,,,LTL
AR-MARQ-2448,Arya Nero Marquina 24x48 (MARQUINA NERO 60X120),ARYA NERO MARQUINA 24X48,Arya,Porcelain,"3/8""",8.6,Polished,Loose,"23.6x47.2""",7.750,sf,box,2 pcs/box,15.500,4.0,23.6,47.2,2,62.4,V2 (Slight),7,Rectified,Yes,Yes,Yes,Yes,Yes,X,Yes,X,Yes,Yes,X,Porcelain and Ceramic,,,,,
AR-MARQ-HER,"MARQUINA NERO
(Herringbone Mosaic)",ARYA NERO MARQUINA HERRINGBONE,Arya,Porcelain,"3/8""",8.6,Polished,Mesh Mounted,"11.1x12.36""",0.953,sheet,sheet,5 pcs/box,4.764,3.9,11.1,12.36,5,19.6,V2 (Slight),-,-,Yes,Yes,Yes,Yes,Yes,Yes,Yes,Yes,Yes,Yes,Yes,Porcelain and Ceramic,,,,,
AR-STAT-BLU-2424,STATUARIO BLUE 60x60,ARYA STATUARIO BLUE 24X24,Arya,Porcelain,"3/8""",8.6,Polished,Loose,"23.6x23.6""",3.875,sf,box,4 pcs/box,15.500,4.0,23.6,23.6,4,61.3,V2 (Slight),12,Rectified,Yes,Yes,Yes,Yes,Yes,X,Yes,X,Yes,Yes,X,Porcelain and Ceramic,,,,,LTL
AR-STAT-BLU-2448,STATUARIO BLUE 60x120,ARYA STATUARIO BLUE 24X48,Arya,Porcelain,"3/8""",8.6,Polished,Loose,"23.6x47.2""",7.750,sf,box,2 pcs/box,15.500,4.0,23.6,47.2,2,62.4,V2 (Slight),8,Rectified,Yes,Yes,Yes,Yes,Yes,X,Yes,X,Yes,Yes,X,Porcelain and Ceramic,,,,,LTL
AR-STAT-BLU-HER,"STATUARIO BLUE
(Herringbone Mosaic)",ARYA STATUARIO BLUE HERRINGBONE,Arya,Porcelain,"3/8""",8.6,Polished,Mesh Mounted,"11.1x12.36""",0.953,sheet,sheet,5 pcs/box,4.764,3.9,11.1,12.36,5,19.6,V2 (Slight),-,,Yes,Yes,Yes,Yes,Yes,Yes,Yes,Yes,Yes,Yes,Yes,Porcelain and Ceramic,,,,,
AR-STAT-LEO-2424,STATUARIO LEO 60x60,ARYA STATUARIO LEO 24X24,Arya,Porcelain,"3/8""",8.6,Polished,Loose,"23.6x23.6""",3.875,sf,box,4 pcs/box,15.500,4.0,23.6,23.6,4,61.3,V2 (Slight),12,Rectified,Yes,Yes,Yes,Yes,Yes,X,Yes,X,Yes,Yes,X,Porcelain and Ceramic,,,,,LTL
AR-STAT-LEO-2448,STATUARIO LEO 60x120,ARYA STATUARIO LEO 24X48,Arya,Porcelain,"3/8""",8.6,Polished,Loose,"23.6x47.2""",7.750,sf,box,2 pcs/box,15.500,4.0,23.6,47.2,2,62.4,V2 (Slight),8,Rectified,Yes,Yes,Yes,Yes,Yes,X,Yes,X,Yes,Yes,X,Porcelain and Ceramic,,,,,LTL
AR-STAT-LEO-HER,"STATUARIO LEO
(Herringbone Mosaic)",ARYA STATUARIO LEO HERRINGBONE,Arya,Porcelain,"3/8""",8.6,Polished,Mesh Mounted,"11.1x12.36""",0.953,sheet,sheet,5 pcs/box,4.764,3.9,11.1,12.36,5,19.6,V2 (Slight),-,-,Yes,Yes,Yes,Yes,Yes,Yes,Yes,Yes,Yes,Yes,Yes,Porcelain and Ceramic,,,,,
AR-STAT-PLT-2448,Arya Statuario Platina 24x48 (STATUARIO PLATINA 60X120),ARYA STATUARIO PLATINA 24X48,Arya,Porcelain,"3/8""",8.6,Polished,Loose,"23.6x47.2""",7.750,sf,box,2 pcs/box,15.500,4.0,23.6,47.2,2,62.4,V2 (Slight),8,Rectified,Yes,Yes,Yes,Yes,Yes,X,Yes,X,Yes,Yes,X,Porcelain and Ceramic,,,,,LTL
AR-STAT-PLT-HER,"STATUARIO PLATINA
(Herringbone Mosaic)",ARYA STATUARIO PLATINA HERRINGBONE,Arya,Porcelain,"3/8""",8.6,Polished,Mesh Mounted,"11.1x12.36""",0.953,sheet,sheet,5 pcs/box,4.764,3.9,11.1,12.36,5,19.6,V2 (Slight),-,-,Yes,Yes,Yes,Yes,Yes,Yes,Yes,Yes,Yes,Yes,Yes,Porcelain and Ceramic,,,,,
AR-STAT-PLT-2424,Arya Staturaio Platina 24x24 (STATUARIO PLATINA 60X60),ARYA STATURAIO PLATINA 24X24,Arya,Porcelain,"3/8""",8.6,Polished,Loose,"23.6x23.6""",3.875,sf,box,4 pcs/box,15.500,4.0,23.6,23.6,4,61.3,V2 (Slight),12,Rectified,Yes,Yes,Yes,Yes,Yes,X,Yes,X,Yes,Yes,X,Porcelain and Ceramic,,,,,LTL
ATHA-GLA-2448,"Athabasca Glacier 24x48 (VICTORIA BRUSHED 24""x48""| VICTORIA MOL.RET. R60x120)",ATHABASCA GLACIER 24X48,Athabasca,Porcelain,"3/8""",9,Matte,Loose,"47.25x23.6""",7.750,sf,box,2 pcs/box,15.500,4.4,47.25,23.6,2,68.5,V2 (slight),,Rectified,Yes,Yes,Yes,Yes,Yes,Yes,Yes,X,Yes,Yes,Yes,Porcelain and Ceramic,,,,,LTL
ATHA-GLA-3232,"Athabasca Glacier 32x32 (VICTORIA BRUSHED 32""x32"" | VICTORIA MOL.RET. 80x80)",ATHABASCA GLACIER 32X32,Athabasca,Porcelain,"3/8""",9,Matte,Loose,"31.5x31.5""",6.889,sf,box,2 pcs/box,13.778,4.2,31.5,31.5,2,57.8,V2 (slight),,Rectified,Yes,Yes,Yes,Yes,Yes,Yes,Yes,X,Yes,Yes,Yes,Porcelain and Ceramic,,,,,LTL
ATHA-GLA-GRV-1248,Athabasca Glacier Groove 12x48(GROOVE VICTORIA NA 30x120),ATHABASCA GLACIER GROOVE 12X48,Athabasca,Porcelain,"3/8""",9,Matte,Loose,"11.81x47.25""",3.875,sf,box,3 pcs/box,11.625,4.4,11.81,47.25,3,50.8,V2 (slight),,Rectified,Yes,Yes,Yes,Yes,Yes,Yes,Yes,X,Yes,Yes,Yes,Porcelain and Ceramic,,,,,LTL
ATHA-GLA-MOS,Beatnik TRACCE DECO (VICTORIA 4.7x4.7 30x30 MOSAIC),ATHABASCA GLACIER MOSAIC,Athabasca,Porcelain,"3/8""",9,Matte,Mesh,"11.81x11.81""",0.979,sheet,sheet,11 pcs/box,10.764,4.1,11.81,11.81,11,44.8,V2 (slight),,Rectified,Yes,Yes,Yes,Yes,Yes,Yes,Yes,Yes,Yes,Yes,Yes,Porcelain and Ceramic,,,,,
ATHA-ROK-2448,FORTUNE MOL.RET.,ATHABASCA ROCK 24X48,Athabasca,Porcelain,"3/8""",9,Matte,Loose,"47.25x23.6""",7.750,sf,box,2 pcs/box,15.500,4.4,47.25,23.6,2,68.5,V2 (slight),,Rectified,Yes,Yes,Yes,Yes,Yes,Yes,Yes,X,Yes,Yes,Yes,Porcelain and Ceramic,,,,,LTL
ATHA-ROK-3232,"FORTUNE BRUSHED 32""x32"" ",ATHABASCA ROCK 32X32,Athabasca,Porcelain,"3/8""",9,Matte,Loose,"31.5x31.5""",6.889,sf,box,2 pcs/box,13.778,4.2,31.5,31.5,2,57.8,V2 (slight),,Rectified,Yes,Yes,Yes,Yes,Yes,Yes,Yes,X,Yes,Yes,Yes,Porcelain and Ceramic,,,,,LTL
ATHA-ROK-GRV-1248,"FORTUNE GROOVE 3D DECOR 12""x48""",ATHABASCA ROCK GROOVE 12X48,Athabasca,Porcelain,"3/8""",9,Matte,Loose,"11.81x47.25""",3.875,sf,box,3 pcs/box,11.625,4.4,11.81,47.25,3,50.8,V2 (slight),,Rectified,Yes,Yes,Yes,Yes,Yes,Yes,Yes,X,Yes,Yes,Yes,Porcelain and Ceramic,,,,,LTL
ATHA-ROK-MOS,"FORTUNE 2""x2"" MOSAIC",ATHABASCA ROCK MOSAIC,Athabasca,Porcelain,"3/8""",9,Matte,Mesh,"11.81x11.81""",0.979,sheet,sheet,11 pcs/box,10.764,4.1,11.81,11.81,11,44.8,V2 (slight),,Rectified,Yes,Yes,Yes,Yes,Yes,Yes,Yes,Yes,Yes,Yes,Yes,Porcelain and Ceramic,,,,,
ATL-OCN-1240,ATLANTIS OCEAN 12X40 (29 X 100 IBA SOSPIRO OCEAN),ATLANTIS OCEAN 12X40,Atlantis,Ceramic,"5/16""",,,Loose,"11.4x39.4""",3.119,sf,box,4 pcs/box,12.477,4.1,11.4,39.4,4,51.3,V3 (moderate),12,Rectified,X,Yes,Yes,X,Yes,X,Yes,X,Yes,Yes,X,Porcelain and Ceramic,,,,,LTL
ATL-OCN-DEC,Beach Fog Deco 12x36 (29 X 100 IBA DEC.CAPRI OCEAN),ATLANTIS OCEAN DECO,Atlantis,Ceramic,"5/16""",,,Loose,"11.4x39.4""",3.119,sf,box,3 pcs/box,9.360,4.3,11.4,39.4,3,39.9,V3 (moderate),2,Rectified,X,Yes,X,X,Yes,X,Yes,X,Yes,Yes,X,Porcelain and Ceramic,,,,,LTL
ATL-OCN-MOS,Mosaic Sospiro Ocean,ATLANTIS OCEAN MOSAIC,Atlantis,Ceramic,"5/16""",,,Mesh Mounted,"11.8x11.8""",0.967,sheet,sheet,11 sht/box,10.636,3.7,11.8,11.8,11,40.6,V3 (moderate),10,Rectified,X,Yes,Yes,X,Yes,Yes,Yes,X,Yes,Yes,X,Porcelain and Ceramic,,,,,
ATL-SMK-1240,Sospiro Smoke,ATLANTIS SMOKE 12X40,Atlantis,Ceramic,"5/16""",,,Loose,"11.4x39.4""",3.119,sf,box,4 pcs/box,12.477,4.1,11.4,39.4,4,51.3,V3 (moderate),12,Rectified,X,Yes,Yes,X,Yes,X,Yes,X,Yes,Yes,X,Porcelain and Ceramic,,,,,LTL
ATL-SMK-DEC,Decor Capri Smoke,ATLANTIS SMOKE DECO,Atlantis,Ceramic,"5/16""",,,Loose,"11.4x39.4""",3.119,sf,box,3 pcs/box,9.360,4.3,11.4,39.4,3,39.9,V3 (moderate),2,Rectified,X,Yes,X,X,Yes,X,Yes,X,Yes,Yes,X,Porcelain and Ceramic,,,,,LTL
ATL-SMK-MOS,Mosaic Sospiro Smoke,ATLANTIS SMOKE MOSAIC,Atlantis,Ceramic,"5/16""",,,Mesh Mounted,"11.8x11.8""",0.967,sheet,sheet,11 sht/box,10.636,3.7,11.8,11.8,11,40.6,V3 (moderate),10,Rectified,X,Yes,Yes,X,Yes,Yes,Yes,X,Yes,Yes,X,Porcelain and Ceramic,,,,,
ATL-WHT-1240,Sospiro White,ATLANTIS WHITE 12X40,Atlantis,Ceramic,"5/16""",,,Loose,"11.4x39.4""",3.119,sf,box,4 pcs/box,12.477,4.1,11.4,39.4,4,51.3,V3 (moderate),12,Rectified,X,Yes,Yes,X,Yes,X,Yes,X,Yes,Yes,X,Porcelain and Ceramic,,,,,LTL
ATL-WHT-DEC,Decor Capri White,ATLANTIS WHITE DECO,Atlantis,Ceramic,"5/16""",,,Loose,"11.4x39.4""",3.119,sf,box,3 pcs/box,9.360,4.3,11.4,39.4,3,39.9,V3 (moderate),2,Rectified,X,Yes,X,X,Yes,X,Yes,X,Yes,Yes,X,Porcelain and Ceramic,,,,,LTL
ATL-WHT-MOS,Mosaic Sospiro White,ATLANTIS WHITE MOSAIC,Atlantis,Ceramic,"5/16""",,,Mesh Mounted,"11.8x11.8""",0.967,sheet,sheet,11 sht/box,10.636,3.7,11.8,11.8,11,40.6,V3 (moderate),10,Rectified,X,Yes,Yes,X,Yes,Yes,Yes,X,Yes,Yes,X,Porcelain and Ceramic,,,,,
AUR-GR-1240,NEUTRAL GREY REC-BIS B100,AURORA GREY 1240,Aurora,Ceramic,"5/16""",,Matte,Loose,"11.4x39.4""",3.119,sf,box,4 pcs/box,12.400,4.0,11.4,39.4,4,50.0,V2 (slight),6,Rectified,X,Yes,Yes,X,Yes,X,X,X,Yes,Yes,X,Porcelain and Ceramic,,,,,LTL
AUR-GR-DEC-B,AURORA GREY DECO 1240 B (DEC.MISTERY GREY B S-97),AURORA GREY DECO 1240 B,Aurora,Ceramic,"5/16""",,Matte,Loose,"11.4x39.4""",3.119,sf,box,2 pcs/box,6.240,8.0,11.4,39.4,2,50.0,V2 (slight),1,Rectified,X,Yes,Yes,X,Yes,X,X,X,Yes,Yes,X,Porcelain and Ceramic,,,,,LTL
AUR-GR-DEC-C,DEC.MISTERY GREY C S-97,AURORA GREY DECO 1240 C,Aurora,Ceramic,"5/16""",,Matte,Loose,"11.4x39.4""",3.119,sf,box,2 pcs/box,6.240,8.0,11.4,39.4,2,50.0,V2 (slight),1,Rectified,X,Yes,Yes,X,Yes,X,X,X,Yes,Yes,X,Porcelain and Ceramic,,,,,LTL
AUR-WHT-1240,NEUTRAL WHITE REC-BIS B100,AURORA WHITE 1240,Aurora,Ceramic,"5/16""",,Matte,Loose,"11.4x39.4""",3.119,sf,box,4 pcs/box,12.400,4.0,11.4,39.4,4,50.0,V2 (slight),6,Rectified,X,Yes,Yes,X,Yes,X,X,X,Yes,Yes,X,Porcelain and Ceramic,,,,,LTL
AUR-WHT-DEC-B,DEC.MISTERY WHITE B S-97,AURORA WHITE DECO 1240 B,Aurora,Ceramic,"5/16""",,Matte,Loose,"11.4x39.4""",3.119,sf,box,2 pcs/box,6.240,8.0,11.4,39.4,2,50.0,V2 (slight),1,Rectified,X,Yes,Yes,X,Yes,X,X,X,Yes,Yes,X,Porcelain and Ceramic,,,,,LTL
AUR-WHT-DEC-C,AURORA WHITE DECO 1240 C (29 X 100 IBA DEC.MISTERY WHITE C),AURORA WHITE DECO 1240 C,Aurora,Ceramic,"5/16""",,Matte,Loose,"11.4x39.4""",3.119,sf,box,2 pcs/box,6.240,8.0,11.4,39.4,2,50.0,V2 (slight),1,Rectified,X,Yes,Yes,X,Yes,X,X,X,Yes,Yes,X,Porcelain and Ceramic,,,,,LTL
BEA-FOG-1236,Beach Fog 12x36 (30 X 90 IBA STRATA LIGHT),BEACH FOG 12X36,Beach,Ceramic,"3/8""",9.8,Matte,Loose,"12x35.4""",2.91,sf,box,4 pcs/box,11.63,3.5,12,35,4,40.1,V4,14, Rectified  ,X,Yes,Yes,X,Yes,X,X,X,Yes,Yes,,Porcelain and Ceramic,,,,,LTL
BEA-FOG-2424,Beach Fog 24x24 (60 X 60 IBA STRATA LIGHT),BEACH FOG 24X24,Beach,Porcelain,"3/8""",9,Matte,Loose, 24”x24”,3.88,sf,box,3 pcs/box,11.63,4.0,24,24,3,46.0,V4,17, Rectified  ,Yes,Yes,Yes,Yes,Yes,X,Yes,Yes,Yes,Yes,Yes,Porcelain and Ceramic,,,,,LTL
BEA-FOG-DEC-1236,Beach Fog Deco 12x36 (30 X 90  IBA STRATA CONCEPT LIGHT),BEACH FOG DECO 12X36,Beach,Ceramic,"7/16""",10.4,Matte,Loose,"12x35.4""",2.91,sf,box,4 pcs/box,11.63,3.2,12,35,4,37.7,V4,6, Rectified  ,X,Yes,Yes,X,Yes,X,X,X,Yes,Yes,,Porcelain and Ceramic,,,,,LTL
BEA-FOG-MOS,30 X 30 IBA MOS STRATA LIGHT,BEACH FOG MOSAIC 2X2,Beach,Porcelain,"3/8""",9,Matte,Mesh Mounted,"11.81x11.81""",0.96,sheet,sheet,11 pcs/box,10.66,4.0,11.81,11.81,11,43.8,,17, Rectified  ,Yes,Yes,Yes,Yes,Yes,Yes,Yes,Yes,Yes,Yes,Yes,Porcelain and Ceramic,,,,,
BEA-SAN-1236,30 X 90 IBA STRATA BEIGE,BEACH SAND 12X36,Beach,Ceramic,"3/8""",9.8,Matte,Loose,"12x35.4""",2.91,sf,box,4 pcs/box,11.63,3.5,12,35,4,40.1,V4,14, Rectified  ,X,Yes,Yes,X,Yes,X,X,X,Yes,Yes,,Porcelain and Ceramic,,,,,LTL
BEA-SAN-2424,Beach Sand 24x24 (60 X 60 IBA STRATA BEIGE),BEACH SAND 24X24,Beach,Porcelain,"3/8""",9,Matte,Loose,24”x24”,3.88,sf,box,3 pcs/box,11.63,4.0,24,24,3,47.0,V4,17, Rectified  ,Yes,Yes,Yes,Yes,Yes,X,Yes,Yes,Yes,Yes,Yes,Porcelain and Ceramic,,,,,LTL
BEA-SAN-DEC-1236,30 X 90 IBA STRATA CONCEPT BEIGE,BEACH SAND DECO 12X36,Beach,Ceramic,"7/16""",10.4,Matte,Loose,"12x35.4""",2.91,sf,box,4 pcs/box,11.63,3.2,12,35,4,37.7,V4,6, Rectified  ,X,Yes,Yes,X,Yes,X,X,X,Yes,Yes,,Porcelain and Ceramic,,,,,LTL
BEA-SAN-MOS,30 X 30 IBA MOS STRATA BEIGE,BEACH SAND MOSAIC 2X2,Beach,Porcelain,"3/8""",9,Matte,Mesh Mounted,"11.81x11.81""",0.96,sheet,sheet,11 pcs/box,10.66,4.0,11.81,11.81,11,43.8,,17, Rectified  ,Yes,Yes,Yes,Yes,Yes,Yes,Yes,Yes,Yes,Yes,Yes,Porcelain and Ceramic,,,,,
BTN-AQUA,MI 3 / ACQUAMARINA   20X20              ,BEATNIK ACQUAMARINA  ,Beatnik,Porcelain,"5/16""",8.5,Glossy,Loose,"7.87X7.87""",0.430,sf,box,29 pcs/box,12.486,3.6,7.87,7.87,29,45.0,V2 (slight),20,Pressed,Yes,Yes,Yes,Yes,Yes,X,Yes,Yes,Yes,Yes,X,Porcelain and Ceramic,45,561.876,2068,,LTL2SM
BTN-AML-BRK,"30X30 MAJESTIC BRUNO ALICANTE (MI 4 / AMLA BRICK 7,5X40)",BEATNIK AMLA BRICK ,Beatnik,Porcelain,"5/16""",8.5,Matte,Loose,"2.95x15.75""",0.323,sf,box,44 pcs/box,14.208,3.7,2.95,15.75,44,53.2,V2 (slight),20,Pressed,Yes,Yes,Yes,Yes,Yes,Yes,Yes,Yes,Yes,Yes,Yes,Porcelain and Ceramic,36,511.5,1956,,LTL2SM
BTN-ARMA,MI 9 / ARMADILLO            20X20       ,BEATNIK ARMADILLO ,Beatnik,Porcelain,"5/16""",8.5,Glossy,Loose,"7.87X7.87""",0.430,sf,box,29 pcs/box,12.486,3.6,7.87,7.87,29,45.0,V2 (slight),20,Pressed,Yes,Yes,Yes,Yes,Yes,X,Yes,Yes,Yes,Yes,X,Porcelain and Ceramic,45,561.876,2068,,LTL2SM
BTN-CAL-BRK,"Beatnik CALCE BRICK (MI 10 / CALCE BRICK 7,5X40)",BEATNIK CALCE BRICK,Beatnik,Porcelain,"5/16""",8.5,Matte,Loose,"2.95x15.75""",0.323,sf,box,44 pcs/box,14.208,3.7,2.95,15.75,44,53.2,V2 (slight),20,Pressed,Yes,Yes,Yes,Yes,Yes,Yes,Yes,Yes,Yes,Yes,Yes,Porcelain and Ceramic,36,511.5,1956,,LTL2SM
BTN-CEM-BRK,"MI 5 / CEMENTO BRICK     7,5X40         ",BEATNIK CEMENTO BRICK ,Beatnik,Porcelain,"5/16""",8.5,Matte,Loose,"2.95x15.75""",0.323,sf,box,44 pcs/box,14.208,3.7,2.95,15.75,44,53.2,V2 (slight),20,Pressed,Yes,Yes,Yes,Yes,Yes,Yes,Yes,Yes,Yes,Yes,Yes,Porcelain and Ceramic,36,511.5,1956,,LTL2SM
BTN-CER-DEC,CERCHI / MI                       20X20 ,BEATNIK CERCHI DECO,Beatnik,Porcelain,"5/16""",8.5,"Matte, Glossy",Loose,"7.87X7.87""",0.430,sf,box,29 pcs/box,12.486,3.6,7.87,7.87,29,45.0,V2 (slight),1,Pressed,Yes,Yes,Yes,Yes,Yes,X,Yes,Yes,Yes,Yes,X,Porcelain and Ceramic,45,561.876,2068,,LTL2SM
BTN-COM-DEC,COMBINAZIONI / MI      20X20            ,BEATNIK COMBINAZIONI DECO,Beatnik,Porcelain,"5/16""",8.5,"Matte, Glossy",Loose,"7.87X7.87""",0.430,sf,box,29 pcs/box,12.486,3.6,7.87,7.87,29,45.0,V2 (slight),3,Pressed,Yes,Yes,Yes,Yes,Yes,X,Yes,Yes,Yes,Yes,X,Porcelain and Ceramic,45,561.876,2068,,LTL2SM
BTN-FOR-DEC,Beatnik FORME DECO (FORME / MI 20X20),BEATNIK FORME DECO,Beatnik,Porcelain,"5/16""",8.5,"Matte, Glossy",Loose,"7.87X7.87""",0.430,sf,box,29 pcs/box,12.486,3.6,7.87,7.87,29,45.0,V2 (slight),9,Pressed,Yes,Yes,Yes,Yes,Yes,X,Yes,Yes,Yes,Yes,X,Porcelain and Ceramic,45,561.876,2068,,LTL2SM
BTN-IPA-DEC,Beatnik IPANEMA DECO (IPANEMA / MI 20X20),BEATNIK IPANEMA DECO,Beatnik,Porcelain,"5/16""",8.5,"Matte, Glossy",Loose,"7.87X7.87""",0.430,sf,box,29 pcs/box,12.486,3.6,7.87,7.87,29,45.0,V2 (slight),1,Pressed,Yes,Yes,Yes,Yes,Yes,X,Yes,Yes,Yes,Yes,X,Porcelain and Ceramic,45,561.876,2068,,LTL2SM
BTN-NUV,Beatnik NUVOLA (MI 10 / NUVOLA 20x20),BEATNIK NUVOLA,Beatnik,Porcelain,"5/16""",8.5,Glossy,Loose,"7.87X7.87""",0.430,sf,box,29 pcs/box,12.486,4.3,7.87,7.87,29,53.2,V2 (slight),20,Pressed,Yes,Yes,Yes,Yes,Yes,X,Yes,Yes,Yes,Yes,X,Porcelain and Ceramic,45,561.876,2068,,LTL2SM
BTN-PERL,Beatnik PERLA (MI 11 / PERLA 20x20),BEATNIK PERLA,Beatnik,Porcelain,"5/16""",8.5,Glossy,Loose,"7.87X7.87""",0.430,sf,box,29 pcs/box,12.486,4.3,7.87,7.87,29,53.2,V2 (slight),20,Pressed,Yes,Yes,Yes,Yes,Yes,X,Yes,Yes,Yes,Yes,X,Porcelain and Ceramic,45,561.876,2068,,LTL2SM
BTN-PESC,MI 6 / PESCA                       20X20,BEATNIK PESCA,Beatnik,Porcelain,"5/16""",8.5,Glossy,Loose,"7.87X7.87""",0.430,sf,box,29 pcs/box,12.486,3.6,7.87,7.87,29,45.0,V2 (slight),20,Pressed,Yes,Yes,Yes,Yes,Yes,X,Yes,Yes,Yes,Yes,X,Porcelain and Ceramic,45,561.876,2068,,LTL2SM
BTN-PET-88,Beatnik Petal 8x8 (20x20 Alqueria),Beatnik Petal 8x8,Beatnik,Porcelain,"9/32""",7mm,Textured,Loose,"7.87x7.87""",0.431,sf,box,35,15.069,3.3,7.874,7.874,35,49.6,V3,16,Pressed,Yes,Yes,Yes,Yes,Yes,Yes,Yes,Yes,Yes,Yes,Yes,Porcelain and Ceramic,60,904.17,2976,,LTL2SM
BTN-PLD-88,Beatnik Plaid 8x8 (20x20 POBLET),Beatnik Plaid 8x8,Beatnik,Porcelain,"9/32""",7mm,Textured,Loose,"7.87x7.87""",0.431,sf,box,35,15.069,3.3,7.874,7.874,35,49.6,V3,16,Pressed,Yes,Yes,Yes,Yes,Yes,Yes,Yes,Yes,Yes,Yes,Yes,Porcelain and Ceramic,60,904.17,2976,,LTL2SM
BTN-SAG-DEC,Beatnik SAGOME DECO (SAGOME / MI 20X20),BEATNIK SAGOME DECO,Beatnik,Porcelain,"5/16""",8.5,"Matte, Glossy",Loose,"7.87X7.87""",0.430,sf,box,29 pcs/box,12.486,3.6,7.87,7.87,29,45.0,V2 (slight),3,Pressed,Yes,Yes,Yes,Yes,Yes,X,Yes,Yes,Yes,Yes,X,Porcelain and Ceramic,45,561.876,2068,,LTL2SM
BTN-SOI-BRK,"MI 1 / SOIA BRICK               7,5X40  ",BEATNIK SOIA BRICK,Beatnik,Porcelain,"5/16""",8.5,Matte,Loose,"2.95x15.75""",0.323,sf,box,44 pcs/box,14.208,3.7,2.95,15.75,44,53.2,V2 (slight),20,Pressed,Yes,Yes,Yes,Yes,Yes,Yes,Yes,Yes,Yes,Yes,Yes,Porcelain and Ceramic,36,511.5,1956,,LTL2SM
BTN-SOT,Beatnik SOTTOBOSCO (MI 22 / SOTTOBOSCO 20X20),BEATNIK SOTTOBOSCO    ,Beatnik,Porcelain,"5/16""",8.5,Glossy,Loose,"7.87X7.87""",0.430,sf,box,29 pcs/box,12.486,4.3,7.87,7.87,29,53.2,V2 (slight),20,Pressed,Yes,Yes,Yes,Yes,Yes,X,Yes,Yes,Yes,Yes,X,Porcelain and Ceramic,45,561.876,2068,,LTL2SM
BTN-TEA-BRK,"MI 22 / TE' BRICK                7,5X40 ",BEATNIK TEA BRICK,Beatnik,Porcelain,"5/16""",8.5,Matte,Loose,"2.95x15.75""",0.323,sf,box,44 pcs/box,14.208,3.7,2.95,15.75,44,53.2,V2 (slight),20,Pressed,Yes,Yes,Yes,Yes,Yes,Yes,Yes,Yes,Yes,Yes,Yes,Porcelain and Ceramic,36,511.5,1956,,LTL2SM
BTN-TER-BRK,"Beatnik TERRA BRICK (MI 6 / TERRA BRICK 7,5X40)",BEATNIK TERRA BRICK,Beatnik,Porcelain,"5/16""",8.5,Matte,Loose,"2.95x15.75""",0.323,sf,box,44 pcs/box,14.208,3.7,2.95,15.75,44,53.2,V2 (slight),20,Pressed,Yes,Yes,Yes,Yes,Yes,Yes,Yes,Yes,Yes,Yes,Yes,Porcelain and Ceramic,36,511.5,1956,,LTL2SM
BTN-TRA-DEC,Beatnik TRACCE DECO (BTN-TRA-DEC),BEATNIK TRACCE DECO,Beatnik,Porcelain,"5/16""",8.5,"Matte, Glossy",Loose,"7.87X7.87""",0.430,sf,box,29 pcs/box,12.486,3.6,7.87,7.87,29,45.0,V2 (slight),1,Pressed,Yes,Yes,Yes,Yes,Yes,X,Yes,Yes,Yes,Yes,X,Porcelain and Ceramic,45,561.876,2068,,LTL2SM
BER-WHT,Kuspis VA905 white,BERMUDA  WHITE,Bermuda,Ceramic,"3/8""",9.5,Crackle,Loose,"3.94x11.81""",0.323,sf,box,33 pcs/box,10.656,3.4,3.94,11.81,33,36.6,V2 (slight),1,Pressed,X,Yes,X,X,Yes,X,Yes,X,Yes,Yes,X,Porcelain and Ceramic,,,,,LTL2SM
BER-GRN,Kuspis VA941 aqua,BERMUDA GREEN,Bermuda,Ceramic,"3/8""",9.5,Crackle,Loose,"3.94x11.81""",0.323,sf,box,33 pcs/box,10.656,3.4,3.94,11.81,33,36.6,V2 (slight),1,Pressed,X,Yes,X,X,Yes,X,Yes,X,Yes,Yes,X,Porcelain and Ceramic,,,,,LTL2SM
BER-SND,Kuspis VA900 beige,BERMUDA SAND,Bermuda,Ceramic,"3/8""",9.5,Crackle,Loose,"3.94x11.81""",0.323,sf,box,33 pcs/box,10.656,3.4,3.94,11.81,33,36.6,V2 (slight),1,Pressed,X,Yes,X,X,Yes,X,Yes,X,Yes,Yes,X,Porcelain and Ceramic,,,,,LTL2SM
BER-SKY,Kuspis VA956 grigio/grey,BERMUDA SKY,Bermuda,Ceramic,"3/8""",9.5,Crackle,Loose,"3.94x11.81""",0.323,sf,box,33 pcs/box,10.656,3.4,3.94,11.81,33,36.6,V2 (slight),1,Pressed,X,Yes,X,X,Yes,X,Yes,X,Yes,Yes,X,Porcelain and Ceramic,,,,,LTL2SM
BIL-BLU,RAP BLU 17X40,BILTMORE BLUE,Biltmore,Porcelain,"7/16""",10.5,GLOSS,Loose, 6.7 x 15.7,0.729,sf,box,13,9.47,4.2,6.70,15.7,13,39.7,V2 (slight),,NON RECTIFIED,Yes,Yes,X,X,Yes,X,Yes,X,Yes,Yes,X,Porcelain and Ceramic,,,,,LTL2SM
BIL-GLD,RAP GOLD 17X40 ,BILTMORE GOLD,Biltmore,Porcelain,"7/16""",10.5,METALLIC,Loose, 6.7 x 15.7,0.729,sf,box,13,9.47,4.2,6.70,15.7,13,39.7,V2 (slight),,NON RECTIFIED,Yes,Yes,X,X,Yes,X,Yes,X,Yes,Yes,X,Porcelain and Ceramic,,,,,LTL2SM
BIL-GRN,RAP GREEN 17X40,BILTMORE GREEN,Biltmore,Porcelain,"7/16""",10.5,GLOSS,Loose, 6.7 x 15.7,0.729,sf,box,13,9.47,4.2,6.70,15.7,13,39.7,V2 (slight),,NON RECTIFIED,Yes,Yes,X,X,Yes,X,Yes,X,Yes,Yes,X,Porcelain and Ceramic,,,,,LTL2SM
BIL-SIL,RAP SILVER  17X40,BILTMORE SILVER,Biltmore,Porcelain,"7/16""",10.5,METALLIC,Loose, 6.7 x 15.7,0.729,sf,box,13,9.47,4.2,6.70,15.7,13,39.7,V2 (slight),,NON RECTIFIED,Yes,Yes,X,X,Yes,X,Yes,X,Yes,Yes,X,Porcelain and Ceramic,,,,,LTL2SM
BIL-WHT,RAP WHITE  17X40,BILTMORE WHITE,Biltmore,Porcelain,"7/16""",10.5,GLOSS,Loose, 6.7 x 15.7,0.729,sf,box,13,9.47,4.2,6.70,15.7,13,39.7,V2 (slight),,NON RECTIFIED,Yes,Yes,X,X,Yes,X,Yes,X,Yes,Yes,X,Porcelain and Ceramic,,,,,LTL2SM
BRZ-GR-1240,TANGO GREY,BREEZE GREY,Breeze,Ceramic,"5/16""",,Matte,Loose,"11.7x39.2""",3.185,sf,box,6 pcs/box,19.110,2.8,0,39.2,6,53.0,V2 (slight),,Pressed,X,Yes,Yes,X,Yes,Yes,Yes,X,Yes,Yes,X,Porcelain and Ceramic,,,,,LTL
BRZ-GR-DEC,BREEZE GREY DECO (TANGO GREY WAVE ),BREEZE GREY DECO,Breeze,Ceramic,"5/16""",,Matte,Loose,"11.7x39.2""",3.185,sf,box,5 pcs/box,15.930,2.8,0,39.2,5,45.0,V2 (slight),,Pressed,X,Yes,Yes,X,Yes,X,X,X,Yes,Yes,X,Porcelain and Ceramic,,,,,LTL
BRZ-IVR-1240,TANGO IVORY,BREEZE IVORY,Breeze,Ceramic,"5/16""",,Matte,Loose,"11.7x39.2""",3.185,sf,box,6 pcs/box,19.110,2.8,0,39.2,6,53.0,V2 (slight),,Pressed,X,Yes,Yes,X,Yes,Yes,Yes,X,Yes,Yes,X,Porcelain and Ceramic,,,,,LTL
BRZ-IVR-DEC,BREEZE IVORY DECO (TANGO IVORY WAVE),BREEZE IVORY DECO,Breeze,Ceramic,"5/16""",,Matte,Loose,"11.7x39.2""",3.185,sf,box,5 pcs/box,15.930,2.8,0,39.2,5,45.0,V2 (slight),,Pressed,X,Yes,Yes,X,Yes,X,X,X,Yes,Yes,X,Porcelain and Ceramic,,,,,LTL
BUN-BTY,Bungallow Bounty 5x40,BUNGALOW BOUNTY,Bungalow,Ceramic,"5/16""",8.3,Glossy,," 2x16""",0.215,sf,box,50,10.764,3.0,2,16,50,32.8,,8,Pressed,X,Yes,X,X,Yes,X,Yes,X,Yes,Yes,X,Porcelain and Ceramic,,,,,LTL2SM
BUN-CAL-HON,Bungallow Calahonda 5x40,BUNGALOW CALA HONDA,Bungalow,Ceramic,"5/16""",8.3,Glossy,," 2x16""",0.215,sf,box,50,10.764,3.0,2,16,50,32.8,,8,Pressed,X,Yes,X,X,Yes,X,Yes,X,Yes,Yes,X,Porcelain and Ceramic,,,,,LTL2SM
BUN-GLD,Decor Bungallow Gold  5x40,BUNGALOW GOLD ,Bungalow,Ceramic,"5/16""",8.3,Glossy,," 2x16""",0.215,sf,box,50,10.764,3.0,2,16,50,32.8,,8,Pressed,X,Yes,X,X,Yes,X,Yes,X,Yes,Yes,X,Porcelain and Ceramic,,,,,LTL2SM
BUN-NIK,Bungallow Nikki  5x40,BUNGALOW NIKKI,Bungalow,Ceramic,"5/16""",8.3,Glossy,," 2x16""",0.215,sf,box,50,10.764,3.0,2,16,50,32.8,,8,Pressed,X,Yes,X,X,Yes,X,Yes,X,Yes,Yes,X,Porcelain and Ceramic,,,,,LTL2SM
BUN-PIN-MAR,Bungallow Pinomar  5x40,BUNGALOW PINO MAR,Bungalow,Ceramic,"5/16""",8.3,Glossy,," 2x16""",0.215,sf,box,50,10.764,3.0,2,16,50,32.8,,8,Pressed,X,Yes,X,X,Yes,X,Yes,X,Yes,Yes,X,Porcelain and Ceramic,,,,,LTL2SM
BUN-PLT,Decor Bungallow Platinum 5x40,BUNGALOW PLATINUM,Bungalow,Ceramic,"5/16""",8.3,Glossy,," 2x16""",0.215,sf,box,50,10.764,3.0,2,16,50,32.8,,8,Pressed,X,Yes,X,X,Yes,X,Yes,X,Yes,Yes,X,Porcelain and Ceramic,,,,,LTL2SM
BUN-VEN,Bungallow Venus 5x40,BUNGALOW VENUS,Bungalow,Ceramic,"5/16""",8.3,Glossy,," 2x16""",0.215,sf,box,50,10.764,3.0,2,16,50,32.8,,8,Pressed,X,Yes,X,X,Yes,X,Yes,X,Yes,Yes,X,Porcelain and Ceramic,,,,,LTL2SM
CAT-CAB,"CATALINA CABANA (22,3X22,3 LLEVANT YELLOW FLOWER)",CATALINA CABANA,Catalina,Porcelain,"3/8""",9 mm,"Matte, Glossy",Loose,"8.78x8.78""",0.535,sf,box,13 pcs/box,6.959,4.0,8.78,8.78,13,27.7,,5,non rectified,Yes,Yes,Yes,Yes,Yes,Yes,Yes,Yes,Yes,Yes,Yes,Porcelain and Ceramic,,,,,LTL2SM
CAT-CHC,Pangea Chocolate,CATALINA CHOCOLATE,Catalina,Porcelain,"3/8""",9 mm,Matte,Loose,"8.78x8.78""",0.535,sf,box,13 pcs/box,6.959,4.0,8.78,8.78,13,27.7,,40,non rectified,Yes,Yes,Yes,Yes,Yes,Yes,Yes,Yes,Yes,Yes,Yes,Porcelain and Ceramic,,,,,LTL2SM
CAT-CHC-DOT,Pangea Chocolate Spot,CATALINA CHOCOLATE DOT,Catalina,Porcelain,"3/8""",9 mm,"Matte, Glossy",Loose,"8.78x8.78""",0.535,sf,box,13 pcs/box,6.959,4.0,8.78,8.78,13,27.7,,40,non rectified,Yes,Yes,Yes,Yes,Yes,Yes,Yes,Yes,Yes,Yes,Yes,Porcelain and Ceramic,,,,,LTL2SM
CAT-CHC-FLW,"CATALINA CHOCOLATE FLOWER (22,3X22,3 PANGEA CHOCOLATE FLOWER)",CATALINA CHOCOLATE FLOWER,Catalina,Porcelain,"3/8""",9 mm,"Matte, Glossy",Loose,"8.78x8.78""",0.535,sf,box,13 pcs/box,6.959,4.0,8.78,8.78,13,27.7,,40,non rectified,Yes,Yes,Yes,Yes,Yes,Yes,Yes,Yes,Yes,Yes,Yes,Porcelain and Ceramic,,,,,LTL2SM
CAT-CLY-PET,"CATALINA CLAY PETALS (22,3X22,3 LLEVANT CLAY PETALS)",CATALINA CLAY PETALS,Catalina,Porcelain,"3/8""",9 mm,"Matte, Glossy",Loose,"8.78x8.78""",0.535,sf,box,13 pcs/box,6.959,4.0,8.78,8.78,13,27.7,,5,non rectified,Yes,Yes,Yes,Yes,Yes,Yes,Yes,Yes,Yes,Yes,Yes,Porcelain and Ceramic,,,,,LTL2SM
CAT-HAR,"CATALINA HARBOR (22,3X22,3 LLEVANT TAUPE CROSS)",CATALINA HARBOR,Catalina,Porcelain,"3/8""",9 mm,"Matte, Glossy",Loose,"8.78x8.78""",0.535,sf,box,13 pcs/box,6.959,4.0,8.78,8.78,13,27.7,,5,non rectified,Yes,Yes,Yes,Yes,Yes,Yes,Yes,Yes,Yes,Yes,Yes,Porcelain and Ceramic,,,,,LTL2SM
CAT-SND,"CATALINA SAND (22,3X22,3 PANGEA SAND)",CATALINA SAND,Catalina,Porcelain,"3/8""",9 mm,Matte,Loose,"8.78x8.78""",0.535,sf,box,13 pcs/box,6.959,4.0,8.78,8.78,13,27.7,,40,non rectified,Yes,Yes,Yes,Yes,Yes,Yes,Yes,Yes,Yes,Yes,Yes,Porcelain and Ceramic,,,,,LTL2SM
CAT-SND-DOT,"CATALINA SAND DOT (22,3X22,3 PANGEA SAND SPOT)",CATALINA SAND DOT,Catalina,Porcelain,"3/8""",9 mm,"Matte, Glossy",Loose,"8.78x8.78""",0.535,sf,box,13 pcs/box,6.959,4.0,8.78,8.78,13,27.7,,40,non rectified,Yes,Yes,Yes,Yes,Yes,Yes,Yes,Yes,Yes,Yes,Yes,Porcelain and Ceramic,,,,,LTL2SM
CAT-SND-FLW,"CATALINA SAND FLOWER (22,3X22,3 PANGEA SAND FLOWER)",CATALINA SAND FLOWER,Catalina,Porcelain,"3/8""",9 mm,"Matte, Glossy",Loose,"8.78x8.78""",0.535,sf,box,13 pcs/box,6.959,4.0,8.78,8.78,13,27.7,,40,non rectified,Yes,Yes,Yes,Yes,Yes,Yes,Yes,Yes,Yes,Yes,Yes,Porcelain and Ceramic,,,,,LTL2SM
CAT-STR-BLK,Catalina Star Black (FS STARLIGHT BLACK),CATALINA STAR BLACK,Catalina,Porcelain,"3/8""",9 mm,Matte-Layer Tech,Loose,"8.78x8.78""",0.535,sf,box,13 pcs/box,6.959,4.0,8.78,8.78,13,27.7,V2,40,Straight,Yes,Yes,Yes,Yes,Yes,Yes,Yes,Yes,Yes,Yes,Yes,Porcelain and Ceramic,,,,,LTL2SM
CAT-STR-BLU,Catalina Star Blue (FS STARLIGHT BLUE ),CATALINA STAR BLUE,Catalina,Porcelain,"3/8""",9 mm,Matte-Layer Tech,Loose,"8.78x8.78""",0.535,sf,box,13 pcs/box,6.959,4.0,8.78,8.78,13,27.7,V2,40,Straight,Yes,Yes,Yes,Yes,Yes,Yes,Yes,Yes,Yes,Yes,Yes,Porcelain and Ceramic,,,,,LTL2SM
CAT-STR-SAG,Catalina Star Sage (FS STARLIGHT SAGE),CATALINA STAR SAGE,Catalina,Porcelain,"3/8""",9 mm,Matte-Layer Tech,Loose,"8.78x8.78""",0.535,sf,box,13 pcs/box,6.959,4.0,8.78,8.78,13,27.7,V2,40,Straight,Yes,Yes,Yes,Yes,Yes,Yes,Yes,Yes,Yes,Yes,Yes,Porcelain and Ceramic,,,,,LTL2SM
CAT-STR-WHT,Catalina Star White (FS STARLIGHT WHITE),CATALINA STAR WHITE,Catalina,Porcelain,"3/8""",9 mm,Matte-Layer Tech,Loose,"8.78x8.78""",0.535,sf,box,13 pcs/box,6.959,4.0,8.78,8.78,13,27.7,V2,40,Straight,Yes,Yes,Yes,Yes,Yes,Yes,Yes,Yes,Yes,Yes,Yes,Porcelain and Ceramic,,,,,LTL2SM
CEL-BLK,C-Black 8”x8”,CELESTIAL BLACK,Celestial,Porcelain,0.34,8.7,Matte,Loose,7.87x7.87,0.431,sf,box,15 pcs/box,6.458,3.9,7.874,7.874,15,25.3,V4 (Substantial),30,Pressed,Yes,Yes,Yes,Yes,Yes,Yes,Yes,X,Yes,Yes,Yes,Porcelain and Ceramic,116,749.128,2934.8,,LTL
CEL-BLK-COM,Celestial Black Compass (CELESTIAL COMPASS 20X20 BLACK),CELESTIAL BLACK COMPASS,Celestial,Porcelain,0.34,8.7,Matte,Loose,7.87x7.87,0.431,sf,box,15 pcs/box,6.458,3.9,7.874,7.874,15,25.3,V4 (Substantial),30,Pressed,Yes,Yes,Yes,Yes,Yes,Yes,Yes,X,Yes,Yes,Yes,Porcelain and Ceramic,116,749.128,2934.8,,LTL
CEL-BLU,Celestial Blue (CELESTIAL 20X20 BLUE),CELESTIAL BLUE,Celestial,Porcelain,0.34,8.7,Matte,Loose,7.87x7.87,0.431,sf,box,15 pcs/box,6.458,3.9,7.874,7.874,15,25.3,V4 (Substantial),30,Pressed,Yes,Yes,Yes,Yes,Yes,Yes,Yes,X,Yes,Yes,Yes,Porcelain and Ceramic,116,749.128,2934.8,,LTL
CEL-BLU-COM,Celestial Blue Compass (CELESTIAL COMPASS 20X20 BLUE),CELESTIAL BLUE COMPASS,Celestial,Porcelain,0.34,8.7,Matte,Loose,7.87x7.87,0.431,sf,box,15 pcs/box,6.458,3.9,7.874,7.874,15,25.3,V4 (Substantial),30,Pressed,Yes,Yes,Yes,Yes,Yes,Yes,Yes,X,Yes,Yes,Yes,Porcelain and Ceramic,116,749.128,2934.8,,LTL
CEL-NAV,C-Jean 8”x8”,CELESTIAL NAVY,Celestial,Porcelain,0.34,8.7,Matte,Loose,7.87x7.87,0.431,sf,box,15 pcs/box,6.458,3.9,7.874,7.874,15,25.3,V4 (Substantial),30,Pressed,Yes,Yes,Yes,Yes,Yes,Yes,Yes,X,Yes,Yes,Yes,Porcelain and Ceramic,116,749.128,2934.8,,LTL
CEL-NAV-COM,Celestial Navy Compass (CELESTIAL COMPASS 20X20 NAVY),CELESTIAL NAVY COMPASS,Celestial,Porcelain,0.34,8.7,Matte,Loose,7.87x7.87,0.431,sf,box,15 pcs/box,6.458,3.9,7.874,7.874,15,25.3,V4 (Substantial),30,Pressed,Yes,Yes,Yes,Yes,Yes,Yes,Yes,X,Yes,Yes,Yes,Porcelain and Ceramic,116,749.128,2934.8,,LTL
CEL-PNK,C-Pink 8”x8”,CELESTIAL PINK,Celestial,Porcelain,0.34,8.7,Matte,Loose,7.87x7.87,0.431,sf,box,15 pcs/box,6.458,3.9,7.874,7.874,15,25.3,V4 (Substantial),30,Pressed,Yes,Yes,Yes,Yes,Yes,Yes,Yes,X,Yes,Yes,Yes,Porcelain and Ceramic,116,749.128,2934.8,,LTL
CEL-PNK-COM,C-Star Pink 8”x8”,CELESTIAL PINK COMPASS,Celestial,Porcelain,0.34,8.7,Matte,Loose,7.87x7.87,0.431,sf,box,15 pcs/box,6.458,3.9,7.874,7.874,15,25.3,V4 (Substantial),30,Pressed,Yes,Yes,Yes,Yes,Yes,Yes,Yes,X,Yes,Yes,Yes,Porcelain and Ceramic,116,749.128,2934.8,,LTL
CEL-TER,C-Terracotta 8”x8”,CELESTIAL TERRACOTTA,Celestial,Porcelain,0.34,8.7,Matte,Loose,7.87x7.87,0.431,sf,box,15 pcs/box,6.458,3.9,7.874,7.874,15,25.3,V4 (Substantial),30,Pressed,Yes,Yes,Yes,Yes,Yes,Yes,Yes,X,Yes,Yes,Yes,Porcelain and Ceramic,116,749.128,2934.8,,LTL
CEL-TER-COM,Celestial Terracotta Compass (CELESTIAL COMPASS 20X20 TERRACOTA),CELESTIAL TERRACOTTA COMPASS,Celestial,Porcelain,0.34,8.7,Matte,Loose,7.87x7.87,0.431,sf,box,15 pcs/box,6.458,3.9,7.874,7.874,15,25.3,V4 (Substantial),30,Pressed,Yes,Yes,Yes,Yes,Yes,Yes,Yes,X,Yes,Yes,Yes,Porcelain and Ceramic,116,749.128,2934.8,,LTL
CEL-TUR,Celestial Turquoise (CELESTIAL 20X20 TURQUOISE),CELESTIAL TURQUOISE,Celestial,Porcelain,0.34,8.7,Matte,Loose,7.87x7.87,0.431,sf,box,15 pcs/box,6.458,3.9,7.874,7.874,15,25.3,V4 (Substantial),30,Pressed,Yes,Yes,Yes,Yes,Yes,Yes,Yes,X,Yes,Yes,Yes,Porcelain and Ceramic,116,749.128,2934.8,,LTL
CEL-TUR-COM,CELESTIAL COMPASS 20X20 TURQUOISE (CELESTIAL COMPASS 20X20 TURQUOISE),CELESTIAL TURQUOISE COMPASS,Celestial,Porcelain,0.34,8.7,Matte,Loose,7.87x7.87,0.431,sf,box,15 pcs/box,6.458,3.9,7.874,7.874,15,25.3,V4 (Substantial),30,Pressed,Yes,Yes,Yes,Yes,Yes,Yes,Yes,X,Yes,Yes,Yes,Porcelain and Ceramic,116,749.128,2934.8,,LTL
CEL-WHT,Celestial White (CELESTIAL 20X20 WHITE),CELESTIAL WHITE,Celestial,Porcelain,0.34,8.7,Matte,Loose,7.87x7.87,0.431,sf,box,15 pcs/box,6.458,3.9,7.874,7.874,15,25.3,V4 (Substantial),30,Pressed,Yes,Yes,Yes,Yes,Yes,Yes,Yes,X,Yes,Yes,Yes,Porcelain and Ceramic,116,749.128,2934.8,,LTL
CRE-BAS-2616,"Cire Basil 2.6x16 (6,5X40 MANACOR BASIL GREEN)",CIRE BASIL 2.6X16,Cire,Ceramic,5/16,9,Glossy,Loose,"2.56x15.75""",0.283,sf,box,38 pcs/box,10.760,3.2,2.56,15.75,38,34.5,V3 (moderate),,Pressed,X,Yes,Yes,X,Yes,X,Yes,X,Yes,Yes,X,Porcelain and Ceramic,,,,,LTL2SM
CRE-BAS-44,Cire Basil 4x4 (10X10 MANACOR BASIL GREEN),CIRE BASIL 4X4,Cire,Ceramic,5/16,9,Glossy,Loose,"3.94x3.94""",0.108,sf,box,60 pcs/box,6.458,3.0,3.94,3.94,60,19.1,V3 (moderate),,Pressed,X,Yes,Yes,X,Yes,X,Yes,X,Yes,Yes,X,Porcelain and Ceramic,,,,,LTL2SM
CRE-BAS-PEN,"1,2X20 JOLLY MANACOR BASIL GREEN",CIRE BASIL PENCIL,Cire,Ceramic,"9/32""",7.2mm,Glossy,Loose,0.5x7.9,0.027,piece,piece,66 pcs/box,1.782,0.1,0.5,7.9,66,6.6,V3 (moderate),,Pressed,X,Yes,X,X,Yes,X,Yes,X,Yes,Yes,X,Porcelain and Ceramic,,,,,PEN
CRE-BEI-2616,"Cire Beige 2.6x16 (6,5X40 MANACOR BEIGE ARGILE)",CIRE BEIGE 2.6X16,Cire,Ceramic,5/16,9,Glossy,Loose,"2.56x15.75""",0.283,sf,box,38 pcs/box,10.760,3.2,2.56,15.75,38,34.5,V3 (moderate),,Pressed,X,Yes,Yes,X,Yes,X,Yes,X,Yes,Yes,X,Porcelain and Ceramic,,,,,LTL2SM
CRE-BEI-44,Cire Beige 4x4 (10X10 MANACOR BEIGE ARGILE),CIRE BEIGE 4X4,Cire,Ceramic,5/16,9,Glossy,Loose,"3.94x3.94""",0.108,sf,box,60 pcs/box,6.480,2.5,3.94,3.94,60,15.9,V3 (moderate),,Pressed,X,Yes,Yes,X,Yes,X,Yes,X,Yes,Yes,X,Porcelain and Ceramic,,,,,LTL2SM
CRE-BEI-PEN,"1,2X20 JOLLY MANACOR BEIGE ARGILE",CIRE BEIGE PENCIL,Cire,Ceramic,"9/32""",7.2mm,Glossy,Loose,0.5x7.9,0.027,piece,piece,66 pcs/box,1.782,0.1,0.5,7.9,66,6.6,V3 (moderate),,Pressed,X,Yes,X,X,Yes,X,Yes,X,Yes,Yes,X,Porcelain and Ceramic,,,,,PEN
CRE-BLK-2616,"Cire Black 2.6x16 (6,5X40 MANACOR BLACK)",CIRE BLACK 2.6X16,Cire,Ceramic,5/16,9,Glossy,Loose,"2.56x15.75""",0.283,sf,box,38 pcs/box,10.760,3.2,2.56,15.75,38,34.5,V3 (moderate),,Pressed,X,Yes,Yes,X,Yes,X,Yes,X,Yes,Yes,X,Porcelain and Ceramic,,,,,LTL2SM
CRE-BLK-44,Cire Black 4x4 (10X10 MANACOR BLACK),CIRE BLACK 4X4,Cire,Ceramic,5/16,9,Glossy,Loose,"3.94x3.94""",0.108,sf,box,50 pcs/box,5.380,3.0,3.94,3.94,50,15.9,V3 (moderate),,Pressed,X,Yes,Yes,X,Yes,X,Yes,X,Yes,Yes,X,Porcelain and Ceramic,,,,,LTL2SM
CRE-BLK-PEN,"1,2X20 JOLLY MANACOR BLACK",CIRE BLACK PENCIL,Cire,Ceramic,"9/32""",7.2mm,Glossy,Loose,0.5x7.9,0.027,piece,piece,66 pcs/box,1.782,0.1,0.5,7.9,66,6.6,V3 (moderate),,Pressed,X,Yes,X,X,Yes,X,Yes,X,Yes,Yes,X,Porcelain and Ceramic,,,,,PEN
CRE-GLR-2616,"Cire Glacier 2.6x16 (6,5X40 MANACOR GLACIER)",CIRE GLACIER 2.6X16,Cire,Ceramic,5/16,9,Glossy,Loose,"2.56x15.75""",0.283,sf,box,38 pcs/box,10.760,3.2,2.56,15.75,38,34.5,V3 (moderate),,Pressed,X,Yes,Yes,X,Yes,X,Yes,X,Yes,Yes,X,Porcelain and Ceramic,,,,,LTL2SM
CRE-GLR-44,Cire Glacier 4x4 (10X10 MANACOR GLACIER),CIRE GLACIER 4X4,Cire,Ceramic,5/16,9,Glossy,Loose,"3.94x3.94""",0.108,sf,box,60 pcs/box,6.456,2.5,3.94,3.94,60,15.9,V3 (moderate),,Pressed,X,Yes,Yes,X,Yes,X,Yes,X,Yes,Yes,X,Porcelain and Ceramic,,,,,LTL2SM
CRE-GLR-PEN,"1,2X20 JOLLY MANACOR GLACIER",CIRE GLACIER PENCIL,Cire,Ceramic,"9/32""",7.2mm,Glossy,Loose,0.5x7.9,0.027,piece,piece,66 pcs/box,1.782,0.1,0.5,7.9,66,6.6,V3 (moderate),,Pressed,X,Yes,X,X,Yes,X,Yes,X,Yes,Yes,X,Porcelain and Ceramic,,,,,PEN
CRE-MNT-2616,"Cire Mint 2.6x16 (6,5X40 MANACOR MINT)",CIRE MINT 2.6X16,Cire,Ceramic,5/16,9,Glossy,Loose,"2.56x15.75""",0.283,sf,box,38 pcs/box,10.760,3.2,2.56,15.75,38,34.5,V3 (moderate),,Pressed,X,Yes,Yes,X,Yes,X,Yes,X,Yes,Yes,X,Porcelain and Ceramic,,,,,LTL2SM
CRE-MNT-44,Cire Mint 4x4 (10X10 MANACOR MINT),CIRE MINT 4X4,Cire,Ceramic,5/16,9,Glossy,Loose,"3.94x3.94""",0.108,sf,box,60 pcs/box,6.458,3.0,3.94,3.94,60,19.1,V3 (moderate),,Pressed,X,Yes,Yes,X,Yes,X,Yes,X,Yes,Yes,X,Porcelain and Ceramic,,,,,LTL2SM
CRE-MNT-PEN,"1,2X20 JOLLY MANACOR MINT",CIRE MINT PENCIL,Cire,Ceramic,"9/32""",7.2mm,Glossy,Loose,0.5x7.9,0.027,piece,piece,66 pcs/box,1.782,0.1,0.5,7.9,66,6.6,V3 (moderate),,Pressed,X,Yes,X,X,Yes,X,Yes,X,Yes,Yes,X,Porcelain and Ceramic,,,,,PEN
CRE-MOO-2616,"Cire Moon 2.6x16 (6,5X40 MANACOR BLUE MOON)",CIRE MOON 2.6X16,Cire,Ceramic,5/16,9,Glossy,Loose,"2.56x15.75""",0.283,sf,box,38 pcs/box,10.760,3.2,2.56,15.75,38,34.5,V3 (moderate),,Pressed,X,Yes,Yes,X,Yes,X,Yes,X,Yes,Yes,X,Porcelain and Ceramic,,,,,LTL2SM
CRE-MOO-44,Cire Moon 4x4 (10X10 MANACOR BLUE MOON),CIRE MOON 4X4,Cire,Ceramic,5/16,9,Glossy,Loose,"3.94x3.94""",0.108,sf,box,60 pcs/box,6.458,2.5,3.94,3.94,60,15.9,V3 (moderate),,Pressed,X,Yes,Yes,X,Yes,X,Yes,X,Yes,Yes,X,Porcelain and Ceramic,,,,,LTL2SM
CRE-MOO-PEN,"1,2X20 JOLLY MANACOR BLUE MOON",CIRE MOON PENCIL,Cire,Ceramic,"9/32""",7.2mm,Glossy,Loose,0.5x7.9,0.027,piece,piece,66 pcs/box,1.782,0.1,0.5,7.9,66,6.6,V3 (moderate),,Pressed,X,Yes,X,X,Yes,X,Yes,X,Yes,Yes,X,Porcelain and Ceramic,,,,,PEN
CRE-OCN-2616,"Cire Ocean 2.6x16 (6,5X40 MANACOR OCEAN BLUE)",CIRE OCEAN 2.6X16,Cire,Ceramic,5/16,9,Glossy,Loose,"2.56x15.75""",0.283,sf,box,38 pcs/box,10.760,3.2,2.56,15.75,38,34.5,V3 (moderate),,Pressed,X,Yes,Yes,X,Yes,X,Yes,X,Yes,Yes,X,Porcelain and Ceramic,,,,,LTL2SM
CRE-OCN-44,Cire Ocean 4x4 (10X10 MANACOR OCEAN BLUE),CIRE OCEAN 4X4,Cire,Ceramic,5/16,9,Glossy,Loose,"3.94x3.94""",0.108,sf,box,60 pcs/box,6.480,2.5,3.94,3.94,60,15.9,V3 (moderate),,Pressed,X,Yes,Yes,X,Yes,X,Yes,X,Yes,Yes,X,Porcelain and Ceramic,,,,,LTL2SM
CRE-OCN-PEN,"1,2X20 JOLLY MANACOR OCEAN BLUE",CIRE OCEAN PENCIL,Cire,Ceramic,"9/32""",7.2mm,Glossy,Loose,0.5x7.9,0.027,piece,piece,66 pcs/box,1.782,0.1,0.5,7.9,66,6.6,V3 (moderate),,Pressed,X,Yes,X,X,Yes,X,Yes,X,Yes,Yes,X,Porcelain and Ceramic,,,,,PEN
CRE-WHT-2616,"Cire White 2.6x16 (6,5X40 MANACOR WHITE)",CIRE WHITE 2.6X16,Cire,Ceramic,5/16,9,Glossy,Loose,"2.56x15.75""",0.283,sf,box,38 pcs/box,10.760,3.2,2.56,15.75,38,34.5,V3 (moderate),,Pressed,X,Yes,Yes,X,Yes,X,Yes,X,Yes,Yes,X,Porcelain and Ceramic,,,,,LTL2SM
CRE-WHT-44,Cire White 4x4 (10X10 MANACOR WHITE),CIRE WHITE 4X4,Cire,Ceramic,5/16,9,Glossy,Loose,"3.94x3.94""",0.108,sf,box,60 pcs/box,6.458,3.0,3.94,3.94,60,19.1,V3 (moderate),,Pressed,X,Yes,Yes,X,Yes,X,Yes,X,Yes,Yes,X,Porcelain and Ceramic,,,,,LTL2SM
CRE-WHT-PEN,"1,2X20 JOLLY MANACOR WHITE",CIRE WHITE PENCIL,Cire,Ceramic,"9/32""",7.2mm,Glossy,Loose,"0.5x7.9""",0.027,piece,piece,66 pcs/box,1.782,0.1,0.5,7.9,66,6.6,V3 (moderate),,Pressed,X,Yes,X,X,Yes,X,Yes,X,Yes,Yes,X,Porcelain and Ceramic,,,,,PEN
CLS-DEC-TRV-BEI,Classico Deco Travertino Beige (TRAV.DOR.BEIG.R60X120M),CLASSICO DECO TRAVERTINO BEIGE,Classico,Porcelain,"5/16""",9mm,Matte,Loose,"23.7x47.25""",7.777,sf,box,2 pcs/box,15.553,4.2,23.7,47.25,2,65.0,,,rectified,Yes,Yes,X,X,Yes,X,Yes,X,Yes,Yes,X,Porcelain and Ceramic,,,,,LTL
CLS-DEC-TRV-BIA,Classico Deco Travertino Bianco (TRAV.DOR.BIAN.R60X120M),CLASSICO DECO TRAVERTINO BIANCO,Classico,Porcelain,"5/16""",9mm,Matte,Loose,"23.7x47.25""",7.777,sf,box,2 pcs/box,15.553,4.2,23.7,47.25,2,65.0,,,rectified,Yes,Yes,X,X,Yes,X,Yes,X,Yes,Yes,X,Porcelain and Ceramic,,,,,LTL
CLS-STA-2448,Classico Statuario 24x48 (ST.APUAN.SOFT R60X120),CLASSICO STATUARIO 24X48,Classico,Porcelain,"5/16""",9mm,Matte,Loose,"23.7x47.25""",7.777,sf,box,2 pcs/box,15.553,4.2,23.7,47.25,2,65.0,,,rectified,Yes,Yes,Yes,Yes,Yes,Yes,Yes,X,Yes,Yes,Yes,Porcelain and Ceramic,,,,,LTL
CLS-STA-DEC-2448,DORICO STATUARIO APUANO,CLASSICO STATUARIO DECO,Classico,Porcelain,"5/16""",9mm,Matte,Loose,"23.7x47.25""",7.777,sf,box,2 pcs/box,15.553,4.2,23.7,47.25,2,65.0,,,rectified,Yes,Yes,X,X,Yes,X,Yes,X,Yes,Yes,X,Porcelain and Ceramic,,,,,LTL
CLS-TRV-BEI-2448,Classico Travertino Beige (TRAV BEIG.SOF.R60X120M),CLASSICO TRAVERTINO BEIGE,Classico,Porcelain,"5/16""",9mm,Matte,Loose,"23.7x47.25""",7.777,sf,box,2 pcs/box,15.553,4.2,23.7,47.25,2,65.0,,,rectified,Yes,Yes,Yes,Yes,Yes,Yes,Yes,X,Yes,Yes,Yes,Porcelain and Ceramic,,,,,LTL
CLS-TRV-BIA-2448,TRAVERTINO BIANCO SOFT,CLASSICO TRAVERTINO BIANCO,Classico,Porcelain,"5/16""",9mm,Matte,Loose,"23.7x47.25""",7.777,sf,box,2 pcs/box,15.553,4.2,23.7,47.25,2,65.0,,,rectified,Yes,Yes,Yes,Yes,Yes,Yes,Yes,X,Yes,Yes,Yes,Porcelain and Ceramic,,,,,LTL
CLF-BEI-2448,Cliffside Beige 24x48 (60x120 Riverside Beige),Cliffside Beige 24x48,Cliffside,Porcelain,"3/8""",10mm,Matte,Loose,"23.7x47.25""",7.777,sf,box,2,15.5,4.8,23.70,47.25,2,74.0,V1,14,Rectified,Yes,Yes,Yes,Yes,Yes,X,Yes,X,Yes,Yes,Yes,Porcelain and Ceramic,30,465,2192,,LTL
CLF-BEI-MOS,MONTERREY BEIGE 30x30,Cliffside Beige Mosaic,Cliffside,Porcelain,"3/8""",10 mm,Matte,Mesh Mounted,,0.969,sheet,sheet,11,10.764,4.1,11.8,11.8,11,44.0,V2 (slight),,Rectified,X,Yes,Yes,X,Yes,Yes,Yes,Yes,Yes,Yes,X,Porcelain and Ceramic,,,,,
CLF-DEC-BEI-2448,Cliffside Deco Beige 24x48 (CASTLE BEIGE),Cliffside Deco Beige 24x48,Cliffside,Porcelain,"3/8""",10mm,Matte Relief,Loose,"23.7x47.25""",7.777,sf,box,2,15.5,4.8,23.70,47.25,2,74.0,V1,14,Rectified,Yes,Yes,Yes,Yes,Yes,X,Yes,X,Yes,Yes,Yes,Porcelain and Ceramic,30,465,2192,,LTL
CLF-DEC-IVR-2448,Cliffside Deco Ivory 24x48 (CASTLE IVORY),Cliffside Deco Ivory 24x48,Cliffside,Porcelain,"3/8""",10mm,Matte Relief,Loose,"23.7x47.25""",7.777,sf,box,2,15.5,4.8,23.70,47.25,2,74.0,V1,14,Rectified,Yes,Yes,Yes,Yes,Yes,X,Yes,X,Yes,Yes,Yes,Porcelain and Ceramic,30,465,2192,,LTL
CLF-DEC-WHT-2448,Cliffside Deco White 24x48 (CASTLE WHITE),Cliffside Deco White 24x48,Cliffside,Porcelain,"3/8""",10mm,Matte Relief,Loose,"23.7x47.25""",7.777,sf,box,2,15.5,4.8,23.70,47.25,2,74.0,V1,14,Rectified,Yes,Yes,Yes,Yes,Yes,X,Yes,X,Yes,Yes,Yes,Porcelain and Ceramic,30,465,2192,,LTL
CLF-IVR-2448,Cliffside Ivory 24x48 (60x120 Riverside Ivory),Cliffside Ivory 24x48,Cliffside,Porcelain,"3/8""",10mm,Matte,Loose,"23.7x47.25""",7.777,sf,box,2,15.5,4.8,23.70,47.25,2,74.0,V1,14,Rectified,Yes,Yes,Yes,Yes,Yes,X,Yes,X,Yes,Yes,Yes,Porcelain and Ceramic,30,465,2192,,LTL
CLF-IVR-MOS,MONTERREY IVORY 30x30,Cliffside Ivory Mosaic,Cliffside,Porcelain,"3/8""",10 mm,Matte,Mesh Mounted,,0.969,sheet,sheet,11,10.764,4.1,11.8,11.8,11,44.0,V2 (slight),,Rectified,X,Yes,Yes,X,Yes,Yes,Yes,Yes,Yes,Yes,X,Porcelain and Ceramic,,,,,
CLF-WHT-2448,Cliffside White 24x48 (60x120 Riverside White),Cliffside White 24x48,Cliffside,Porcelain,"3/8""",10mm,Matte,Loose,"23.7x47.25""",7.777,sf,box,2,15.5,4.8,23.70,47.25,2,74.0,V1,14,Rectified,Yes,Yes,Yes,Yes,Yes,X,Yes,X,Yes,Yes,Yes,Porcelain and Ceramic,30,465,2192,,LTL
CLF-WHT-MOS,MONTERREY WHITE 30x30 ,Cliffside White Mosaic,Cliffside,Porcelain,"3/8""",10 mm,Matte,Mesh Mounted,,0.969,sheet,sheet,11,10.764,4.1,11.8,11.8,11,44.0,V2 (slight),,Rectified,X,Yes,Yes,X,Yes,Yes,Yes,Yes,Yes,Yes,X,Porcelain and Ceramic,,,,,
COS-BOR-CON-1648,40 X 120 IBA BORGHINI CONCEPT GOLD VECC,COSMOPOLITAN BORGHINI CONCEPT 16X48,Cosmopolitan,Ceramic,"13/32""",10.5,Matte,Loose,"15.75x47.26""",5.168,sf,box,3 pcs/box,15.500,3.4,15.75,47.25,3,52.0,V3 (moderate),12,,X,Yes,X,X,Yes,X,Yes,X,Yes,Yes,X,Porcelain and Ceramic,20,310,1081,,LTL
COS-GLD-1648,Cosmopolitan Borghini Gold 16x48 (40 X 120 IBA BORGHINI GOLD VECCHIO),COSMOPOLITAN BORGHINI GOLD 16X48,Cosmopolitan,Ceramic,"13/32""",10,Matte,Loose,"15.75x47.25""",5.168,sf,box,3 pcs/box,15.500,3.5,15.75,47.25,3,54.0,V3 (moderate),12,,X,Yes,Yes,X,Yes,X,Yes,X,Yes,Yes,X,Porcelain and Ceramic,20,310,1118,,LTL
COS-GLD-2448,Cosmopolitan Borghini Gold 24x48 (120 X 60 IBA BORGHINI GOLD STARLIGHT),COSMOPOLITAN BORGHINI GOLD 24X48,Cosmopolitan,Porcelain,"13/32""",10.5,Polished,Loose,"47.25x23.6""",7.750,sf,box,2 pcs/bpx,15.500,5.1,47.25,23.6,2,79.0,V3 (moderate),12,,Yes,Yes,Yes,Yes,Yes,X,Yes,X,Yes,Yes,Yes,Porcelain and Ceramic,27,418.5,2163,,LTL
COS-BOR-MOS,Cosmopolitan Borghini Mosaic (25 X 29 IBA SAIL BORGHINI GOLD VECCHIO),COSMOPOLITAN BORGHINI MOSAIC,Cosmopolitan,Porcelain,"13/32""",10.5,Matte,Mesh,"9.85x11.4""",0.780,sheet,sheet,11 pcs/box,8.58,3.0,9.85,11.4,11,33.0,V3 (moderate),,,Yes,Yes,Yes,Yes,Yes,Yes,Yes,X,Yes,Yes,Yes,Porcelain and Ceramic,,,,,
COS-CHV-2448,Cosmopolitan Chevron Deco 24x48 (120 X 60 IBA BORGHINI DECOR GOLD STARLIGHT ),COSMOPOLITAN CHEVRON DECO 24X48,Cosmopolitan,Porcelain,"13/32""",10.5,Polished,Loose,"47.25x23.7""",7.750,sf,box,1 pcs/bpx,7.750,5.3,47.25,23.6,1,41.0,V3 (moderate),12,,X,Yes,X,X,Yes,X,Yes,X,Yes,Yes,X,Porcelain and Ceramic,39,302.25,1574,,LTL
COS-LVS-1648,Cosmopolitan Leaves Deco 16x48 (40 X 120 IBA INVISIBLE DECOR WHITE VECCHIO SET 2),COSMOPOLITAN LEAVES DECO 16X48,Cosmopolitan,Ceramic,"13/32""",10.5,3rd Fired,Loose,"15.75x47.26""",5.168,sf,box,2 pcs/box,10.336,3.9,15.75,47.25,2,40.0,V3 (moderate),2,,X,Yes,X,X,Yes,X,Yes,X,Yes,Yes,X,Porcelain and Ceramic,,,,,LTL
COS-MLD-2448,Cosmopolitan Melody Deco 24x48 (120 X 60 IBA INVISIBLE DECOR WHITE STARLIGHT),COSMOPOLITAN MELODY DECO 24X48,Cosmopolitan,Porcelain,"13/32""",10.5,Polished,Loose,"47.25x23.7""",7.750,sf,box,1 pcs/box,7.750,5.3,47.25,23.6,1,41.0,V3 (moderate),9,,X,Yes,X,X,Yes,X,Yes,X,Yes,Yes,X,Porcelain and Ceramic,39,302.25,1574,,LTL
COS-WHT-1648,40x120 Invisible White Vecchio,COSMOPOLITAN WHITE 16X48,Cosmopolitan,Ceramic,"13/32""",10,Matte,Loose,15.75x47.25,5.168,sf,box,3 pcs/box,15.500,3.5,15.75,47.25,3,54.0,V3 (moderate),,,X,Yes,Yes,X,Yes,X,Yes,X,Yes,Yes,X,Porcelain and Ceramic,20,310,1118,,LTL
COS-WHT-2448,120 X 60 IBA INVISIBLE WHITE STARLIGHT,COSMOPOLITAN WHITE 24X48,Cosmopolitan,Porcelain,"13/32""",10.5,Polished,Loose,"47.25x23.7""",7.750,sf,box,2 pcs/bpx,15.500,5.1,47.25,23.6,2,79.0,V3 (moderate),9,,Yes,Yes,Yes,Yes,Yes,X,Yes,X,Yes,Yes,Yes,Porcelain and Ceramic,27,418.5,2163,,LTL
COS-WHT-CON-1648,40 X 120 IBA INVISIBLE CONCEPT WHITE VECCHI,COSMOPOLITAN WHITE CONCEPT 16X48,Cosmopolitan,Ceramic,"13/32""",10.5,Matte,Loose,"15.75x47.25""",5.168,sf,box,3 pcs/box,15.500,3.4,15.75,47.25,3,52.0,V3 (moderate),10,,X,Yes,X,X,Yes,X,Yes,X,Yes,Yes,X,Porcelain and Ceramic,20,310,1081,,LTL
COS-WHT-MOS,"26,5 X 31,5 IBA HOOD INVISIBLE WHITE VECCHIO",COSMOPOLITAN WHITE MOSAIC,Cosmopolitan,Porcelain,"13/32""",10.5,Matte,Mesh,"10.42x12.4""",0.898,sheet,sheet,11 pcs/box,9.880,3.4,10.43,12.4,11,37.0,V3 (moderate),,,Yes,Yes,Yes,Yes,Yes,Yes,Yes,Yes,Yes,Yes,Yes,Porcelain and Ceramic,,,,,
DUE-BRN-26M,Miyako AMBER BROWN 5x15,Duetto Brown Matte 2x6,Duetto,Porcelain,"5/16""",7.8 mm,Matte,Loose,"1.97x5.9""",0.081,sf,box,66,5.33,3.6,1.97,5.9,66,19.4,V2,,Pressed,Yes,Yes,Yes,Yes,Yes,Yes,Yes,Yes,Yes,Yes,Yes,Porcelain and Ceramic,120,,,,LTL2SM
DUE-BRN-46M,Miyako AMBER BROWN 10x15,Duetto Brown Matte 4x6,Duetto,Porcelain,"5/16""",7.8 mm,Matte,Loose,"3.94x5.9""",0.162,sf,box,40,6.46,3.8,3.94,5.9,40,24.8,V2,,Pressed,Yes,Yes,Yes,Yes,Yes,Yes,Yes,Yes,Yes,Yes,Yes,Porcelain and Ceramic,98,,,,LTL2SM
DUE-BRN-M-PEN,Miyako JOLLY AMBER BROWN,Duetto Brown Pencil,Duetto,Porcelain,"9/32""",7mm,Matte,Loose,"0.47x7.87""",,ea,ea,66, ,0.1,0.47,7.87,66,5.7,V2,,Pressed,Yes,Yes,X,X,Yes,X,Yes,Yes,Yes,Yes,X,Porcelain and Ceramic,,,,,
DUE-CST-26M,Miyako COAST 5x15,Duetto Coast Matte 2x6,Duetto,Porcelain,"5/16""",7.8 mm,Matte,Loose,"1.97x5.9""",0.081,sf,box,66,5.33,3.6,1.97,5.9,66,19.4,V2,,Pressed,Yes,Yes,Yes,Yes,Yes,Yes,Yes,Yes,Yes,Yes,Yes,Porcelain and Ceramic,120,,,,LTL2SM
DUE-CST-46M,Miyako COAST 10x15,Duetto Coast Matte 4x6,Duetto,Porcelain,"5/16""",7.8 mm,Matte,Loose,"3.94x5.9""",0.162,sf,box,40,6.46,3.8,3.94,5.9,40,24.8,V2,,Pressed,Yes,Yes,Yes,Yes,Yes,Yes,Yes,Yes,Yes,Yes,Yes,Porcelain and Ceramic,98,,,,LTL2SM
DUE-CST-M-PEN,JOLLY COAST,Duetto Coast Pencil,Duetto,Porcelain,"9/32""",7mm,Matte,Loose,"0.47x7.87""",,ea,ea,66, ,0.1,0.47,7.87,66,5.7,V2,,Pressed,Yes,Yes,X,X,Yes,X,Yes,Yes,Yes,Yes,X,Porcelain and Ceramic,,,,,
DUE-DES-26M,Miyako DESERT 5x15,Duetto Desert Matte 2x6,Duetto,Porcelain,"5/16""",7.8 mm,Matte,Loose,"1.97x5.9""",0.081,sf,box,66,5.33,3.6,1.97,5.9,66,19.4,V2,,Pressed,Yes,Yes,Yes,Yes,Yes,Yes,Yes,Yes,Yes,Yes,Yes,Porcelain and Ceramic,120,,,,LTL2SM
DUE-DES-46M,Miyako DESERT 10x15,Duetto Desert Matte 4x6,Duetto,Porcelain,"5/16""",7.8 mm,Matte,Loose,"3.94x5.9""",0.162,sf,box,40,6.46,3.8,3.94,5.9,40,24.8,V2,,Pressed,Yes,Yes,Yes,Yes,Yes,Yes,Yes,Yes,Yes,Yes,Yes,Porcelain and Ceramic,98,,,,LTL2SM
DUE-DES-M-PEN,Miyako JOLLY DESERT,Duetto Desert Pencil,Duetto,Porcelain,"9/32""",7mm,Matte,Loose,"0.47x7.87""",,ea,ea,66, ,0.1,0.47,7.87,66,5.7,V2,,Pressed,Yes,Yes,X,X,Yes,X,Yes,Yes,Yes,Yes,X,Porcelain and Ceramic,,,,,
DUE-ETR-26M,Miyako ETHER 5x15,Duetto Ether Matte 2x6,Duetto,Porcelain,"5/16""",7.8 mm,Matte,Loose,"1.97x5.9""",0.081,sf,box,66,5.33,3.6,1.97,5.9,66,19.4,V2,,Pressed,Yes,Yes,Yes,Yes,Yes,Yes,Yes,Yes,Yes,Yes,Yes,Porcelain and Ceramic,120,,,,LTL2SM
DUE-ETR-46M,Miyako ETHER 10x15,Duetto Ether Matte 4x6,Duetto,Porcelain,"5/16""",7.8 mm,Matte,Loose,"3.94x5.9""",0.162,sf,box,40,6.46,3.8,3.94,5.9,40,24.8,V2,,Pressed,Yes,Yes,Yes,Yes,Yes,Yes,Yes,Yes,Yes,Yes,Yes,Porcelain and Ceramic,98,,,,LTL2SM
DUE-ETR-M-PEN,Miyako JOLLY ETHER,Duetto Ether Pencil,Duetto,Porcelain,"9/32""",7mm,Matte,Loose,"0.47x7.87""",,ea,ea,66, ,0.1,0.47,7.87,66,5.7,V2,,Pressed,Yes,Yes,X,X,Yes,X,Yes,Yes,Yes,Yes,X,Porcelain and Ceramic,,,,,
DUE-FOR-26M,Miyako FOREST 5x15,Duetto Forest Matte 2x6,Duetto,Porcelain,"5/16""",7.8 mm,Matte,Loose,"1.97x5.9""",0.081,sf,box,66,5.33,3.6,1.97,5.9,66,19.4,V2,,Pressed,Yes,Yes,Yes,Yes,Yes,Yes,Yes,Yes,Yes,Yes,Yes,Porcelain and Ceramic,120,,,,LTL2SM
DUE-FOR-46M,Miyako FOREST 10x15,Duetto Forest Matte 4x6,Duetto,Porcelain,"5/16""",7.8 mm,Matte,Loose,"3.94x5.9""",0.162,sf,box,40,6.46,3.8,3.94,5.9,40,24.8,V2,,Pressed,Yes,Yes,Yes,Yes,Yes,Yes,Yes,Yes,Yes,Yes,Yes,Porcelain and Ceramic,98,,,,LTL2SM
DUE-FOR-M-PEN,Miyako JOLLY FOREST,Duetto Forest Pencil,Duetto,Porcelain,"9/32""",7mm,Matte,Loose,"0.47x7.87""",,ea,ea,66, ,0.1,0.47,7.87,66,5.7,V2,,Pressed,Yes,Yes,X,X,Yes,X,Yes,Yes,Yes,Yes,X,Porcelain and Ceramic,,,,,
DUE-MON-26G,Miyako Blue Moon Gloss 5x15,Duetto Moon Gloss 2x6,Duetto,Porcelain,"5/16""",7.8 mm,Glossy,Loose,"1.97x5.9""",0.081,sf,box,66,5.33,3.6,1.97,5.9,66,19.4,V2,,Pressed,Yes,Yes,Yes,X,Yes,X,Yes,Yes,Yes,Yes,X,Porcelain and Ceramic,120,,,,LTL2SM
DUE-MON-G-PEN,Miyako Jolly Blue Moon Gloss ,Duetto Moon Gloss Pencil,Duetto,Porcelain,"9/32""",7mm,Glossy,Loose,"0.47x7.87""",,ea,ea,66, ,0.1,0.47,7.87,66,5.7,V2,,Pressed,Yes,Yes,X,X,Yes,X,Yes,Yes,Yes,Yes,X,Porcelain and Ceramic,,,,,
DUE-MOR-26G,Miyako Morchella Gloss 5x15,Duetto Morchella Gloss 2x6,Duetto,Porcelain,"5/16""",7.8 mm,Glossy,Loose,"1.97x5.9""",0.081,sf,box,66,5.33,3.6,1.97,5.9,66,19.4,V2,,Pressed,Yes,Yes,Yes,X,Yes,X,Yes,Yes,Yes,Yes,X,Porcelain and Ceramic,120,,,,LTL2SM
DUE-MOR-G-PEN,Miyako Jolly Morchella Gloss ,Duetto Morchella Gloss Pencil,Duetto,Porcelain,"9/32""",7mm,Glossy,Loose,"0.47x7.87""",,ea,ea,66, ,0.1,0.47,7.87,66,5.7,V2,,Pressed,Yes,Yes,X,X,Yes,X,Yes,Yes,Yes,Yes,X,Porcelain and Ceramic,,,,,
DUE-OIL-26G,Miyako Oil Blue Gloss 5x15,Duetto Oil Blue Gloss 2x6,Duetto,Porcelain,"5/16""",7.8 mm,Glossy,Loose,"1.97x5.9""",0.081,sf,box,66,5.33,3.6,1.97,5.9,66,19.4,V2,,Pressed,Yes,Yes,Yes,X,Yes,X,Yes,Yes,Yes,Yes,X,Porcelain and Ceramic,120,,,,LTL2SM
DUE-OIL-G-PEN,Miyako Jolly Oil Blue Gloss ,Duetto Oil Blue Gloss Pencil,Duetto,Porcelain,"9/32""",7mm,Glossy,Loose,"0.47x7.87""",,ea,ea,66, ,0.1,0.47,7.87,66,5.7,V2,,Pressed,Yes,Yes,X,X,Yes,X,Yes,Yes,Yes,Yes,X,Porcelain and Ceramic,,,,,
DUE-PUR-26G,Miyako Pura Gloss 5x15,Duetto Pura Gloss 2x6,Duetto,Porcelain,"5/16""",7.8 mm,Glossy,Loose,"1.97x5.9""",0.081,sf,box,66,5.33,3.6,1.97,5.9,66,19.4,V2,,Pressed,Yes,Yes,Yes,X,Yes,X,Yes,Yes,Yes,Yes,X,Porcelain and Ceramic,120,,,,LTL2SM
DUE-PUR-G-PEN,Miyako Jolly Pura Gloss ,Duetto Pura Gloss Pencil,Duetto,Porcelain,"9/32""",7mm,Glossy,Loose,"0.47x7.87""",,ea,ea,66, ,0.1,0.47,7.87,66,5.7,V2,,Pressed,Yes,Yes,X,X,Yes,X,Yes,Yes,Yes,Yes,X,Porcelain and Ceramic,,,,,
DUE-VOL-26M,Miyako VOLCANIC 5x15,Duetto Volcanic Matte 2x6,Duetto,Porcelain,"5/16""",7.8 mm,Matte,Loose,"1.97x5.9""",0.081,sf,box,66,5.33,3.6,1.97,5.9,66,19.4,V2,,Pressed,Yes,Yes,Yes,Yes,Yes,Yes,Yes,Yes,Yes,Yes,Yes,Porcelain and Ceramic,120,,,,LTL2SM
DUE-VOL-46M,Miyako VOLCANIC 10x15,Duetto Volcanic Matte 4x6,Duetto,Porcelain,"5/16""",7.8 mm,Matte,Loose,"3.94x5.9""",0.162,sf,box,40,6.46,3.8,3.94,5.9,40,24.8,V2,,Pressed,Yes,Yes,Yes,Yes,Yes,Yes,Yes,Yes,Yes,Yes,Yes,Porcelain and Ceramic,98,,,,LTL2SM
DUE-VOL-M-PEN,Miyako JOLLY VOLCANIC,Duetto Volcanic Pencil,Duetto,Porcelain,"9/32""",7mm,Matte,Loose,"0.47x7.87""",,ea,ea,66, ,0.1,0.47,7.87,66,5.7,V2,,Pressed,Yes,Yes,X,X,Yes,X,Yes,Yes,Yes,Yes,X,Porcelain and Ceramic,,,,,
DUE-WHT-26G,Miyako White Gloss 5x15,Duetto White Gloss 2x6,Duetto,Porcelain,"5/16""",7.8 mm,Glossy,Loose,"1.97x5.9""",0.081,sf,box,66,5.33,3.6,1.97,5.9,66,19.4,V2,,Pressed,Yes,Yes,Yes,X,Yes,X,Yes,Yes,Yes,Yes,X,Porcelain and Ceramic,120,,,,LTL2SM
DUE-WHT-G-PEN,Miyako Jolly White Gloss ,Duetto White Gloss Pencil,Duetto,Porcelain,"9/32""",7mm,Glossy,Loose,"0.47x7.87""",,ea,ea,66, ,0.1,0.47,7.87,66,5.7,V2,,Pressed,Yes,Yes,X,X,Yes,X,Yes,Yes,Yes,Yes,X,Porcelain and Ceramic,,,,,
DUE-WHT-26M,Miyako CHALK WHITE  5x15,Duetto White Matte 2x6,Duetto,Porcelain,"5/16""",7.8 mm,Matte,Loose,"1.97x5.9""",0.081,sf,box,66,5.330,3.6,1.97,5.9,66,19.4,V2,,Pressed,Yes,Yes,Yes,Yes,Yes,Yes,Yes,Yes,Yes,Yes,Yes,Porcelain and Ceramic,120,,,,LTL2SM
DUE-WHT-46M,Miyako CHALK WHITE  10x15,Duetto White Matte 4x6,Duetto,Porcelain,"5/16""",7.8 mm,Matte,Loose,"3.94x5.9""",0.162,sf,box,40,6.460,3.8,3.94,5.9,40,24.8,V2,,Pressed,Yes,Yes,Yes,Yes,Yes,Yes,Yes,Yes,Yes,Yes,Yes,Porcelain and Ceramic,98,,,,LTL2SM
DUE-WHT-M-PEN,JOLLY CHALK WHITE,Duetto White Pencil,Duetto,Porcelain,"9/32""",7mm,Matte,Loose,"0.47x7.87""",,ea,ea,66,-,0.1,0.47,7.87,66,5.7,V2,,Pressed,Yes,Yes,X,X,Yes,X,Yes,Yes,Yes,Yes,X,Porcelain and Ceramic,,,,,
ELP-BLU-DAL," DOCS BLUE VALLEY LT/9,5X39,5/R",Ellipse Blue Dale,Ellipse,Ceramic,"7/16""",10.3,Matte/Gloss,Loose,"3.74x15.55""",0.405,sf,box,13,5.27,3.7,3.74,15.55,13,19.6,V2,1,Rectified,X,Yes,X,X,Yes,X,Yes,X,Yes,X,X,Porcelain and Ceramic,,,,,LTL2SM
ELP-BLU-HILL,"DOCS BLUE HILL LT/9,5X39,5/R",Ellipse Blue Hill,Ellipse,Ceramic,"5/8""",14,Matte/Gloss,Loose,"3.74x15.55""",0.409,sf,box,10,4.09,4.4,3.74,15.55,10,18.04,V2,1,Rectified,X,Yes,X,X,Yes,X,Yes,X,Yes,X,X,Porcelain and Ceramic,,,,,LTL2SM
ELP-GRN-DAL,"DOCS GREEN VALLEY LT/9,5X39,5/R",Ellipse Green Dale,Ellipse,Ceramic,"7/16""",10.3,Matte/Gloss,Loose,"3.74x15.55""",0.405,sf,box,13,5.27,3.7,3.74,15.55,13,19.6,V2,1,Rectified,X,Yes,X,X,Yes,X,Yes,X,Yes,X,X,Porcelain and Ceramic,,,,,LTL2SM
ELP-GRN-HIL,"DOCS GREEN HILL LT/9,5X39,5/R",Ellipse Green Hill,Ellipse,Ceramic,"5/8""",14,Matte/Gloss,Loose,"3.74x15.55""",0.409,sf,box,10,4.09,4.4,3.74,15.55,10,18.04,V2,1,Rectified,X,Yes,X,X,Yes,X,Yes,X,Yes,X,X,Porcelain and Ceramic,,,,,LTL2SM
ELP-WHT-DAL,"DOCS WHITE VALLEY LT/9,5X39,5/R",Ellipse White Dale,Ellipse,Ceramic,"7/16""",10.3,Matte/Gloss,Loose,"3.74x15.55""",0.405,sf,box,13,5.27,3.7,3.74,15.55,13,19.6,V2,1,Rectified,X,Yes,X,X,Yes,X,Yes,X,Yes,X,X,Porcelain and Ceramic,,,,,LTL2SM
ELP-WHT-HIL,"DOCS WHITE HILL LT/9,5X39,5/R",Ellipse White Hill,Ellipse,Ceramic,"5/8""",14,Matte/Gloss,Loose,"3.74x15.55""",0.409,sf,box,10,4.09,4.4,3.74,15.55,10,18.04,V2,1,Rectified,X,Yes,X,X,Yes,X,Yes,X,Yes,X,X,Porcelain and Ceramic,,,,,LTL2SM
ENC-CEN,Encadre Ceniza (SACRAMENTO CENIZA PINO - 22X25),ENCADRE CENIZA,Encadre,Porcelain,"5/16""",8.5,Matte,Loose,8.66x9.84,0.449,sf,box,18 pcs/box,8.073,3.7,8.66,9.84,18,29.6,V2 (slight),24,Pressed,Yes,Yes,Yes,Yes,Yes,Yes,Yes,X,Yes,Yes,Yes,Porcelain and Ceramic,,,,,LTL2SM
ENC-COT,Encadre Cotto (MENORCA COTTO - 22X25),ENCADRE COTTO,Encadre,Porcelain,"5/16""",8.5,Matte,Loose,8.66x9.84,0.449,sf,box,18 pcs/box,8.073,3.7,8.66,9.84,18,29.6,V2 (slight),24,Pressed,Yes,Yes,Yes,Yes,Yes,Yes,Yes,X,Yes,Yes,Yes,Porcelain and Ceramic,,,,,LTL2SM
ENC-DAY,NEVADA DAY - 22X25,ENCADRE DAY,Encadre,Porcelain,"5/16""",8.5,Matte,Loose,8.66x9.84,0.449,sf,box,18 pcs/box,8.073,3.7,8.66,9.84,18,29.6,V2 (slight),24,Pressed,Yes,Yes,Yes,Yes,Yes,Yes,Yes,X,Yes,Yes,Yes,Porcelain and Ceramic,,,,,LTL2SM
ENC-GRF,SACRAMENTO GRAFITO PINO - 22X25,ENCADRE GRAFITO,Encadre,Porcelain,"5/16""",8.5,Matte,Loose,8.66x9.84,0.449,sf,box,18 pcs/box,8.073,3.7,8.66,9.84,18,29.6,V2 (slight),24,Pressed,Yes,Yes,Yes,Yes,Yes,Yes,Yes,X,Yes,Yes,Yes,Porcelain and Ceramic,,,,,LTL2SM
ENC-GRS-EBN,Encadre Gris Ebano (SACRAMENTO GRIS EBANO),ENCADRE GRIS EBANO,Encadre,Porcelain,"5/16""",8.5,Matte,Loose,8.66x9.84,0.449,sf,box,18 pcs/box,8.073,3.7,8.66,9.84,18,29.6,V2 (slight),24,Pressed,Yes,Yes,Yes,Yes,Yes,Yes,Yes,X,Yes,Yes,Yes,Porcelain and Ceramic,,,,,LTL2SM
ENC-HAY-GRS,Encadre Haya Gris ( OREGON HAYA GRIS - 22X25),ENCADRE HAYA GRIS,Encadre,Porcelain,"5/16""",8.5,Matte,Loose,8.66x9.84,0.449,sf,box,18 pcs/box,8.073,3.7,8.66,9.84,18,29.6,V2 (slight),24,Pressed,Yes,Yes,Yes,Yes,Yes,Yes,Yes,X,Yes,Yes,Yes,Porcelain and Ceramic,,,,,LTL2SM
ENC-LAN-WHT,LANCELOT WHITE - 22X25,ENCADRE LANCELOT WHITE,Encadre,Porcelain,"5/16""",8.5,Matte,Loose,8.66x9.84,0.449,sf,box,18 pcs/box,8.073,3.7,8.66,9.84,18,29.6,V2 (slight),24,Pressed,Yes,Yes,Yes,Yes,Yes,Yes,Yes,X,Yes,Yes,Yes,Porcelain and Ceramic,,,,,LTL2SM
ENC-NIT,Encadre Night (NEVADA NIGHT - 22X25),ENCADRE NIGHT,Encadre,Porcelain,"5/16""",8.5,Matte,Loose,8.66x9.84,0.449,sf,box,18 pcs/box,8.073,3.7,8.66,9.84,18,29.6,V2 (slight),24,Pressed,Yes,Yes,Yes,Yes,Yes,Yes,Yes,X,Yes,Yes,Yes,Porcelain and Ceramic,,,,,LTL2SM
ENC-SLT-GRT,SLATE GRANITE - 22X25,ENCADRE SLATE GRANITE,Encadre,Porcelain,"5/16""",8.5,Matte,Loose,8.66x9.84,0.449,sf,box,18 pcs/box,8.073,3.7,8.66,9.84,18,29.6,V2 (slight),24,Pressed,Yes,Yes,Yes,Yes,Yes,Yes,Yes,X,Yes,Yes,Yes,Porcelain and Ceramic,,,,,LTL2SM
ENC-SLT-OXD,SLATE OXIDO - 22X25,ENCADRE SLATE OXIDO,Encadre,Porcelain,"5/16""",8.5,Matte,Loose,8.66x9.84,0.449,sf,box,18 pcs/box,8.073,3.7,8.66,9.84,18,29.6,V2 (slight),24,Pressed,Yes,Yes,Yes,Yes,Yes,Yes,Yes,X,Yes,Yes,Yes,Porcelain and Ceramic,,,,,LTL2SM
ENV-ALM-1224,DOVER ALMOND,ENVOGUE ALMOND,Envogue,Porcelain,"5/16""",9.1,Matte,Loose,"12.6x24.6""",2.153,sf,box,5 pcs/box,10.760,4.1,0,24.6,5,44.0,V2 (slight),29,Pressed,Yes,Yes,Yes,Yes,Yes,Yes,Yes,X,Yes,Yes,Yes,Porcelain and Ceramic,,,,,LTL
ENV-ALM-DEC,DOVER ALMOND DECO,ENVOGUE ALMOND DECO,Envogue,Porcelain,"5/16""",9.1,Matte,Loose,"12.6x24.6""",2.153,sf,box,5 pcs/box,10.760,4.1,0,24.6,5,44.0,V2 (slight),29,Pressed,Yes,Yes,Yes,X,Yes,X,Yes,X,Yes,Yes,X,Porcelain and Ceramic,,,,,LTL
ENV-BLN-1224,VARANA BLANCO,ENVOGUE BLANCO,Envogue,Porcelain,"5/16""",9.1,Matte,Loose,"12.6x24.6""",2.153,sf,box,5 pcs/box,10.760,4.1,0,24.6,5,44.0,V2 (slight),20,Pressed,Yes,Yes,Yes,Yes,Yes,Yes,Yes,X,Yes,Yes,Yes,Porcelain and Ceramic,,,,,LTL
ENV-BLN-DEC,ENVOGUE BLANCO DECO (VARANA BLANCO DECOR),ENVOGUE BLANCO DECO,Envogue,Porcelain,"5/16""",9.1,Matte,Loose,"12.6x24.6""",2.153,sf,box,5 pcs/box,10.760,4.1,0,24.6,5,44.0,V2 (slight),20,Pressed,Yes,Yes,Yes,X,Yes,X,Yes,X,Yes,Yes,X,Porcelain and Ceramic,,,,,LTL
ENV-CLD-1224,VARANA GRIS,ENVOGUE CLOUD,Envogue,Porcelain,"5/16""",9.1,Matte,Loose,"12.6x24.6""",2.153,sf,box,5 pcs/box,10.760,4.1,0,24.6,5,44.0,V2 (slight),20,Pressed,Yes,Yes,Yes,Yes,Yes,Yes,Yes,X,Yes,Yes,Yes,Porcelain and Ceramic,,,,,LTL
ENV-CLD-DEC,ENVOGUE CLOUD DECO (VARANA GRIS DECOR),ENVOGUE CLOUD DECO,Envogue,Porcelain,"5/16""",9.1,Matte,Loose,"12.6x24.6""",2.153,sf,box,5 pcs/box,10.760,4.1,0,24.6,5,44.0,V2 (slight),20,Pressed,Yes,Yes,Yes,X,Yes,X,Yes,X,Yes,Yes,X,Porcelain and Ceramic,,,,,LTL
ENV-GR-1224,ENVOGUE GRIS (DOVER GRIS),ENVOGUE GRIS,Envogue,Porcelain,"5/16""",9.1,Matte,Loose,"12.6x24.6""",2.153,sf,box,5 pcs/box,10.760,4.1,0,24.6,5,44.0,V2 (slight),29,Pressed,Yes,Yes,Yes,Yes,Yes,Yes,Yes,X,Yes,Yes,Yes,Porcelain and Ceramic,,,,,LTL
ENV-GR-DEC,DOVER GRIS DECO,ENVOGUE GRIS DECO,Envogue,Porcelain,"5/16""",9.1,Matte,Loose,"12.6x24.6""",2.153,sf,box,5 pcs/box,10.760,4.1,0,24.6,5,44.0,V2 (slight),29,Pressed,Yes,Yes,Yes,X,Yes,X,Yes,X,Yes,Yes,X,Porcelain and Ceramic,,,,,LTL
ENV-MRN-1224,VARANA MORENGO,ENVOGUE MORENGO,Envogue,Porcelain,"5/16""",9.1,Matte,Loose,"12.6x24.6""",2.153,sf,box,5 pcs/box,10.760,4.1,0,24.6,5,44.0,V2 (slight),20,Pressed,Yes,Yes,Yes,Yes,Yes,Yes,Yes,X,Yes,Yes,Yes,Porcelain and Ceramic,,,,,LTL
ENV-MRN-DEC,VARANA MORENGO DECOR,ENVOGUE MORENGO DECO,Envogue,Porcelain,"5/16""",9.1,Matte,Loose,"12.6x24.6""",2.153,sf,box,5 pcs/box,10.760,4.1,0,24.6,5,44.0,V2 (slight),20,Pressed,Yes,Yes,Yes,X,Yes,X,Yes,X,Yes,Yes,X,Porcelain and Ceramic,,,,,LTL
ETR-AGV-216,5X40 CORSICA AGAVE,Etherea Agave 2x16,Etherea,Pocelain,"11/32""",,Matte,,"2x16""",0.215,sf,box,50,10.760,3.6,2,16,50,38.5,V2,,Straight,Yes,Yes,Yes,Yes,Yes,Yes,Yes,Yes,Yes,Yes,Yes,Porcelain and Ceramic,,,,,LTL2SM
ETR-BLU-216,5X40 CORSICA BLUE EARTH,Etherea Blue 2x16,Etherea,Pocelain,"11/32""",,Matte,,"2x16""",0.215,sf,box,50,10.760,3.6,2,16,50,38.5,V2,,Straight,Yes,Yes,Yes,Yes,Yes,Yes,Yes,Yes,Yes,Yes,Yes,Porcelain and Ceramic,,,,,LTL2SM
ETR-CLA-216,5X40 CORSICA GOLDEN CLAY,Etherea Clay 2x16,Etherea,Pocelain,"11/32""", ,Matte,,"2x16""",0.215,sf,box,50,10.760,3.6,2,16,50,38.5,V2,,Straight,Yes,Yes,Yes,Yes,Yes,Yes,Yes,Yes,Yes,Yes,Yes,Porcelain and Ceramic,,,,,LTL2SM
ETR-STN-216,5X40 CORSICA CLOUDSTONE,Etherea Cloudstone 2x16,Etherea,Pocelain,"11/32""",,Matte,,"2x16""",0.215,sf,box,50,10.760,3.6,2,16,50,38.5,V2,,Straight,Yes,Yes,Yes,Yes,Yes,Yes,Yes,Yes,Yes,Yes,Yes,Porcelain and Ceramic,,,,,LTL2SM
ETR-HOR-216,5X40 CORSICA HORIZON,Etherea Horizon 2x16,Etherea,Pocelain,"11/32""",,Matte,,"2x16""",0.215,sf,box,50,10.760,3.6,2,16,50,38.5,V2,,Straight,Yes,Yes,Yes,Yes,Yes,Yes,Yes,Yes,Yes,Yes,Yes,Porcelain and Ceramic,,,,,LTL2SM
ETR-SUN-216,5X40 CORSICA SUNDOWN CLAY,Etherea Sundown 2x16,Etherea,Pocelain,"11/32""",,Matte,,"2x16""",0.215,sf,box,50,10.760,3.6,2,16,50,38.5,V2,,Straight,Yes,Yes,Yes,Yes,Yes,Yes,Yes,Yes,Yes,Yes,Yes,Porcelain and Ceramic,,,,,LTL2SM
ETR-WHT-216,5X40 CORSICA WHITE SANDS,Etherea White 2x16,Etherea,Pocelain,"11/32""",,Matte,,"2x16""",0.215,sf,box,50,10.760,3.6,2,16,50,38.5,V2,,Straight,Yes,Yes,Yes,Yes,Yes,Yes,Yes,Yes,Yes,Yes,Yes,Porcelain and Ceramic,,,,,LTL2SM
FIJ-APL,Calathea A50 Verde Prato glossy,FIJI APPLE,Fiji,Ceramic,"3/8""",9,Glossy,Loose,"3.94x7.9""",0.164,sf,box,46 pcs/box,7.544,3.4,3.94,7.9,46,26.0,V2 (slight),,Pressed,X,Yes,X,X,Yes,X,Yes,X,Yes,Yes,X,Porcelain and Ceramic,56,422,1477,,LTL2SM
FIJ-BLK,Fiji Black (10x20 CALATHEA Pop BLACK GLOSSY),FIJI BLACK,Fiji,Ceramic,"3/8""",9,Glossy,Loose,"3.94x7.9""",0.164,sf,box,46 pcs/box,7.544,3.4,3.94,7.9,46,26.0,V2 (slight),,Pressed,X,Yes,X,X,Yes,X,X,X,Yes,Yes,X,Porcelain and Ceramic,56,422,1477,,LTL2SM
FIJ-CRM,Fiji Cream (10x20 CALATHEA Pop BUTTER GLOSSY),FIJI CREAM,Fiji,Ceramic,"3/8""",9,Glossy,Loose,"3.94x7.9""",0.164,sf,box,46 pcs/box,7.544,3.4,3.94,7.9,46,26.0,V2 (slight),,Pressed,X,Yes,X,X,Yes,X,Yes,X,Yes,Yes,X,Porcelain and Ceramic,56,422,1477,,LTL2SM
FIJ-CRST-CRK,Fiji Crystal Crackle (10x20 CALATHEA Contract S/VITRUM White crackle VA905),FIJI CRYSTAL CRACKLE,Fiji,Ceramic,"3/8""",9,"Glossy, Crackled",Loose,"3.94x7.9""",0.164,sf,box,46 pcs/box,7.544,3.4,3.94,7.9,46,26.0,V2 (slight),,Pressed,X,Yes,X,X,Yes,X,X,X,Yes,Yes,X,Porcelain and Ceramic,56,422,1477,,LTL2SM
FIJ-GLD,Fiji Gold (Calathea Gold Crackle),FIJI GOLD,Fiji,Ceramic,"3/8""",9,"Glossy, Crackled",Loose,"3.94x7.9""",0.164,piece,piece,45 pcs/box,7.370,3.5,3.94,7.9,45,26.0,V2 (slight),,Pressed,X,Yes,X,X,Yes,X,X,X,Yes,Yes,X,Porcelain and Ceramic,56,422,1477,,LTL2SM
FIJ-JAD-CRK,Fiji Jade Crackle (10x20 CALATHEA S/VITRUM Oceano crackle VA916),FIJI JADE CRACKLE,Fiji,Ceramic,"3/8""",9,"Glossy, Crackled",Loose,"3.94x7.9""",0.164,sf,box,46 pcs/box,7.544,3.4,3.94,7.9,46,26.0,V2 (slight),,Pressed,X,Yes,X,X,Yes,X,X,X,Yes,Yes,X,Porcelain and Ceramic,56,422,1477,,LTL2SM
FIJ-PLT,Calathea Platinum Crackle,FIJI PLATINUM,Fiji,Ceramic,"3/8""",9,"Glossy, Crackled",Loose,"3.94x7.9""",0.164,piece,piece,45 pcs/box,7.370,3.5,3.94,7.9,45,26.0,V2 (slight),,Pressed,X,Yes,X,X,Yes,X,X,X,Yes,Yes,X,Porcelain and Ceramic,56,422,1477,,LTL2SM
FIJ-SKY,Fiji Sky (10x20 CALATHEA Pop BLUE GLOSSY),FIJI SKY,Fiji,Ceramic,"3/8""",9,Glossy,Loose,"3.94x7.9""",0.168,sf,box,46 pcs/box,7.544,3.4,3.94,7.9,45,26.0,V2 (slight),,Pressed,X,Yes,X,X,Yes,X,Yes,X,Yes,Yes,X,Porcelain and Ceramic,56,422,1477,,LTL2SM
FIJ-WAT-CRK,10x20 CALATHEA Contract S/VITRUM Blue crackle,FIJI WATER CRACKLED,Fiji,Ceramic,"3/8""",9,"Glossy, Crackled",Loose,"3.94x7.9""",0.164,sf,box,46 pcs/box,7.544,3.4,3.94,7.9,46,26.0,V2 (slight),,Pressed,X,Yes,X,X,Yes,X,X,X,Yes,Yes,X,Porcelain and Ceramic,56,422,1477,,LTL2SM
FIJ-WHT,Fiji White (10x20 CALATHEA Pop YOGHURT GLOSSY),FIJI WHITE,Fiji,Ceramic,"3/8""",9,Glossy,Loose,"3.94x7.9""",0.164,sf,box,46 pcs/box,7.544,3.4,3.94,7.9,46,26.0,V2 (slight),,Pressed,X,Yes,X,X,Yes,X,Yes,X,Yes,Yes,X,Porcelain and Ceramic,56,422,1477,,LTL2SM
FLT-BLK-216,Vitral Black 2x16 Flatiron Black 2x16,FLATIRON BLACK 2X16,Flatiron,Ceramic,"5/16""",8.7,Glossy,Loose,"2x16""",0.215,sf,box,50 pcs/box,10.764,3.0,1.97,15.75,50,32.8,V2 (Slight),,Pressed,X,Yes,X,X,Yes,X,Yes,X,Yes ,Yes , X,Porcelain and Ceramic,,,,,LTL2SM
FLT-BLK-PEN,Vitral Black Jolly Flatiron Black Pencil,FLATIRON BLACK PENCIL,Flatiron,Ceramic,"9/32""",7.2mm,Glossy,Loose,0.5x7.9,0.027,piece,piece,66 pcs/box,1.782,0.1,0.5,7.9,66,6.6,V2 (Slight),,Pressed,X,Yes,X,X,Yes,X,Yes,X,Yes,Yes,X,Porcelain and Ceramic,,,,,PEN
FLT-CAR-216,Flatiron Caramel 2x16 (5X40 VITRAL CARAMEL REACTIVE),FLATIRON CARAMEL 2X16,Flatiron,Ceramic,"5/16""",8.7,Glossy,Loose,"2x16""",0.215,sf,box,50 pcs/box,10.764,3.0,1.97,15.75,50,32.8,V2 (Slight),,Pressed,X,Yes,X,X,Yes,X,Yes,X,Yes ,Yes , X,Porcelain and Ceramic,,,,,LTL2SM
FLT-CAR-PEN,Vitral Reactive Caramel Jolly,FLATIRON CARAMEL PENCIL,Flatiron,Ceramic,"9/32""",7.2mm,Glossy,Loose,0.5x7.9,0.027,piece,piece,66 pcs/box,1.782,0.1,0.5,7.9,66,6.6,V2 (Slight),,Pressed,X,Yes,X,X,Yes,X,Yes,X,Yes,Yes,X,Porcelain and Ceramic,,,,,PEN
FLT-DEC-BLK-216,Vitral Axis Black 2x16 Flatiron Deco Black 2x16,FLATIRON DECO BLACK 2X16,Flatiron,Ceramic,"5/16""",8.7,Glossy,Loose,"2x16""",0.215,sf,box,50 pcs/box,10.764,3.0,1.97,15.75,50,32.8,V2 (Slight),,Pressed,X,Yes,X,X,Yes,X,Yes,X,Yes ,Yes , X,Porcelain and Ceramic,,,,,LTL2SM
FLT-DEC-CAR-216,Vitral Axis Reactive Caramel 2x16,FLATIRON DECO CARAMEL 2X16,Flatiron,Ceramic,"5/16""",8.7,Glossy,Loose,"2x16""",0.215,sf,box,50 pcs/box,10.764,3.0,1.97,15.75,50,32.8,V2 (Slight),,Pressed,X,Yes,X,X,Yes,X,Yes,X,Yes ,Yes , X,Porcelain and Ceramic,,,,,LTL2SM
FLT-DEC-FRS-216,Vitral Axis Reactive Forest 2x16 Flatiron Deco Forest 2x16,FLATIRON DECO FOREST 2X16,Flatiron,Ceramic,"5/16""",8.7,Glossy,Loose,"2x16""",0.215,sf,box,50 pcs/box,10.764,3.0,1.97,15.75,50,32.8,V2 (Slight),,Pressed,X,Yes,X,X,Yes,X,Yes,X,Yes ,Yes , X,Porcelain and Ceramic,,,,,LTL2SM
FLT-DEC-GRY-216,Vitral Axis Light Grey 2x16 Flatiron Deco Grey 2x16,FLATIRON DECO GREY 2X16,Flatiron,Ceramic,"5/16""",8.7,Glossy,Loose,"2x16""",0.215,sf,box,50 pcs/box,10.764,3.0,1.97,15.75,50,32.8,V2 (Slight),,Pressed,X,Yes,X,X,Yes,X,Yes,X,Yes ,Yes , X,Porcelain and Ceramic,,,,,LTL2SM
FLT-DEC-HON-216,Vitral Axis Reactive Honey 2x16 Flatiron Deco Honey 2x16,FLATIRON DECO HONEY 2X16,Flatiron,Ceramic,"5/16""",8.7,Glossy,Loose,"2x16""",0.215,sf,box,50 pcs/box,10.764,3.0,1.97,15.75,50,32.8,V2 (Slight),,Pressed,X,Yes,X,X,Yes,X,Yes,X,Yes ,Yes , X,Porcelain and Ceramic,,,,,LTL2SM
FLT-DEC-MNT-216,Vitral Axis Mint 2x16 Flatiron Deco Mint 2x16,FLATIRON DECO MINT 2X16,Flatiron,Ceramic,"5/16""",8.7,Glossy,Loose,"2x16""",0.215,sf,box,50 pcs/box,10.764,3.0,1.97,15.75,50,32.8,V2 (Slight),,Pressed,X,Yes,X,X,Yes,X,Yes,X,Yes ,Yes , X,Porcelain and Ceramic,,,,,LTL2SM
FLT-DEC-OLV-216,Vitral Axis Olive 2x16 Flatiron Deco Olive 2x16,FLATIRON DECO OLIVE 2X16,Flatiron,Ceramic,"5/16""",8.7,Glossy,Loose,"2x16""",0.215,sf,box,50 pcs/box,10.764,3.0,1.97,15.75,50,32.8,V2 (Slight),,Pressed,X,Yes,X,X,Yes,X,Yes,X,Yes ,Yes , X,Porcelain and Ceramic,,,,,LTL2SM
FLT-DEC-PET-216,Vitral Axis Reactive Petrol 2x16 Flatiron Deco Petrol 2x16,FLATIRON DECO PETROL 2X16,Flatiron,Ceramic,"5/16""",8.7,Glossy,Loose,"2x16""",0.215,sf,box,50 pcs/box,10.764,3.0,1.97,15.75,50,32.8,V2 (Slight),,Pressed,X,Yes,X,X,Yes,X,Yes,X,Yes ,Yes , X,Porcelain and Ceramic,,,,,LTL2SM
FLT-DEC-PNK-216,Vitral Axis Pink 2x16 Flatiron Deco Pink 2x16,FLATIRON DECO PINK 2X16,Flatiron,Ceramic,"5/16""",8.7,Glossy,Loose,"2x16""",0.215,sf,box,50 pcs/box,10.764,3.0,1.97,15.75,50,32.8,V2 (Slight),,Pressed,X,Yes,X,X,Yes,X,Yes,X,Yes ,Yes , X,Porcelain and Ceramic,,,,,LTL2SM
FLT-DEC-SND-216,Vitral Axis Sand 2x16,FLATIRON DECO SAND 2X16,Flatiron,Ceramic,"5/16""",8.7,Glossy,Loose,"2x16""",0.215,sf,box,50 pcs/box,10.764,3.0,1.97,15.75,50,32.8,V2 (Slight),,Pressed,X,Yes,X,X,Yes,X,Yes,X,Yes ,Yes , X,Porcelain and Ceramic,,,,,LTL2SM
FLT-DEC-SKY-216,Vitral Axis Sky 2x16 Flatiron Deco Sky 2x16,FLATIRON DECO SKY 2X16,Flatiron,Ceramic,"5/16""",8.7,Glossy,Loose,"2x16""",0.215,sf,box,50 pcs/box,10.764,3.0,1.97,15.75,50,32.8,V2 (Slight),,Pressed,X,Yes,X,X,Yes,X,Yes,X,Yes ,Yes , X,Porcelain and Ceramic,,,,,LTL2SM
FLT-DEC-SNW-216,Vitral Axis Snow 2x16 Flatiron Deco Snow 2x16,FLATIRON DECO SNOW 2X16,Flatiron,Ceramic,"5/16""",8.7,Glossy,Loose,"2x16""",0.215,sf,box,50 pcs/box,10.764,3.0,1.97,15.75,50,32.8,V2 (Slight),,Pressed,X,Yes,X,X,Yes,X,Yes,X,Yes ,Yes , X,Porcelain and Ceramic,,,,,LTL2SM
FLT-FRS-216,Vitral Reactive Forest 2x16 Flatiron Forest 2x16,FLATIRON FOREST 2X16,Flatiron,Ceramic,"5/16""",8.7,Glossy,Loose,"2x16""",0.215,sf,box,50 pcs/box,10.764,3.0,1.97,15.75,50,32.8,V2 (Slight),,Pressed,X,Yes,X,X,Yes,X,Yes,X,Yes ,Yes , X,Porcelain and Ceramic,,,,,LTL2SM
FLT-FRS-PEN,Vitral Reactive Forest Jolly Flatiron Forest Pencil,FLATIRON FOREST PENCIL,Flatiron,Ceramic,"9/32""",7.2mm,Glossy,Loose,0.5x7.9,0.027,piece,piece,66 pcs/box,1.782,0.1,0.5,7.9,66,6.6,V2 (Slight),,Pressed,X,Yes,X,X,Yes,X,Yes,X,Yes,Yes,X,Porcelain and Ceramic,,,,,PEN
FLT-GRY-216,Vitral Light Grey 2x16 Flatiron Grey 2x16,FLATIRON GREY 2X16,Flatiron,Ceramic,"5/16""",8.7,Glossy,Loose,"2x16""",0.215,sf,box,50 pcs/box,10.764,3.0,1.97,15.75,50,32.8,V2 (Slight),,Pressed,X,Yes,X,X,Yes,X,Yes,X,Yes ,Yes , X,Porcelain and Ceramic,,,,,LTL2SM
FLT-GRY-PEN,Vitral Light Grey Jolly,FLATIRON GREY PENCIL,Flatiron,Ceramic,"9/32""",7.2mm,Glossy,Loose,0.5x7.9,0.027,piece,piece,66 pcs/box,1.782,0.1,0.5,7.9,66,6.6,V2 (Slight),,Pressed,X,Yes,X,X,Yes,X,Yes,X,Yes,Yes,X,Porcelain and Ceramic,,,,,PEN
FLT-HON-216,Vitral Reactive Honey 2x16 Flatiron Honey 2x16,FLATIRON HONEY 2X16,Flatiron,Ceramic,"5/16""",8.7,Glossy,Loose,"2x16""",0.215,sf,box,50 pcs/box,10.764,3.0,1.97,15.75,50,32.8,V2 (Slight),,Pressed,X,Yes,X,X,Yes,X,Yes,X,Yes ,Yes , X,Porcelain and Ceramic,,,,,LTL2SM
FLT-HON-PEN,Vitral Reactive Honey Jolly Flatiron Honey Pencil,FLATIRON HONEY PENCIL,Flatiron,Ceramic,"9/32""",7.2mm,Glossy,Loose,0.5x7.9,0.027,piece,piece,66 pcs/box,1.782,0.1,0.5,7.9,66,6.6,V2 (Slight),,Pressed,X,Yes,X,X,Yes,X,Yes,X,Yes,Yes,X,Porcelain and Ceramic,,,,,PEN
FLT-MNT-216,Vitral Mint 2x16 Flatiron Mint 2x16,FLATIRON MINT 2X16,Flatiron,Ceramic,"5/16""",8.7,Glossy,Loose,"2x16""",0.215,sf,box,50 pcs/box,10.764,3.0,1.97,15.75,50,32.8,V2 (Slight),,Pressed,X,Yes,X,X,Yes,X,Yes,X,Yes ,Yes , X,Porcelain and Ceramic,,,,,LTL2SM
FLT-MNT-PEN,Vitral Mint Jolly Flatiron Mint Pencil,FLATIRON MINT PENCIL,Flatiron,Ceramic,"9/32""",7.2mm,Glossy,Loose,0.5x7.9,0.027,piece,piece,66 pcs/box,1.782,0.1,0.5,7.9,66,6.6,V2 (Slight),,Pressed,X,Yes,X,X,Yes,X,Yes,X,Yes,Yes,X,Porcelain and Ceramic,,,,,PEN
FLT-OLV-216,Vitral Olive 2x16 Flatiron Olive 2x16,FLATIRON OLIVE 2X16,Flatiron,Ceramic,"5/16""",8.7,Glossy,Loose,"2x16""",0.215,sf,box,50 pcs/box,10.764,3.0,1.97,15.75,50,32.8,V2 (Slight),,Pressed,X,Yes,X,X,Yes,X,Yes,X,Yes ,Yes , X,Porcelain and Ceramic,,,,,LTL2SM
FLT-OLV-PEN,Vitral Olive Jolly Flatiron Olive Pencil,FLATIRON OLIVE PENCIL,Flatiron,Ceramic,"9/32""",7.2mm,Glossy,Loose,0.5x7.9,0.027,piece,piece,66 pcs/box,1.782,0.1,0.5,7.9,66,6.6,V2 (Slight),,Pressed,X,Yes,X,X,Yes,X,Yes,X,Yes,Yes,X,Porcelain and Ceramic,,,,,PEN
FLT-PET-216,Vitral Reactive Petrol 2x16 Flatiron Petrol 2x16,FLATIRON PETROL 2X16,Flatiron,Ceramic,"5/16""",8.7,Glossy,Loose,"2x16""",0.215,sf,box,50 pcs/box,10.764,3.0,1.97,15.75,50,32.8,V2 (Slight),,Pressed,X,Yes,X,X,Yes,X,Yes,X,Yes ,Yes , X,Porcelain and Ceramic,,,,,LTL2SM
FLT-PET-PEN,Vitral Reactive Petrol Jolly Flatiron Petrol Pencil,FLATIRON PETROL PENCIL,Flatiron,Ceramic,"9/32""",7.2mm,Glossy,Loose,0.5x7.9,0.027,piece,piece,66 pcs/box,1.782,0.1,0.5,7.9,66,6.6,V2 (Slight),,Pressed,X,Yes,X,X,Yes,X,Yes,X,Yes,Yes,X,Porcelain and Ceramic,,,,,PEN
FLT-PNK-216,Vitral Pink 2x16 Flatiron Pink 2x16,FLATIRON PINK 2X16,Flatiron,Ceramic,"5/16""",8.7,Glossy,Loose,"2x16""",0.215,sf,box,50 pcs/box,10.764,3.0,1.97,15.75,50,32.8,V2 (Slight),,Pressed,X,Yes,X,X,Yes,X,Yes,X,Yes ,Yes , X,Porcelain and Ceramic,,,,,LTL2SM
FLT-PNK-PEN,Vitral Pink Jolly Flatiron Pink Pencil,FLATIRON PINK PENCIL,Flatiron,Ceramic,"9/32""",7.2mm,Glossy,Loose,0.5x7.9,0.027,piece,piece,66 pcs/box,1.782,0.1,0.5,7.9,66,6.6,V2 (Slight),,Pressed,X,Yes,X,X,Yes,X,Yes,X,Yes,Yes,X,Porcelain and Ceramic,,,,,PEN
FLT-SND-216,Flatiron Sand 2x16 (5x40 Vitral Sand),FLATIRON SAND 2X16,Flatiron,Ceramic,"5/16""",8.7,Glossy,Loose,"2x16""",0.215,sf,box,50 pcs/box,10.764,3.0,1.97,15.75,50,32.8,V2 (Slight),,Pressed,X,Yes,X,X,Yes,X,Yes,X,Yes ,Yes , X,Porcelain and Ceramic,,,,,LTL2SM
FLT-SND-PEN,Vitral Sand Jolly,FLATIRON SAND PENCIL,Flatiron,Ceramic,"9/32""",7.2mm,Glossy,Loose,0.5x7.9,0.027,piece,piece,66 pcs/box,1.782,0.1,0.5,7.9,66,6.6,V2 (Slight),,Pressed,X,Yes,X,X,Yes,X,Yes,X,Yes,Yes,X,Porcelain and Ceramic,,,,,PEN
FLT-SKY-216,Flatiron Sky 2x16( 5x40 Vitral Sky),FLATIRON SKY 2X16,Flatiron,Ceramic,"5/16""",8.7,Glossy,Loose,"2x16""",0.215,sf,box,50 pcs/box,10.764,3.0,1.97,15.75,50,32.8,V2 (Slight),,Pressed,X,Yes,X,X,Yes,X,Yes,X,Yes ,Yes , X,Porcelain and Ceramic,,,,,LTL2SM
FLT-SKY-PEN,Vitral Sky Jolly Flatiron Sky Pencil,FLATIRON SKY PENCIL,Flatiron,Ceramic,"9/32""",7.2mm,Glossy,Loose,0.5x7.9,0.027,piece,piece,66 pcs/box,1.782,0.1,0.5,7.9,66,6.6,V2 (Slight),,Pressed,X,Yes,X,X,Yes,X,Yes,X,Yes,Yes,X,Porcelain and Ceramic,,,,,PEN
FLT-SNW-216,Vitral Snow 2x16 Flatiron Snow 2x16,FLATIRON SNOW 2X16,Flatiron,Ceramic,"5/16""",8.7,Glossy,Loose,"2x16""",0.215,sf,box,50 pcs/box,10.764,3.0,1.97,15.75,50,32.8,V2 (Slight),,Pressed,X,Yes,X,X,Yes,X,Yes,X,Yes ,Yes , X,Porcelain and Ceramic,,,,,LTL2SM
FLT-SNW-PEN,Vitral Snow Jolly Flatiron Snow Pencil,FLATIRON SNOW PENCIL,Flatiron,Ceramic,"9/32""",7.2mm,Glossy,Loose,0.5x7.9,0.027,piece,piece,66 pcs/box,1.782,0.1,0.5,7.9,66,6.6,V2 (Slight),,Pressed,X,Yes,X,X,Yes,X,Yes,X,Yes,Yes,X,Porcelain and Ceramic,,,,,PEN
GAL-ANT-2510,"Galvanta Anthracite 2.5x10 (HEFESTO ANTHRACITE 6,3X25)",GALVANTA ANTHRACITE 2.5X10,Galvanta,Ceramic,"9/32""",7.3mm,Matte,Loose,2.5x9.84,0.169,sf,box,30 pcs/box,5.060,2.6,2.5,9.84,30,13.1,V4(Substantial),32,Pressed,X,Yes,X,X,Yes,X,Yes,X,Yes,Yes,X,Porcelain and Ceramic,120,605.8,1571,,LTL2SM
GAL-BRZ-2510,"Galvanta Bronze (HEFESTO BRONZE 6,3X25)",GALVANTA BRONZE 2.5X10,Galvanta,Ceramic,"9/32""",7.3mm,Matte,Loose,2.5x9.84,0.169,sf,box,30 pcs/box,5.060,2.6,2.5,9.84,30,13.1,V4(Substantial),32,Pressed,X,Yes,X,X,Yes,X,Yes,X,Yes,Yes,X,Porcelain and Ceramic,120,605.8,1571,,LTL2SM
GAL-GLD-1648,DECORADO MIRROR R120 GOLD (DECORADO MIRROR R120 GOLD),GALVANTA GOLD 16X48,Galvanta,Ceramic,"9/32""",,,Loose,"15.75x47.25""",5.167,sf,box,2pcs/box,10.334,4.2,15.75,47.25,2,43.4,V2 (slight),,,X,Yes,Yes,X,Yes,X,Yes,X,Yes,Yes,X,Porcelain and Ceramic,24,248.016,,,LTL
GAL-GLD-2510,"Galvanta Gold 2.5x10 (HEFESTO GOLD 6,3X25)",GALVANTA GOLD 2.5X10,Galvanta,Ceramic,"9/32""",7.3mm,Matte,Loose,2.5x9.84,0.169,sf,box,30 pcs/box,5.060,2.6,2.5,9.84,30,13.1,V4(Substantial),32,Pressed,X,Yes,X,X,Yes,X,Yes,X,Yes,Yes,X,Porcelain and Ceramic,120,605.8,1571,,LTL2SM
GAL-SIL-1648,DECORADO MIRROR R120 Siver  (DECORADO MIRROR R120 SILVER),GALVANTA SILVER 16X48,Galvanta,Ceramic,"9/32""",,,Loose,"15.75x47.25""",5.167,sf,box,2 pcs/box,10.334,4.2,15.75,47.25,2,43.4,V2 (slight),,,X,Yes,Yes,X,Yes,X,Yes,X,Yes,Yes,X,Porcelain and Ceramic,24,248.016,,,LTL
HEX-AZL,Hexa Azul (23X27 SAONA AZUL HEX),HEXA AZUL,Hexa,Porcelain,"5/16""",8.7,Matte,Loose,"9.05x10.63""",0.505,sf,box,16 pcs/box,8.073,4.1,9.05,10.63,16,33.0,V2 (slight),16,Pressed,Yes,Yes,Yes,Yes,Yes,Yes,Yes,Yes,Yes,Yes,Yes,Porcelain and Ceramic,65,524.74,2064,,LTL2SM
HEX-BLN,Hexa Blanco (23X27 SAONA BLANCO HEX),HEXA BLANCO,Hexa,Porcelain,"5/16""",8.7,Matte,Loose,"9.05x10.63""",0.505,sf,box,16 pcs/box,8.073,4.1,9.05,10.63,16,33.0,V2 (slight),16,Pressed,Yes,Yes,Yes,Yes,Yes,Yes,Yes,Yes,Yes,Yes,Yes,Porcelain and Ceramic,65,524.74,2064,,LTL2SM
HEX-BOR-AZL,23X27 BORNEO AZUL HEX,HEXA BORNEO AZUL,Hexa,Porcelain,"5/16""",8.7,Textured,Loose,"9.05x10.63""",0.505,sf,box,16 pcs/box,8.073,4.1,9.05,10.63,16,33.0,V2 (slight),16,Pressed,Yes,Yes,Yes,Yes,Yes,Yes,Yes,Yes,Yes,Yes,Yes,Porcelain and Ceramic,65,524.74,2064,,LTL2SM
HEX-BOR-ESM,Hexa Borneo Esmeralda (23X27 BORNEO ESMERALDA HEX),HEXA BORNEO ESMERALDA,Hexa,Porcelain,"5/16""",8.7,Textured,Loose,"9.05x10.63""",0.505,sf,box,16 pcs/box,8.073,4.1,9.05,10.63,16,33.0,V2 (slight),16,Pressed,Yes,Yes,Yes,Yes,Yes,Yes,Yes,Yes,Yes,Yes,Yes,Porcelain and Ceramic,65,524.74,2064,,LTL2SM
HEX-BOR-LAV,23X27 BORNEO LAVA HEX,HEXA BORNEO LAVA,Hexa,Porcelain,"5/16""",8.7,Textured,Loose,"9.05x10.63""",0.505,sf,box,16 pcs/box,8.073,4.1,9.05,10.63,16,33.0,V2 (slight),16,Pressed,Yes,Yes,Yes,Yes,Yes,Yes,Yes,Yes,Yes,Yes,Yes,Porcelain and Ceramic,65,524.74,2064,,LTL2SM
HEX-ESM,Hexa Esmeralda (23X27 SAONA ESMERALDA HEX),HEXA ESMERALDA,Hexa,Porcelain,"5/16""",8.7,Matte,Loose,"9.05x10.63""",0.505,sf,box,16 pcs/box,8.073,4.1,9.05,10.63,16,33.0,V2 (slight),16,Pressed,Yes,Yes,Yes,Yes,Yes,Yes,Yes,Yes,Yes,Yes,Yes,Porcelain and Ceramic,65,524.74,2064,,LTL2SM
HEX-LAV,Hexa Lava (23X27 SAONA LAVA HEX),HEXA LAVA,Hexa,Porcelain,"5/16""",8.7,Matte,Loose,"9.05x10.63""",0.505,sf,box,16 pcs/box,8.073,4.1,9.05,10.63,16,33.0,V2 (slight),16,Pressed,Yes,Yes,Yes,Yes,Yes,Yes,Yes,Yes,Yes,Yes,Yes,Porcelain and Ceramic,65,524.74,2064,,LTL2SM
HEX-TER-BLK,23X27 TERAZZO BLACK HEX,HEXA TERRAZZO BLACK,Hexa,Porcelain,"5/16""",8.7,Matte,Loose,"9.05x10.63""",0.505,sf,box,16 pcs/box,8.073,4.1,9.05,10.63,16,33.0,V2 (slight),10,Pressed,Yes,Yes,Yes,Yes,Yes,Yes,Yes,Yes,Yes,Yes,Yes,Porcelain and Ceramic,65,524.74,2064,,LTL2SM
HEX-TER-GRY,23X27 TERAZZO GREY HEX,HEXA TERRAZZO GREY,Hexa,Porcelain,"5/16""",8.7,Matte,Loose,"9.05x10.63""",0.505,sf,box,16 pcs/box,8.073,4.1,9.05,10.63,16,33.0,V2 (slight),10,Pressed,Yes,Yes,Yes,Yes,Yes,Yes,Yes,Yes,Yes,Yes,Yes,Porcelain and Ceramic,65,524.74,2064,,LTL2SM
HEX-TER-ROS,23X27 TERAZZO ROSE HEX,HEXA TERRAZZO ROSE,Hexa,Porcelain,"5/16""",8.7,Matte,Loose,"9.05x10.63""",0.505,sf,box,16 pcs/box,8.073,4.1,9.05,10.63,16,33.0,V2 (slight),10,Pressed,Yes,Yes,Yes,Yes,Yes,Yes,Yes,Yes,Yes,Yes,Yes,Porcelain and Ceramic,65,524.74,2064,,LTL2SM
HEX-TER-SAG,Hexa Terrazzo Sage (23X27 TERAZZO SAGE HEX),HEXA TERRAZZO SAGE,Hexa,Porcelain,"5/16""",8.7,Matte,Loose,"9.05x10.63""",0.505,sf,box,16 pcs/box,8.073,4.1,9.05,10.63,16,33.0,V2 (slight),10,Pressed,Yes,Yes,Yes,Yes,Yes,Yes,Yes,Yes,Yes,Yes,Yes,Porcelain and Ceramic,65,524.74,2064,,LTL2SM
HEX-TER-TAL,Hexa Terrazzo Talc (23X27 TERAZZO TALC HEX),HEXA TERRAZZO TALC,Hexa,Porcelain,"5/16""",8.7,Matte,Loose,"9.05x10.63""",0.505,sf,box,16 pcs/box,8.073,4.1,9.05,10.63,16,33.0,V2 (slight),10,Pressed,Yes,Yes,Yes,Yes,Yes,Yes,Yes,Yes,Yes,Yes,Yes,Porcelain and Ceramic,65,524.74,2064,,LTL2SM
IMP-AGT-BLK-2448,Agate Black 60x120 Full Lappato,IMPERIAL AGATE BLACK 24X48,Imperial,Porcelain,3/8,9.5,Lappato,Loose,"23.62x47.25""",7.750,sf,box,2 pcs/box,15.501,4.5,23.62,47.25,2,69.9,V3 (moderate),20,Rectified,Yes,Yes,Yes,Yes,Yes,X,Yes,X,Yes,Yes,,Porcelain and Ceramic,36,558,2514,,LTL
IMP-AGT-BLK-MOS,Agate Black Mosaico 5x5 Full Lappato,IMPERIAL AGATE BLACK MOSAIC,Imperial,Porcelain,3/8,9.5,Lappato,Mesh Mounted,"11.81x11.81""",0.969,sheet,sheet,5 pcs/box,4.844,4.1,11.811,11.811,5,20.6,V3 (moderate),,Rectified,Yes,Yes,Yes,Yes,Yes,Yes,Yes,Yes,Yes,Yes,Yes,Porcelain and Ceramic,60,290.626,1156,,
IMP-AGT-BLU-2448,Agate Azure 60x120 Full Lappato,IMPERIAL AGATE BLUE 24X48,Imperial,Porcelain,3/8,9.5,Lappato,Loose,"23.62x47.25""",7.750,sf,box,2 pcs/box,15.501,4.5,23.62,47.25,2,69.9,V3 (moderate),20,Rectified,Yes,Yes,Yes,Yes,Yes,X,Yes,X,Yes,Yes,,Porcelain and Ceramic,36,558,2514,,LTL
IMP-AGT-BLU-MOS,Agate Azure Mosaico 5x5 Full Lappato,IMPERIAL AGATE BLUE MOSAIC,Imperial,Porcelain,3/8,9.5,Lappato,Mesh Mounted,"11.81x11.81""",0.969,sheet,sheet,5 pcs/box,4.844,4.1,11.811,11.811,5,20.6,V3 (moderate),,Rectified,Yes,Yes,Yes,Yes,Yes,Yes,Yes,Yes,Yes,Yes,Yes,Porcelain and Ceramic,60,290.626,1156,,
IMP-ANT-2448,Imperial Anthracite 24x48 (Courel anthracite),IMPERIAL ANTHRACITE 24X48,Imperial,Porcelain,"13/32""",10.5,Matte,Loose,"23.7x47.25""",7.777,sf,box,2 pcs/box,15.553,5.0,23.7,47.25,2,78.0,V3 (moderate),10,Rectified,Yes,Yes,Yes,Yes,Yes,X,Yes,X,Yes,Yes,Yes,Porcelain and Ceramic,32,496,,,LTL
IMP-ANT-MOS,Imperial Anthracite Mosaic (Courel Anthracite Mosaic),IMPERIAL ANTHRACITE MOSAIC,Imperial,Porcelain,"13/32""",10.5,Matte,Mesh Mounted,"11.81x11.81""",0.969,sheet,sheet,11 pcs/box,10.654,4.7,11.81,11.81,11,51.7,V3 (moderate),,Rectified,Yes,Yes,Yes,Yes,Yes,Yes,Yes,Yes,Yes,Yes,Yes,Porcelain and Ceramic,,,,,
IMP-ARB-COR-2448,Imperial Arabescato Corchia 24x48 (ARABESCATO CORCHIA POL RECT 60X120),IMPERIAL ARABESCATO CORCHIA 24X48,Imperial,Porcelain,"13/32""",10.5,Polished,Loose,23.5x47.2,7.710,sf,box,2 pcs/box,15.420,4.9,23.5,47.2,2,75.0,V2 (slight),10,Rectified,Yes,Yes,Yes,Yes,Yes,X,Yes,X,Yes,Yes,,Porcelain and Ceramic,,,,,LTL
IMP-ARB-COR-MAT-2448,Imperial Arabescato Corchia Matte 24x48 (ARABESCATO CORCHIA MATT RECT 60X120),IMPERIAL ARABESCATO CORCHIA MATTE 24X48,Imperial,Porcelain,"13/32""",10.5,Matte,Loose,23.5x47.2,7.710,sf,box,2 pcs/box,15.420,4.9,23.5,47.2,2,75.0,V2 (slight),10,Rectified,Yes,Yes,Yes,Yes,Yes,X,Yes,X,Yes,Yes,,Porcelain and Ceramic,,,,,LTL
IMP-ARB-GRN-2448,Imperial Arabescato Green 24x48 (ARABESCATO GREEN POL RECT 60X120),IMPERIAL ARABESCATO GREEN 24X48,Imperial,Porcelain,"13/32""",10.5,Polished,Loose,23.5x47.2,7.710,sf,box,2 pcs/box,15.420,4.9,23.5,47.2,2,75.0,V2 (slight),10,Rectified,Yes,Yes,Yes,Yes,Yes,X,Yes,X,Yes,Yes,,Porcelain and Ceramic,,,,,LTL
IMP-ARB-GRN-MAT-2448,Imperial Arabescato Green Matte 24x48 (ARABESCATO GREEN MATT RECT 60X120),IMPERIAL ARABESCATO GREEN MATTE 24X48,Imperial,Porcelain,"13/32""",10.5,Matte,Loose,23.5x47.2,7.710,sf,box,2 pcs/box,15.420,4.9,23.5,47.2,2,75.0,V2 (slight),10,Rectified,Yes,Yes,Yes,Yes,Yes,X,Yes,X,Yes,Yes,,Porcelain and Ceramic,,,,,LTL
IMP-AZL-CRS-2448,Venus Azul Cross 60x120,Imperial Azul Crosscut 24x48,Imperial,Porcelain,"13/32""",10,honed,Loose,"23.62x47.25""",7.750,sf,box,2 pcs/box,15.500,4.4,23.5,47.2,2,67.8,V2 (slight),16,Rectified,Yes,Yes,Yes,Yes,Yes,X,Yes,X,Yes,Yes,Yes,Porcelain and Ceramic,,,,,LTL
IMP-AZL-CRS-MOS,MOS 5X5 VENUS AZUL CROSS,Imperial Azul Crosscut Mosaic ,Imperial,Porcelain,"13/32""",9,honed,Mesh Mounted,"12x12""",0.970,sheet,sheet,4 pcs/box,3.880,4.1,12,12,4,16.5,V3,,Rectified,Yes,Yes,Yes,Yes,Yes,Yes,Yes,Yes,Yes,Yes,Yes,Porcelain and Ceramic,,,,,
IMP-AZL-VND-2448,Venus Azul Veined 60x120,Imperial Azul Veined 24x48,Imperial,Porcelain,"13/32""",10,Honed,Loose,"23.62x47.25""",7.750,sf,box,2 pcs/box,15.500,4.4,23.5,47.2,2,67.8,V2 (slight),16,Rectified,Yes,Yes,Yes,Yes,Yes,X,Yes,X,Yes,Yes,Yes,Porcelain and Ceramic,,,,,LTL
IMP-CAL-GRN-2448-(Discontinued),CALACATTA GREEN PL (PRC)60X120,IMPERIAL CALACATTA GREEN,Imperial,Porcelain,"13/32""",10.5,Polished,Loose,"47.25x23.6""",7.750,sf,box,2 pcs/bpx,15.500,5.0,47.25,23.60,2,77.7,V3 (moderate),,Rectified,Yes,Yes,Yes,Yes,Yes,X,Yes,X,Yes,Yes,Yes,Porcelain and Ceramic,,,,,LTL
IMP-CAL-GRN-MOS-(Discontinued),CALACATTA GREEN PL MOSAIC(ML)30X30/ARG_S,IMPERIAL CALACATTA GREEN MOSAIC,Imperial,Porcelain,"13/32""",10.5,Polished,Mesh,"11.81x11.81""",0.969,sheet,sheet,11 pcs/box,10.654,4.7,11.81,11.81,11,51.7,V3 (moderate),,Rectified,Yes,Yes,Yes,Yes,Yes,Yes,Yes,X,Yes,Yes,Yes,Porcelain and Ceramic,,,,,
IMP-CAL-HEX-Discontinued,Emporio Calacatta hex,IMPERIAL CALACATTA HEX,Imperial,Porcelain,"13/32""",10,Matte,Loose,"7.8x9""",0.377,sf,box,24 pcs/box,9.038,4.4,7.8,9,24,39.6,V2 (slight),,Rectified,Yes,Yes,Yes,Yes,Yes,Yes,Yes,X,Yes,Yes,Yes,Porcelain and Ceramic,,,,,LTL
IMP-CAL-MOS,Emporio Calacatta Mosaic,IMPERIAL CALACATTA MOSAIC,Imperial,Porcelain,"13/32""",9.5,Matte,Mesh Mounted,"11.87x11.87""",0.978,sheet,box,11 pcs/box,10.763,4.7,11.87,11.87,11,51.6,V2 (slight),,Rectified,Yes,Yes,Yes,Yes,Yes,Yes,Yes,Yes,Yes,Yes,Yes,Porcelain and Ceramic,,,,,
IMP-CLA-HEX,Linz Brown Hex Mosaic,IMPERIAL CLAY HEX,Imperial,Porcelain,"13/32""",10.5,Polished,Mesh Mounted,,0.788,sheet,sheet,9 pcs/box,7.088,4.7,8.86,12.8,9,42.3,V3 (moderate),,Rectified,Yes,Yes,Yes,Yes,Yes,Yes,Yes,X,Yes,Yes,Yes,Porcelain and Ceramic,,,,,
IMP-CLA-2448,Linz Brown Polished 24x48,IMPERIAL CLAY POLISHED 24X48,Imperial,Porcelain,"13/32""",10.5,Polished,Loose,"23.7x47.25""",7.777,sf,box,2 pcs/box,15.553,5.0,23.7,47.25,2,78.0,V3 (moderate),10,Rectified,Yes,Yes,Yes,Yes,Yes,X,Yes,X,Yes,Yes,Yes,Porcelain and Ceramic,32,496,,,LTL
IMP-COLB-2448,Colbert 60x120,IMPERIAL COLBERT 24X48,Imperial,Porcelain,"3/8""",9,Matte,Loose,"23.6x47.2""",7.750,sf,box,2 pcs/box,15.500,4.0,23.6,47.2,2,62.0,V2 (Slight),,Rectified,Yes,Yes,Yes,Yes,Yes,Yes,Yes,X,Yes,Yes,Yes,Porcelain and Ceramic,36,558,2337,840x1200x740mm,LTL
IMP-COLB-4848,Colbert 120x120  ,IMPERIAL COLBERT 48X48,Imperial,Porcelain,"3/8""",9,Matte,Loose,"47.2x47.2""",15.500,sf,box,1 pcs/box,15.500,4.9,47.2,47.2,1,75.2,V2 (Slight),,Rectified,Yes,Yes,Yes,Yes,Yes,Yes,Yes,X,Yes,Yes,Yes,Porcelain and Ceramic,40,620,2783,1260x1260x671mm,LTL
IMP-CRS-BEA-2448,ImperIal Crystal Beach 24x48 (ELMC),IMPERIAL CRYSTAL BEACH 24X48,Imperial,Porcelain,3/8,9.5,Lappato,Loose,"23.62x47.25""",7.750,sf,box,2 pcs/box,15.501,4.5,23.62,47.25,2,69.9,V3 (moderate),20,Rectified,Yes,Yes,Yes,Yes,Yes,X,Yes,X,Yes,Yes,,Porcelain and Ceramic,36,558,2514,,LTL
IMP-CRS-BEA-MOS,Crystal Ambra Mosaico 5x5 Full Lappato,IMPERIAL CRYSTAL BEACH MOSAIC,Imperial,Porcelain,3/8,9.5,Lappato,Mesh Mounted,"11.81x11.81""",0.969,sheet,sheet,5 pcs/box,4.844,4.1,11.811,11.811,5,20.6,V3 (moderate),,Rectified,Yes,Yes,Yes,Yes,Yes,Yes,Yes,Yes,Yes,Yes,Yes,Porcelain and Ceramic,60,290.626,1156,,
IMP-CRS-BLU-2448,ImperIal Crystal Blue 24x48 (ELMD),IMPERIAL CRYSTAL BLUE 24X48,Imperial,Porcelain,3/8,9.5,Lappato,Loose,"23.62x47.25""",7.750,sf,box,2 pcs/box,15.501,4.5,23.62,47.25,2,69.9,V3 (moderate),20,Rectified,Yes,Yes,Yes,Yes,Yes,X,Yes,X,Yes,Yes,,Porcelain and Ceramic,36,558,2514,,LTL
IMP-CRS-BLU-MOS,ImperIal Crystal Blue Mosaic (ELVE),IMPERIAL CRYSTAL BLUE MOSAIC,Imperial,Porcelain,3/8,9.5,Lappato,Mesh Mounted,"11.81x11.81""",0.969,sheet,sheet,5 pcs/box,4.844,4.1,11.811,11.811,5,20.6,V3 (moderate),,Rectified,Yes,Yes,Yes,Yes,Yes,Yes,Yes,Yes,Yes,Yes,Yes,Porcelain and Ceramic,60,290.626,1156,,
IMP-CR-CRS-MOS,MOS 5X5 VENUS CRYSTAL CROSS,Imperial Crystal Crosscut Mosaic,Imperial,Porcelain,"13/32""",9,honed,Mesh Mounted,"12x12""",0.970,sheet,sheet,4 pcs/box,3.880,4.1,12,12,4,16.5,V3,,Rectified,Yes,Yes,Yes,Yes,Yes,Yes,Yes,Yes,Yes,Yes,Yes,Porcelain and Ceramic,,,,,
IMP-CRS-WHT-2448,ImperIal Crystal White 24x48 (ELMA),IMPERIAL CRYSTAL WHITE 24X48,Imperial,Porcelain,3/8,9.5,Lappato,Loose,"23.62x47.25""",7.750,sf,box,2 pcs/box,15.501,4.5,23.62,47.25,2,69.9,V3 (moderate),20,Rectified,Yes,Yes,Yes,Yes,Yes,X,Yes,X,Yes,Yes,,Porcelain and Ceramic,36,558,2514,,LTL
IMP-CRS-WHT-MOS,Crystal White Mosaico 5x5 Full Lappato,IMPERIAL CRYSTAL WHITE MOSAIC,Imperial,Porcelain,3/8,9.5,Lappato,Mesh Mounted,"11.81x11.81""",0.969,sheet,sheet,5 pcs/box,4.844,4.1,11.811,11.811,5,20.6,V3 (moderate),,Rectified,Yes,Yes,Yes,Yes,Yes,Yes,Yes,Yes,Yes,Yes,Yes,Porcelain and Ceramic,60,290.626,1156,,
IMP-EAR-NAT-1224,Imperial Earth Natural 12x24 (EARTHSONG NATURAL 30x60),IMPERIAL EARTH NATURAL 12X24,Imperial,Porcelain,"3/8""",9.8,Matte,Loose,"11.81x23.62""",1.937,sf,box,6 pcs/box,11.621,4.0,11.81,23.62,6,46.3,V3 (moderate),,Rectified,Yes,Yes,Yes,Yes,Yes,X,Yes,X,Yes,Yes,Yes,Porcelain and Ceramic,,,,,LTL
IMP-EAR-NAT-2424,Imperial Earth Natural 24x24 (GRES P. EARTHSONG NATURAL 60x60),IMPERIAL EARTH NATURAL 24X24,Imperial,Porcelain,"3/8""",9.8,Matte,Loose,"23.62x23.62""",3.874,sf,box,3 pcs/box,11.621,4.0,23.62,23.62,3,46.3,V3 (moderate),,Rectified,Yes,Yes,Yes,Yes,Yes,X,Yes,X,Yes,Yes,Yes,Porcelain and Ceramic,,,,,LTL
IMP-EAR-NAT-2448,Imperial Earth Natural 24x48 (Earthsong Natural 60x120),IMPERIAL EARTH NATURAL 24X48,Imperial,Porcelain,"3/8""",9.8,Matte,Loose,"23.62x47.25""",7.748,sf,box,2 pcs/box,15.495,4.7,23.62,47.25,2,72.6,V3 (moderate),,Rectified,Yes,Yes,Yes,Yes,Yes,X,Yes,X,Yes,Yes,Yes,Porcelain and Ceramic,,,,,LTL
IMP-EAR-NAT-MOS,MS EARTHSONG NATURAL,IMPERIAL EARTH NATURAL MOSAIC,Imperial,Porcelain,"3/8""",9.8,Matte,Mesh Mounted,"11.81x11.81""",0.968,sheet,sheet,6 pcs/box,5.810,4.0,11.81,11.81,6,23.8,V3 (moderate),,Rectified,Yes,Yes,Yes,Yes,Yes,Yes,Yes,Yes,Yes,Yes,Yes,Porcelain and Ceramic,,,,,
IMP-EAR-WHT-1224,EARTHSONG WHITE,IMPERIAL EARTH WHITE 12X24,Imperial,Porcelain,"3/8""",9.8,Matte,Loose,"11.81x23.62""",1.937,sf,box,6 pcs/box,11.621,4.0,11.81,23.62,6,46.3,V3 (moderate),,Rectified,Yes,Yes,Yes,Yes,Yes,X,Yes,X,Yes,Yes,Yes,Porcelain and Ceramic,,,,,LTL
IMP-EAR-WHT-2424,GP EARTHSONG WHITE,IMPERIAL EARTH WHITE 24X24,Imperial,Porcelain,"3/8""",9.8,Matte,Loose,"23.62x23.62""",3.874,sf,box,3 pcs/box,11.621,4.0,23.62,23.62,3,46.3,V3 (moderate),,Rectified,Yes,Yes,Yes,Yes,Yes,X,Yes,X,Yes,Yes,Yes,Porcelain and Ceramic,,,,,LTL
IMP-EAR-WHT-2448,Imperial Earth White 24x48 (EARTHSONG WHITE 60x120),IMPERIAL EARTH WHITE 24X48,Imperial,Porcelain,"3/8""",9.8,Matte,Loose,"23.62x47.25""",7.748,sf,box,2 pcs/box,15.495,4.7,23.62,47.25,2,72.6,V3 (moderate),,Rectified,Yes,Yes,Yes,Yes,Yes,X,Yes,X,Yes,Yes,Yes,Porcelain and Ceramic,,,,,LTL
IMP-EAR-WHT-MOS,MS EARTHSONG WHITE,IMPERIAL EARTH WHITE MOSAIC,Imperial,Porcelain,"3/8""",9.8,Matte,Mesh Mounted,"11.81x11.81""",0.968,sheet,sheet,6 pcs/box,5.810,4.0,11.81,11.81,6,23.8,V3 (moderate),,Rectified,Yes,Yes,Yes,Yes,Yes,Yes,Yes,Yes,Yes,Yes,Yes,Porcelain and Ceramic,,,,,
IMP-EDN-2448,"EDEN SAND NT/60X120X0,9/C/R",Imperial Eden 24X48,Imperial,Porcelain,"3/8""",9,Matte,Loose,23.6x47.2,7.750,sf,box,2,15.5,4.3,23.6,47.2,2,66.4,V2,18,Rectified,Yes,Yes,Yes,Yes,Yes,X,Yes,X,Yes,Yes,Yes,Porcelain and Ceramic,,,,,LTL
IMP-GAL-BEI-2448,Imperial Galaxy Beige 24x48 (P.E. PUL GALAXY BEIGE 60X120 RECT),IMPERIAL GALAXY BEIGE 24X48,Imperial,Porcelain,"13/32""",10.5,Polished,Loose,"23.23x46.85""",7.558,sf,box,2 pcs/box,15.116,4.9,23.23,46.85,2,74.5,V3 (moderate),10,Rectified,Yes,Yes,Yes,Yes,Yes,X,Yes,X,Yes,Yes,Yes,Porcelain and Ceramic,,,,,LTL
IMP-GLD-NER-2448,Imperial Gold Nero 24x48 (Gold Nero Polished 60x120),IMPERIAL GOLD NERO 24X48,Imperial,Porcelain,"13/32""",10.5,Polished,Loose,"23.7x47.25""",7.777,sf,box,2 pcs/box,15.553,5.0,23.7,47.25,2,78.0,V2 (slight),10,Rectified,Yes,Yes,Yes,Yes,Yes,X,Yes,X,Yes,Yes,Yes,Porcelain and Ceramic,32,496,,,LTL
IMP-GLD-NER-HEX,Gold Nero Hex Mosaic,IMPERIAL GOLD NERO HEX,Imperial,Porcelain,"13/32""",10.5,Polished,Mesh Mounted,,0.788,sheet,sheet,9 pcs/box,7.088,4.7,8.86,12.8,9,42.3,V2 (slight),,Rectified,Yes,Yes,Yes,Yes,Yes,Yes,Yes,X,Yes,Yes,Yes,Porcelain and Ceramic,,,,,
IMP-GRE-2448,Courel Grey,IMPERIAL GREY 24X48,Imperial,Color Body Porcelain,"13/32""",10.5,Matte,Loose,"23.7x47.25""",7.777,sf,box,2 pcs/box,15.553,5.0,23.7,47.25,2,78.0,V3 (moderate),14,Rectified,Yes,Yes,Yes,Yes,Yes,X,Yes,X,Yes,Yes,Yes,Porcelain and Ceramic,32,496,,,LTL
IMP-GRE-MOS,Imperial Grey Mosaic (Courel Grey),IMPERIAL GREY MOSAIC,Imperial,Color Body Porcelain,"13/32""",10.5,Matte,Mesh Mounted,"11.81x11.81""",0.969,sheet,sheet,11 pcs/box,10.654,4.7,11.81,11.81,11,51.7,V3 (moderate),,Rectified,Yes,Yes,Yes,Yes,Yes,Yes,Yes,Yes,Yes,Yes,Yes,Porcelain and Ceramic,,,,,
IMP-ICE-HEX-(Discontinued),Iceland Snow Hex Mosaic,IMPERIAL ICELAND HEX,Imperial,Porcelain,"13/32""",10.5,Polished,Mesh Mounted,,0.788,sheet,sheet,9 pcs/box,7.088,4.7,8.86,12.8,9,42.3,V3 (moderate),,Rectified,Yes,Yes,Yes,Yes,Yes,Yes,Yes,X,Yes,Yes,Yes,Porcelain and Ceramic,,,,,
IMP-JAD-CRS-2448,Venus Jade Cross 60x120,Imperial Jade Crosscut 24x48,Imperial,Porcelain,"13/32""",10,Honed,Loose,"23.62x47.25""",7.750,sf,box,2 pcs/box,15.500,4.4,23.6,47.2,2,67.8,V2 (slight),16,Rectified,Yes,Yes,Yes,Yes,Yes,X,Yes,X,Yes,Yes,Yes,Porcelain and Ceramic,,,,,LTL
IMP-JAD-CRS-MOS,MOS 5X5 VENUS JADE CROSS,Imperial Jade Crosscut Mosaic,Imperial,Porcelain,"13/32""",9,honed,Mesh Mounted,"12x12""",0.970,sheet,sheet,4 pcs/box,3.880,4.1,12,12,4,16.5,V3,,Rectified,Yes,Yes,Yes,Yes,Yes,Yes,Yes,Yes,Yes,Yes,Yes,Porcelain and Ceramic,,,,,
IMP-JAD-VND-2448,Venus Jade Veined 60x120,Imperial Jade Veined 24x48,Imperial,Porcelain,"13/32""",10,Honed,Loose,"23.62x47.25""",7.750,sf,box,2 pcs/box,15.500,4.4,23.6,47.2,2,67.8,V2 (slight),16,Rectified,Yes,Yes,Yes,Yes,Yes,X,Yes,X,Yes,Yes,Yes,Porcelain and Ceramic,,,,,LTL
IMP-MTZ-2448,Imperial Matarazzo (MATARAZZO PURE PL (PRC)60X120),IMPERIAL MATARAZZO,Imperial,Porcelain,"13/32""",10.5,Polished,Loose,"47.25x23.6""",7.750,sf,box,2 pcs/bpx,15.500,5.0,47.25,23.60,2,77.7,V3 (moderate),,Rectified,Yes,Yes,Yes,Yes,Yes,X,Yes,X,Yes,Yes,Yes,Porcelain and Ceramic,,,,,LTL
IMP-MTZ-MOS,MATARAZZO PURE PL MOSAIC(ML)30X30,IMPERIAL MATARAZZO MOSAIC,Imperial,Porcelain,"13/32""",10.5,Polished,Mesh,"11.81x11.81""",0.969,sheet,sheet,11 pcs/box,10.654,4.7,11.81,11.81,11,51.7,V3 (moderate),,Rectified,Yes,Yes,Yes,Yes,Yes,Yes,Yes,X,Yes,Yes,Yes,Porcelain and Ceramic,,,,,
IMP-CAL-MAT-2448,Emporio Calacatta Matt 24x48,IMPERIAL MATTE CALACATTA 24X48,Imperial,Porcelain,"13/32""",10.5,Matte,Loose,"23.62x47.25""",7.744,sf,box,2 pcs/box,15.488,4.8,23.6,47.25,2,75.0,V2 (slight),10,Rectified,Yes,Yes,Yes,Yes,Yes,X,Yes,X,Yes,Yes,Yes,Porcelain and Ceramic,,,,,LTL
IMP-MET-BLK-2448,Imperial Metro Black 24x48 (P.E. PUL METROPOLITAN BLACK),IMPERIAL METRO BLACK 24X48,Imperial,Porcelain,"13/32""",10.5,Polished,Loose,"23.23x46.85""",7.558,sf,box,2 pcs/box,15.116,4.9,23.23,46.85,2,74.5,V3 (moderate),10,Rectified,Yes,Yes,Yes,Yes,Yes,X,Yes,X,Yes,Yes,Yes,Porcelain and Ceramic,,,,,LTL
IMP-ONX-BLK-2448,Imperial Onyx Pink 36x36 (00EKU002),IMPERIAL ONYX BLACK 24X48,Imperial,Porcelain,3/8,9.5,Lappato,Loose,24x48,7.750,sf,box,2 pcs/box,15.501,4.5,23.62,47.25,2,69.9,V3 (moderate),17,Rectified,Yes,Yes,Yes,Yes,Yes,X,Yes,X,Yes,Yes,Yes,Porcelain and Ceramic,36,558.281,,,LTL
IMP-ONX-BLK-3636,Imperial Onyx Black 36x36 (EKTZ),IMPERIAL ONYX BLACK 36X36,Imperial,Porcelain,"3/8""",9.5,Lappato,Loose,36x36,8.719,sf,box,2 pcs/box,17.438,4.5,,,2,78.5,V3 (moderate),17,Rectified,Yes,Yes,Yes,Yes,Yes,X,Yes,X,Yes,Yes,Yes,Porcelain and Ceramic,36,558.281,,,LTL
IMP-ONX-BLK-MOS,"Imperial Onyx Black Mosaic (Onyx Black matte basket weave, EKZH)",IMPERIAL ONYX BLACK MOSAIC,Imperial,Porcelain,3/8,9.5,Matte,Mesh Mounted,"11.81x11.81""",0.969,sheet,sheet,5 pcs/box,4.843,3.9,11.81,11.81,5,19.3,V3 (moderate),,,Yes,Yes,Yes,Yes,Yes,Yes,Yes,Yes,Yes,Yes,Yes,Porcelain and Ceramic,60,646.158,,,
IMP-ONX-BLU-2448,Imperial ONYX DOA,IMPERIAL ONYX BLUE 24X48,Imperial,Porcelain,3/8,9.5,Lappato,Loose,24x48,7.750,sf,box,2 pcs/box,15.501,4.5,23.62,47.25,2,69.9,V3 (moderate),,Rectified,Yes,Yes,Yes,Yes,Yes,X,Yes,X,Yes,Yes,Yes,Porcelain and Ceramic,36,558.281,,,LTL
IMP-ONX-BLU-3636,Imperial Onyx Blue 36x36 (EKU3),IMPERIAL ONYX BLUE 36X36,Imperial,Porcelain,"3/8""",9.5,Lappato,Loose,36x36,8.719,sf,box,2 pcs/box,17.438,4.5,,,2,78.5,V3 (moderate),17,Rectified,Yes,Yes,Yes,Yes,Yes,X,Yes,X,Yes,Yes,Yes,Porcelain and Ceramic,36,558.281,,,LTL
IMP-ONX-BLU-MOS,Imperial Onyx Blue Mosaic (EKZM),IMPERIAL ONYX BLUE MOSAIC,Imperial,Porcelain,3/8,9.5,Matte,Mesh Mounted,"11.81x11.81""",0.969,sheet,sheet,5 pcs/box,4.843,3.9,11.81,11.81,5,19.3,V3 (moderate),,,Yes,Yes,Yes,Yes,Yes,Yes,Yes,Yes,Yes,Yes,Yes,Porcelain and Ceramic,60,646.158,,,
IMP-ONX-GIA-2448,Imperial Onyx Giada 24x48 (EMMR),IMPERIAL ONYX GIADA 24X48,Imperial,Porcelain,3/8,9,Lappato,Loose,24x48,7.750,sf,box,2 pcs/box,15.501,4.5,23.62,47.25,2,69.9,V3 (moderate),17,Rectified,Yes,Yes,Yes,Yes,Yes,X,Yes,X,Yes,Yes,Yes,Porcelain and Ceramic,36,558.281,,,LTL
IMP-ONX-GIA-MOS,Onyx Giada Lappato basket weave,IMPERIAL ONYX GIADA MOSAIC,Imperial,Porcelain,3/8,9.5,Lappato,Mesh Mounted,"11.81x11.81""",0.969,sheet,sheet,5 pcs/box,4.843,3.9,11.81,11.81,5,19.3,V3 (moderate),,,Yes,Yes,Yes,Yes,Yes,Yes,Yes,Yes,Yes,Yes,Yes,Porcelain and Ceramic,60,646.158,,,
IMP-ONX-GRN-2448,Imperial ONYX GREEN 24X48,IMPERIAL ONYX GREEN 24X48,Imperial,Porcelain,3/8,9.5,Lappato,Loose,24x48,7.750,sf,box,2 pcs/box,15.501,4.5,23.62,47.25,2,69.9,V3 (moderate),17,Rectified,Yes,Yes,Yes,Yes,Yes,X,Yes,X,Yes,Yes,Yes,Porcelain and Ceramic,36,558.281,,,LTL
IMP-ONX-GRN-3636,Onyx Green Lappato 36x36,IMPERIAL ONYX GREEN 36X36,Imperial,Porcelain,"3/8""",9.5,Lappato,Loose,36x36,8.719,sf,box,2 pcs/box,17.438,4.5,,,2,78.5,V3 (moderate),17,Rectified,Yes,Yes,Yes,Yes,Yes,X,Yes,X,Yes,Yes,Yes,Porcelain and Ceramic,36,558.281,,,LTL
IMP-ONX-GRN-MOS,Imperial Onyx Green Mosaic (EKZL),IMPERIAL ONYX GREEN MOSAIC,Imperial,Porcelain,3/8,9.5,Matte,Mesh Mounted,"11.81x11.81""",0.969,sheet,sheet,5 pcs/box,4.843,3.9,11.81,11.81,5,19.3,V3 (moderate),,,Yes,Yes,Yes,Yes,Yes,Yes,Yes,Yes,Yes,Yes,Yes,Porcelain and Ceramic,60,646.158,,,
IMP-ONX-MIL-2448,Onyx Miele Lappato 24x48,IMPERIAL ONYX MIELE 24X48,Imperial,Porcelain,3/8,9,Lappato,Loose,24x48,7.750,sf,box,2 pcs/box,15.501,4.5,23.62,47.25,2,69.9,V3 (moderate),17,Rectified,Yes,Yes,Yes,Yes,Yes,X,Yes,X,Yes,Yes,Yes,Porcelain and Ceramic,36,558.281,,,LTL
IMP-ONX-MIL-MOS,Onyx Miele Lappato basket weave,IMPERIAL ONYX MIELE MOSAIC,Imperial,Porcelain,3/8,9.5,Lappato,Mesh Mounted,"11.81x11.81""",0.969,sheet,sheet,5 pcs/box,4.843,3.9,11.81,11.81,5,19.3,V3 (moderate),,,Yes,Yes,Yes,Yes,Yes,Yes,Yes,Yes,Yes,Yes,Yes,Porcelain and Ceramic,60,646.158,,,
IMP-ONX-PER-2448,Onyx Perla Lappato 24x48,IMPERIAL ONYX PERLA 24X48,Imperial,Porcelain,3/8,9,Lappato,Loose,24x48,7.750,sf,box,2 pcs/box,15.501,4.5,23.62,47.25,2,69.9,V3 (moderate),17,Rectified,Yes,Yes,Yes,Yes,Yes,X,Yes,X,Yes,Yes,Yes,Porcelain and Ceramic,36,558.281,,,LTL
IMP-ONX-PER-MOS,Onyx Perla Lappato basket weave,IMPERIAL ONYX PERLA MOSAIC,Imperial,Porcelain,3/8,9.5,Lappato,Mesh Mounted,"11.81x11.81""",0.969,sheet,sheet,5 pcs/box,4.843,3.9,11.81,11.81,5,19.3,V3 (moderate),,,Yes,Yes,Yes,Yes,Yes,Yes,Yes,Yes,Yes,Yes,Yes,Porcelain and Ceramic,60,646.158,,,
IMP-ONX-PNK-2448,Imperial Onyx Pink 24x48 (EKTN),IMPERIAL ONYX PINK 24X48,Imperial,Porcelain,3/8,9.5,Lappato,Loose,24x48,7.750,sf,box,2 pcs/box,15.501,4.5,23.62,47.25,2,69.9,V3 (moderate),17,Rectified,Yes,Yes,Yes,Yes,Yes,X,Yes,X,Yes,Yes,Yes,Porcelain and Ceramic,36,558.281,,,LTL
IMP-ONX-PNK-3636,Imperial Onyx Pink 36x36 (00EKU002),IMPERIAL ONYX PINK 36X36,Imperial,Porcelain,"3/8""",9.5,Lappato,Loose,36x36,8.719,sf,box,2 pcs/box,17.438,4.5,,,2,78.5,V3 (moderate),17,Rectified,Yes,Yes,Yes,Yes,Yes,X,Yes,X,Yes,Yes,Yes,Porcelain and Ceramic,36,558.281,,,LTL
IMP-ONX-PNK-MOS,Imperial Onyx Pink Mosaic (EKZJ),IMPERIAL ONYX PINK MOSAIC ,Imperial,Porcelain,3/8,9.5,Matte,Mesh Mounted,"11.81x11.81""",0.969,sheet,sheet,5 pcs/box,4.843,3.9,11.81,11.81,5,19.3,V3 (moderate),,,Yes,Yes,Yes,Yes,Yes,Yes,Yes,Yes,Yes,Yes,Yes,Porcelain and Ceramic,60,646.158,,,
IMP-ONX-TUR-2448,Onyx Turchese Lappato 24x48,IMPERIAL ONYX TURCHESE 24X48,Imperial,Porcelain,3/8,9,Lappato,Loose,24x48,7.750,sf,box,2 pcs/box,15.501,4.5,23.62,47.25,2,69.9,V3 (moderate),17,Rectified,Yes,Yes,Yes,Yes,Yes,X,Yes,X,Yes,Yes,Yes,Porcelain and Ceramic,36,558.281,,,LTL
IMP-ONX-TUR-MOS,Onyx Turchese Lappato basket weave,IMPERIAL ONYX TURCHESE MOSAIC,Imperial,Porcelain,3/8,9.5,Lappato,Mesh Mounted,"11.81x11.81""",0.969,sheet,sheet,5 pcs/box,4.843,3.9,11.81,11.81,5,19.3,V3 (moderate),,,Yes,Yes,Yes,Yes,Yes,Yes,Yes,Yes,Yes,Yes,Yes,Porcelain and Ceramic,60,646.158,,,
IMP-ONX-WHT-2448,Onyx White Lappato 24x48,IMPERIAL ONYX WHITE 24X48,Imperial,Porcelain,3/8,9.5,Lappato,Loose,24x48,7.750,sf,box,2 pcs/box,15.501,4.5,23.62,47.25,2,69.9,V3 (moderate),17,Rectified,Yes,Yes,Yes,Yes,Yes,X,Yes,X,Yes,Yes,Yes,Porcelain and Ceramic,36,558.281,,,LTL
IMP-ONX-WHT-3636,Imperial ONYX WHITE 36X36,IMPERIAL ONYX WHITE 36X36,Imperial,Porcelain,"3/8""",9.5,Lappato,Loose,36x36,8.719,sf,box,2 pcs/box,17.438,4.5,,,2,78.5,V3 (moderate),17,Rectified,Yes,Yes,Yes,Yes,Yes,X,Yes,X,Yes,Yes,Yes,Porcelain and Ceramic,36,558.281,,,LTL
IMP-ONX-WHT-MOS,Onyx White matte basket weave,IMPERIAL ONYX WHITE MOSAIC,Imperial,Porcelain,3/8,9.5,Matte,Mesh Mounted,"11.81x11.81""",0.969,sheet,sheet,5 pcs/box,4.843,3.9,11.81,11.81,5,19.3,V3 (moderate),,,Yes,Yes,Yes,Yes,Yes,Yes,Yes,Yes,Yes,Yes,Yes,Porcelain and Ceramic,60,646.158,,,
IMP-PAT-BLU-2448,Imperial Patagonia Blue 24x48 (P.E. PUL PATAGONIA BLUE 60X120 RECT),IMPERIAL PATAGONIA BLUE 24X48,Imperial,Porcelain,"13/32""",10.5,Polished,Loose,"23.23x46.85""",7.558,sf,box,2 pcs/box,15.116,4.9,23.23,46.85,2,74.5,V3 (moderate),10,Rectified,Yes,Yes,Yes,Yes,Yes,X,Yes,X,Yes,Yes,Yes,Porcelain and Ceramic,,,,,LTL
IMP-PTR-GRY-2448,Petra grey 60x120 ,IMPERIAL PETRA GREY 24X48,Imperial,Porcelain,"3/8""",9,Matte,Loose,"23.6x47.2""",7.750,sf,box,2 pcs/box,15.500,4.5,23.6,47.2,2,69.9,V2 (Slight),,Rectified,Yes,Yes,Yes,Yes,Yes,Yes,Yes,X,Yes,Yes,Yes,Porcelain and Ceramic,36,558,2337,840x1200x740mm,LTL
IMP-PTR-GRY-4848,Petra grey 120x120,IMPERIAL PETRA GREY 48X48,Imperial,Porcelain,"3/8""",9,Matte,Loose,"47.2x47.2""",15.500,sf,box,1 pcs/box,15.500,4.9,47.2,47.2,1,75.2,V2 (Slight),,Rectified,Yes,Yes,Yes,Yes,Yes,Yes,Yes,X,Yes,Yes,Yes,Porcelain and Ceramic,40,620,2783,1260x1260x671mm,LTL
IMP-CAL-POL-2448,Emporio Calacatta Polished 24x48,IMPERIAL POLISHED CALACATTA 24X48,Imperial,Porcelain,"13/32""",10.5,Polished,Loose,"23.62x47.25""",7.744,sf,box,2 pcs/box,15.488,4.8,23.6,47.25,2,75.0,V2 (slight),10,Rectified,Yes,Yes,Yes,Yes,Yes,X,Yes,X,Yes,Yes,Yes,Porcelain and Ceramic,,,,,LTL
IMP-RID-WHT-2448,Imperial Ridge White 24x48 (Linz White Polished 60x120),IMPERIAL RIDGE WHITE 24X48,Imperial,Porcelain,"13/32""",10.5,Polished,Loose,"23.7x47.25""",7.777,sf,box,2 pcs/box,15.553,5.0,23.7,47.25,2,78.0,V3 (moderate),10,Rectified,Yes,Yes,Yes,Yes,Yes,X,Yes,X,Yes,Yes,Yes,Porcelain and Ceramic,32,496,,,LTL
IMP-RID-WHT-HEX,Imperial Ridge White Hex (Linz White Hex Mosaic),IMPERIAL RIDGE WHITE HEX,Imperial,Porcelain,"13/32""",10.5,Polished,Mesh Mounted,,0.788,sheet,sheet,9 pcs/box,7.088,4.7,8.86,12.8,9,42.3,V3 (moderate),,Rectified,Yes,Yes,Yes,Yes,Yes,Yes,Yes,X,Yes,Yes,Yes,Porcelain and Ceramic,,,,,
IMP-SNA-2448,Imperial Siena 24x48 (Siena Classico ),IMPERIAL SIENA 24X48,Imperial,Porcelain,"13/32""",10.5,Polished,Loose,"23.7x47.25""",7.777,sf,box,2 pcs/box,15.553,5.0,23.7,47.25,2,78.0,V2 (slight),12,Rectified,Yes,Yes,Yes,Yes,Yes,X,Yes,X,Yes,Yes,Yes,Porcelain and Ceramic,32,496,,,LTL
IMP-SNA-MOS,Siena Classico,IMPERIAL SIENA MOSAIC,Imperial,Porcelain,"13/32""",10.5,Matte,Mesh Mounted,"11.81x11.81""",0.969,sheet,sheet,11 sht/box,10.654,4.7,11.81,11.81,11,51.7,V3 (moderate),,Rectified,Yes,Yes,Yes,Yes,Yes,Yes,Yes,Yes,Yes,Yes,Yes,Porcelain and Ceramic,,,,,
IMP-SYR-GRN-2448-(Discontinued),SYROS GREEN PL (PRC)60X120,IMPERIAL SYROS GREEN,Imperial,Porcelain,"13/32""",10.5,Polished,Loose,"47.25x23.6""",7.750,sf,box,2 pcs/bpx,15.500,5.0,47.25,23.60,2,77.7,V3 (moderate),,Rectified,Yes,Yes,Yes,Yes,Yes,X,Yes,X,Yes,Yes,Yes,Porcelain and Ceramic,,,,,LTL
IMP-SYR-GRN-MOS,SYROS GREEN PL MOSAIC (ML) 30X30,IMPERIAL SYROS MOSAIC,Imperial,Porcelain,"13/32""",10.5,Polished,Mesh,"11.81x11.81""",0.969,sheet,sheet,11 pcs/box,10.654,4.7,11.81,11.81,11,51.7,V3 (moderate),,Rectified,Yes,Yes,Yes,Yes,Yes,Yes,Yes,X,Yes,Yes,Yes,Porcelain and Ceramic,,,,,
IMP-TAJ-MAH-2448,Imperial Taj Mahal (TAJ MAHAL WHITE),IMPERIAL TAJ MAHAL,Imperial,Porcelain,"13/32""",10.5,Polished,Loose,"23.7x47.25""",7.745,sf,box,2 pcs/box,15.490,4.8,23.7,47.25,2,74.8,V3 (moderate),16,Rectified,X,Yes,Yes,X,Yes,X,X,X,Yes,X,X,Porcelain and Ceramic,,,,,LTL
IMP-TEV-BLU-HEX,Imperial Teva Blue Hex  (Linz Blue Hex Mosaic),IMPERIAL TEVA BLUE HEX,Imperial,Porcelain,"13/32""",10.5,Polished,Mesh Mounted,,0.788,sheet,sheet,9 pcs/box,7.088,4.7,8.86,12.8,9,42.3,V3 (moderate),,Rectified,Yes,Yes,Yes,Yes,Yes,Yes,Yes,X,Yes,Yes,Yes,Porcelain and Ceramic,,,,,
IMP-TEV-BLU-2448,Linz Blue Polished 24x48,IMPERIAL TEVA BLUE POLISHED 24X48,Imperial,Porcelain,"13/32""",10.5,Polished,Loose,"23.7x47.25""",7.777,sf,box,2 pcs/box,15.553,5.0,23.7,47.25,2,78.0,V3 (moderate),10,Rectified,Yes,Yes,Yes,Yes,Yes,X,Yes,X,Yes,Yes,Yes,Porcelain and Ceramic,32,496,,,LTL
IMP-VAN-BLK-2448,Imperial Vanity Black 24x48 (Vanity black 60x120),IMPERIAL VANI BLACK 24X48,Imperial,Porcelain,"3/8""",9,Matte,Loose,"23.6x47.2""",7.750,sf,box,2 pcs/box,15.500,4.5,23.6,47.2,2,69.9,V2 (Slight),,Rectified,Yes,Yes,Yes,Yes,Yes,Yes,Yes,X,Yes,Yes,Yes,Porcelain and Ceramic,36,558,2337,840x1200x740mm,LTL
IMP-VAN-BLK-4848,Vanity 120x120,IMPERIAL VANI BLACK 48X48,Imperial,Porcelain,"3/8""",9,Matte,Loose,"47.2x47.2""",15.500,sf,box,1 pcs/box,15.500,4.9,47.2,47.2,1,75.2,V2 (Slight),,Rectified,Yes,Yes,Yes,Yes,Yes,Yes,Yes,X,Yes,Yes,Yes,Porcelain and Ceramic,40,620,2783,1260x1260x671mm,LTL
IMP-VEN-CR-CRS-2448,Venus VEN-Crystal Cross 60x120,Imperial Venus Crystal Crosscut 24x48,Imperial,Porcelain,"13/32""",10,Honed,Loose,"23.62x47.25""",7.750,sf,box,2 pcs/box,15.500,4.4,23.6,47.2,2,67.8,V2 (slight),16,Rectified,Yes,Yes,Yes,Yes,Yes,X,Yes,X,Yes,Yes,Yes,Porcelain and Ceramic,,,,,LTL
IMP-VEN-CR-VND-2448,Venus VEN-Crystal Veined 60x120,Imperial Venus Crystal Veined 24x48,Imperial,Porcelain,"13/32""",10,Honed,Loose,"23.62x47.25""",7.750,sf,box,2 pcs/box,15.500,4.4,23.6,47.2,2,67.8,V2 (slight),16,Rectified,Yes,Yes,Yes,Yes,Yes,X,Yes,X,Yes,Yes,Yes,Porcelain and Ceramic,,,,,LTL
IMPS-ART-BLN-1236,30 X 90 MT ARDUIN ART WHITE,IMPRESSIONS ART BLANCO 12X36,Impressions,Ceramic,"3/8""",9.8,Matte,Loose,"11.81x35.47""",2.906,sf,box,4 pcs/box,11.625,3.5,11.81,35.43,4,41.0,V3 (moderate),14,,X,Yes,Yes,X,Yes,Yes,Yes,X,Yes,Yes,X,Porcelain and Ceramic,51,592.87618,1973,,LTL
IMPS-BLN-1236,30 X 90 MT ARDUIN WHITE,IMPRESSIONS BLANCO 12X36,Impressions,Ceramic,"3/8""",9.8,Matte,Loose,"11.81x35.45""",2.906,sf,box,4 pcs/box,11.625,3.5,11.81,35.43,4,41.0,V3 (moderate),15,,X,Yes,Yes,X,Yes,Yes,Yes,X,Yes,Yes,X,Porcelain and Ceramic,51,592.87618,2094,,LTL
IMPS-CAN-WHT-2448,Impressions Canne White (CANN.WHITE.R60X120M),IMPRESSIONS CANNE WHITE,Impressions,Porcelain,"5/16""",9mm,Matte,Loose,"23.7x47.25""",7.777,sf,box,2 pcs/box,15.553,4.2,23.7,47.25,2,65.0,,,rectified,Yes,Yes,X,X,Yes,X,Yes,X,Yes,Yes,X,Porcelain and Ceramic,,,,,LTL
IMPS-CON-BLN-1236,30 X 90 MT ARDUIN CONCEPT WHITE,IMPRESSIONS CONCEPT BLANCO 12X36,Impressions,Ceramic,"13/32""",10.4,Matte,Loose,"11.81x35.46""",2.906,sf,box,4 pcs/box,11.625,3.5,11.81,35.43,4,41.0,V3 (moderate),15,,X,Yes,X,X,Yes,X,Yes,X,Yes,Yes,X,Porcelain and Ceramic,51,592.87618,1973,,LTL
IMPS-DAN-3636,Impressions Dandelion (OGI BIAN MAIOL VENT 906X906R),IMPRESSIONS DANDELION,Impressions,Porcelain,"3/8""",9,Glossy,Loose,35.67x35.67,8.835,sf,box,2 pcs/box,17.669,4.1,35.669,35.669,2,73.0,V2 (slight),,Rectified,X,Yes,Yes,Yes,Yes,X,Yes,X,Yes,Yes,X,Porcelain and Ceramic,20,353.38,1477,,LTL
IMPS-DOR-WHT-2448,Impressions Dorico White (DORI.WHITE.R60X120M),IMPRESSIONS DORICO WHITE,Impressions,Porcelain,"5/16""",9mm,Matte,Loose,"23.7x47.25""",7.777,sf,box,2 pcs/box,15.553,4.2,23.7,47.25,2,65.0,,,rectified,Yes,Yes,X,X,Yes,X,Yes,X,Yes,Yes,X,Porcelain and Ceramic,,,,,LTL
IMPS-DOT-DEC,Impressions Dots Deco (29 X 100 IBA BOULEVARD DECOR COLD SET 2),IMPRESSIONS DOTS DECO,Impressions,Ceramic,"13/32""",10.5,3rd Fired,Loose,11.81x35.4,2.900,sf,box,2 pcs/box,5.810,3.4,11.81,35.4,2,19.7,V3 (moderate),2,,X,Yes,Yes,X,Yes,Yes,Yes,X,Yes,Yes,X,Porcelain and Ceramic,51,592.87618,2240,,LTL
IMPS-ETHE-1236, 30 X 90 IBA ETHEREAL DECOR WHITE Set 2 pcs,IMPRESSIONS ETHEREAL 12X36,Impressions,Ceramic,"7/16""",10.4,Matte,Loose,"12x35.4""",2.91,sf,box,2 pcs/box,5.82,6.5,12,35,4,37.7,V4,, Rectified  ,X,Yes,X,X,Yes,X,X,X,Yes,Yes,,Porcelain and Ceramic,,,,,LTL
IMPS-ETH-WHT-2448,IBA ETHEREAL WHITE 60x120,Impressions Ethereal White 24x48,Impressions,Color Body Porcelain,"5/16""",10,Matte,Loose,"23.6x47.2""",7.750,sf,box,2,15.5,4.8,23.60,47.2,2,74.5,V4,9,Rectified,Yes,Yes,Yes,Yes,Yes,Yes,Yes,X,Yes,Yes,Yes,Porcelain and Ceramic,,,,,LTL
IMPS-ETH-WHT-DEC-2448,IBA ETHEREAL CONCEPT WHITE 60x120,Impressions Ethereal White Deco 24x48,Impressions,Color Body Porcelain,"7/16""",10.5,Matte,Loose,"23.6x47.2""",7.750,sf,box,2,15.5,4.9,23.60,47.2,2,75.2,V3,3,Rectified,Yes,Yes,X,X,Yes,X,Yes,X,Yes,Yes,X,Porcelain and Ceramic,,,,,LTL
IMPS-FLT-CAR-1236,Impressions Fluted Carrara 12x36 (30 X 90 MT BAMBOO CARRARA),IMPRESSIONS FLUTED CARRARA 12X36,Impressions,Ceramic,"3/8""",9.8,Matte,Loose,"11.81x35.48""",2.906,sf,box,4 pcs/box,11.625,3.4,11.81,35.43,4,40.0,V3 (moderate),,,X,Yes,X,X,Yes,X,Yes,X,Yes,Yes,X,Porcelain and Ceramic,,,,,LTL
IMPS-FLT-NER-1236,Impessions Fluted Nero 12x36 (30 X 90 MT BAMBOO NERO),IMPRESSIONS FLUTED NERO 12X36,Impressions,Ceramic,"3/8""",9.8,Matte,Loose,"11.81x35.48""",2.906,sf,box,4 pcs/box,11.625,3.4,11.81,35.43,4,40.0,V3 (moderate),,,X,Yes,X,X,Yes,X,Yes,X,Yes,Yes,X,Porcelain and Ceramic,,,,,LTL
IMPS-GIN-WHT-1236,30 X 90 MT SANTORINI ART WHITE GLOW,IMPRESSIONS GINKGO WHITE 12X36,Impressions,Ceramic,"7/16""",10.4,Matte,Loose,12”x35”,2.91,sf,box,4 pcs/box,11.63,3.2,12,35,4,37.7,,1, Rectified  ,X,Yes,X,X,Yes,X,X,X,Yes,Yes,,Porcelain and Ceramic,,,,,LTL
IMPS-LWL-2448,IMPRESSIONS LOWELL 24X48 (XS LOWELL LIGHT (AZJ)60X120 RC STD),IMPRESSIONS LOWELL 24X48,Impressions,Ceramic,"9/32""",7mm,Matte,,24x48,7.750,sf,box,3,23.250,2.6,24,48,3,59.5,V2,10,Rectified,X,Yes,X,X,Yes,X,X,X,Yes,Yes,,Porcelain and Ceramic,,,,,LTL
IMPS-LWL-DEC-2448,IMPRESSIONS LOWELL DECOR 24X48 (XS LOWELL SAVAGE LHT(AZJ) 60X120RC),IMPRESSIONS LOWELL DECOR 24X48,Impressions,Ceramic,"5/16""",8.2,Matte,,24x48,7.750,sf,box,2,15.500,3.0,24,48,2,46.3,V2,10,Rectified,X,Yes,X,X,Yes,X,X,X,Yes,Yes,,Porcelain and Ceramic,,,,,LTL
IMPS-MAI-WHT-3636,Impressions Maiolica White (OGI BIANCO MAIOLICA 906X906R),IMPRESSIONS MAIOLICA WHITE,Impressions,Porcelain,"3/8""",9,Glossy,Loose,35.67x35.67,8.835,sf,box,2 pcs/box,17.669,4.1,35.669,35.669,2,73.0,V2 (slight),,Rectified,X,Yes,Yes,Yes,Yes,X,Yes,X,Yes,Yes,X,Porcelain and Ceramic,20,353.38,1477,,LTL
IMPS-OCN-SND-1648,Impressions Ocean Sand 16x48(IBA SHADE ART MIX 40x120),Impressions Ocean Sand 16x48,Impressions,Ceramic,"7/16""",10.4,Matte,Loose,"15.7x47.2""",5.167,sf,box,3,15.5,3.3,15.70,47.2,3,51.4,V4,3,Rectified,X,Yes,X,X,Yes,X,Yes,X,X,Yes,X,Porcelain and Ceramic,,,,,LTL
IMPS-SLT-BLK,Impressions Slate Black  (30 X 90 MT LEIRA NEGRO),IMPRESSIONS SLATE BLACK,Impressions,Ceramic,"3/8""",9.8,Matte,Loose,"11.81x35.44""",2.906,sf,box,4 pcs/box,11.623,3.4,11.81,35.43,4,39.0,V3 (moderate),1,,X,Yes,Yes,X,Yes,Yes,Yes,X,Yes,Yes,X,Porcelain and Ceramic,,,,,LTL
IMPS-SLT-WHT,30 X 90 MT LEIRA BLANCO,IMPRESSIONS SLATE WHITE,Impressions,Ceramic,"3/8""",9.8,Matte,Loose,"11.81x35.43""",2.906,sf,box,4 pcs/box,11.623,3.4,11.81,35.43,4,39.0,V3 (moderate),3,,X,Yes,Yes,X,Yes,Yes,Yes,X,Yes,Yes,X,Porcelain and Ceramic,,,,,LTL
IMPS-TUN-WHT-1648,MT TUNEZ WHITE 40x120,Impressions Tunisian White 16x48,Impressions,Ceramic,"5/16""",9.8,Matte,Loose,"15.7x47.2""",5.167,sf,box,3,15.5,3.4,15.70,47.2,3,53.4,V4,12,Rectified,X,Yes,Yes,X,Yes,X,Yes,X,X,Yes,X,Porcelain and Ceramic,,,,,LTL
IMPS-TUN-DEC-1648,MT TUNEZ ART WHITE 40x120,Impressions Tunisian White Deco 16x48,Impressions,Ceramic,"7/16""",10.4,Matte,Loose,"15.7x47.2""",5.167,sf,box,3,15.5,3.3,15.70,47.2,3,51.4,V5,12,Rectified,X,Yes,X,X,Yes,X,Yes,X,X,Yes,X,Porcelain and Ceramic,,,,,LTL
JIG-ACE-2448,JIGSAW ACERO (Metallo Metric Acero),JIGSAW ACERO,Jigsaw,Porcelain,"7/16""",10.5,"Matte, Textured",Loose,"23.62x47.25""",7.750,sf,box,2 pcs/box,15.500,4.9,23.62,47.25,2,75.2,V4,11,Rectified,Yes,Yes,X,X,Yes,X,Yes,X,Yes,Yes,X,Porcelain and Ceramic,,,,,LTL
JIG-BIA-2448,JIGSAW BIANCO (Metallo Metric Bianco),JIGSAW BIANCO,Jigsaw,Porcelain,"7/16""",10.5,"Matte, Textured",Loose,"23.62x47.25""",7.750,sf,box,2 pcs/box,15.500,4.9,23.62,47.25,2,75.2,V4,11,Rectified,Yes,Yes,X,X,Yes,X,Yes,X,Yes,Yes,X,Porcelain and Ceramic,,,,,LTL
JIG-OXI-2448,JIGSAW OXIDO  (Metallo Metric Oxido),JIGSAW OXIDO,Jigsaw,Porcelain,"7/16""",10.5,"Matte, Textured",Loose,"23.62x47.25""",7.750,sf,box,2 pcs/box,15.500,4.9,23.62,47.25,2,75.2,V4,11,Rectified,Yes,Yes,X,X,Yes,X,Yes,X,Yes,Yes,X,Porcelain and Ceramic,,,,,LTL
JUM-BLK-1225,Slatestone Black 12.5x25,JUMANJI BLACK 12X25,Jumanji,Colored Body Porcelain,"3/8""",,Matte,Loose,"12.5x25""",2.170,sf,box,7 pcs/box,15.191,4.0,12.5,25,7,60.4,V3 (moderate),10,Pressed,Yes,Yes,Yes,Yes,Yes,Yes,Yes,X,Yes,Yes,Yes,Porcelain and Ceramic,,,,,LTL
JUM-BLK-1248,JUMANJI BLACK 12X48 (120 X 30 IBA SLATESTONE BLACK),JUMANJI BLACK 12X48,Jumanji,Colored Body Porcelain,"3/8""",11mm,Matte,Loose,"11.8 x 47.3""",3.876,sf,box,3 pcs/box,11.628,5.0,11.8,47.3,3,57.7,V3 (moderate),15,Rectified,Yes,Yes,Yes,Yes,Yes,X,Yes,X,Yes,Yes,Yes,Porcelain and Ceramic,,,,,LTL
JUM-BLK-2448,JUMANJI BLACK 24X48 (Slatestone Black 60x120),JUMANJI BLACK 24X48,Jumanji,Colored Body Porcelain,"3/8""",,Matte,Loose,"23.6x47.3""",7.752,sf,box,2 pcs/box,15.504,5.0,23.6,47.3,2,77.5,V3 (moderate),5,Rectified,Yes,Yes,Yes,Yes,Yes,X,Yes,X,Yes,Yes,Yes,Porcelain and Ceramic,,,,,LTL
JUM-BLK-MOS,JUMANJI BLACK MOSAIC (30 X 30 IBA MOSAICO SLATESTONE BLACK),JUMANJI BLACK MOSAIC,Jumanji,Colored Body Porcelain,"3/8""",,Matte,Mesh Mounted,"11.8x11.8""",0.967,sheet,sheet,11 sht/box,10.636,4.2,11.8,11.8,11,46.1,V3 (moderate),6,Rectified,Yes,Yes,Yes,Yes,Yes,Yes,Yes,Yes,Yes,Yes,Yes,Porcelain and Ceramic,,,,,
JUM-BLK-TEX,Decor Tropic Pearl 11.8x47.3,JUMANJI BLACK TEXTURES DECO,Jumanji,Colored Body Porcelain,"3/8""",,Textured,Loose,"11.8 x 47.3""",3.876,sf,box,3 pcs/box,11.628,5.0,11.8,47.3,3,57.7,V3 (moderate),3,Rectified,Yes,Yes,Yes,X,Yes,X,Yes,X,Yes,Yes,X,Porcelain and Ceramic,,,,,LTL
JUM-BLK-TROP,Decor Tropic Black 11.8x47.3,JUMANJI BLACK TROPIC DECO,Jumanji,Colored Body Porcelain,"3/8""",,Matte,Loose,"11.8 x 47.3""",3.876,sf,box,3 pcs/box,11.628,5.0,11.8,47.3,3,58.0,V3 (moderate),3,Rectified,X,Yes,X,X,Yes,X,X,X,Yes,Yes,X,Porcelain and Ceramic,,,,,LTL
JUM-PRL-1225,Slatestone Pearl 12.5x25,JUMANJI PEARL 12X25,Jumanji,Colored Body Porcelain,"3/8""",,Matte,Loose,"12.5x25""",2.170,sf,box,7 pcs/box,15.191,4.0,12.5,25,7,60.4,V3 (moderate),10,Pressed,Yes,Yes,Yes,Yes,Yes,Yes,Yes,X,Yes,Yes,Yes,Porcelain and Ceramic,,,,,LTL
JUM-PRL-1248,Slatestone Pearl 11.8x47.3,JUMANJI PEARL 12X48,Jumanji,Colored Body Porcelain,"3/8""",,Matte,Loose,"11.8 x 47.3""",3.876,sf,box,3 pcs/box,11.628,5.0,11.8,47.3,3,57.7,V3 (moderate),15,Rectified,Yes,Yes,Yes,Yes,Yes,X,Yes,X,Yes,Yes,Yes,Porcelain and Ceramic,,,,,LTL
JUM-PRL-2448,Slatestone Pearl 23.6x47.3,JUMANJI PEARL 24X48,Jumanji,Colored Body Porcelain,"3/8""",,Matte,Loose,"23.6x47.3""",7.752,sf,box,2 pcs/box,15.504,5.1,23.6,47.3,2,78.8,V3 (moderate),5,Rectified,Yes,Yes,Yes,Yes,Yes,X,Yes,X,Yes,Yes,Yes,Porcelain and Ceramic,,,,,LTL
JUM-PRL-MOS,Mosaico Slatestone Pearl,JUMANJI PEARL MOSAIC,Jumanji,Colored Body Porcelain,"3/8""",,Matte,Mesh Mounted,,0.967,sheet,sheet,11 sht/box,10.636,4.2,11.8,11.8,11,46.1,V3 (moderate),6,Rectified,Yes,Yes,Yes,Yes,Yes,Yes,Yes,Yes,Yes,Yes,Yes,Porcelain and Ceramic,,,,,
JUM-PRL-TEX,Decor Textures Pearl 11.8x47.3,JUMANJI PEARL TEXTURES DECO,Jumanji,Colored Body Porcelain,"3/8""",,Textured,Loose,"11.8 x 47.3""",3.876,sf,box,3 pcs/box,11.628,5.0,11.8,47.3,3,57.7,V3 (moderate),3,Rectified,Yes,Yes,Yes,X,Yes,X,Yes,X,Yes,Yes,X,Porcelain and Ceramic,,,,,LTL
JUM-PRL-TROP,Decor Textures Black 11.8x47.3,JUMANJI PEARL TROPIC DECO,Jumanji,Colored Body Porcelain,"3/8""",,Matte,Loose,"11.8 x 47.3""",3.876,sf,box,3 pcs/box,11.628,5.0,11.8,47.3,3,58.0,V3 (moderate),10,Rectified,X,Yes,X,X,Yes,X,X,X,Yes,Yes,X,Porcelain and Ceramic,,,,,LTL
KAS-CAR-1060,KASAI CARTA,KASAI CARTA,Kasai,Porcelain,"5/16""",,Matte,Loose,"9.85x59""",4.035,sf,box,3 pcs/box,12.105,4.2,9.85,59,3,51.0,V2 (slight),24,Rectified,Yes,Yes,Yes,Yes,Yes,Yes,Yes,X,Yes,Yes,Yes,Porcelain and Ceramic,,,,,LTL
KAS-CAR-KIN,KASAI CARTA KINTSU,KASAI CARTA KINTSU,Kasai,Porcelain,"5/16""",,Matte,Loose,"9.85x59""",4.035,sf,box,3 pcs/box,12.105,4.4,9.85,59,3,53.0,V2 (slight),3,Rectified,Yes,Yes,Yes,Yes,Yes,Yes,Yes,X,Yes,Yes,Yes,Porcelain and Ceramic,,,,,LTL
KAS-CAR-KOI,KASAI CARTA KOI,KASAI CARTA KOI,Kasai,Porcelain,"5/16""",,Matte,Loose,"9.85x59""",4.035,sf,box,3 pcs/box,12.105,4.2,9.85,59,3,51.0,V2 (slight),12,Rectified,Yes,Yes,Yes,Yes,Yes,Yes,Yes,X,Yes,Yes,Yes,Porcelain and Ceramic,,,,,LTL
KAS-CAR-SAK,KASAI CARTA SAKURA (KASAI CARTA SAKURA),KASAI CARTA SAKURA,Kasai,Porcelain,"5/16""",,Matte,Loose,"9.85x59""",4.035,sf,box,3 pcs/box,12.105,4.2,9.85,59,3,51.0,V2 (slight),12,Rectified,Yes,Yes,Yes,Yes,Yes,Yes,Yes,X,Yes,Yes,Yes,Porcelain and Ceramic,,,,,LTL
KAS-FUM-1060,KASAI FUMO,KASAI FUMO,Kasai,Porcelain,"5/16""",,Matte,Loose,"9.85x59""",4.035,sf,box,3 pcs/box,12.105,4.2,9.85,59,3,51.0,V2 (slight),24,Rectified,Yes,Yes,Yes,Yes,Yes,Yes,Yes,X,Yes,Yes,Yes,Porcelain and Ceramic,,,,,LTL
KAS-FUM-KIN,KASAI FUMO KINTSU,KASAI FUMO KINTSU,Kasai,Porcelain,"5/16""",,Matte,Loose,"9.85x59""",4.035,sf,box,3 pcs/box,12.105,4.4,9.85,59,3,53.0,V2 (slight),3,Rectified,Yes,Yes,Yes,Yes,Yes,Yes,Yes,X,Yes,Yes,Yes,Porcelain and Ceramic,,,,,LTL
KAS-FUM-SAK,KASAI FUMO SAKURA,KASAI FUMO SAKURA,Kasai,Porcelain,"5/16""",,Matte,Loose,"9.85x59""",4.035,sf,box,3 pcs/box,12.105,4.2,9.85,59,3,51.0,V2 (slight),12,Rectified,Yes,Yes,Yes,Yes,Yes,Yes,Yes,X,Yes,Yes,Yes,Porcelain and Ceramic,,,,,LTL
KAS-MAP-1060,Kasai Maple,KASAI MAPLE,Kasai,Porcelain,"5/16""",,Matte,Loose,"9.85x59""",4.035,sf,box,3 pcs/box,12.105,4.2,9.85,59,3,51.0,V2 (slight),24,Rectified,Yes,Yes,Yes,Yes,Yes,Yes,Yes,X,Yes,Yes,Yes,Porcelain and Ceramic,,,,,LTL
KAS-MAP-KIN,Kasai Maple Kintsu,KASAI MAPLE KINTSU,Kasai,Porcelain,"5/16""",,Matte,Loose,"9.85x59""",4.035,sf,box,3 pcs/box,12.105,4.4,9.85,59,3,53.0,V2 (slight),3,Rectified,Yes,Yes,Yes,Yes,Yes,Yes,Yes,X,Yes,Yes,Yes,Porcelain and Ceramic,,,,,LTL
KAS-MAP-SAK,Kasai Maple Sakura,KASAI MAPLE SAKURA,Kasai,Porcelain,"5/16""",,Matte,Loose,"9.85x59""",4.035,sf,box,3 pcs/box,12.105,4.2,9.85,59,3,51.0,V2 (slight),12,Rectified,Yes,Yes,Yes,Yes,Yes,Yes,Yes,X,Yes,Yes,Yes,Porcelain and Ceramic,,,,,LTL
KAS-NOT-1060,KASAI NOTTE,KASAI NOTTE,Kasai,Porcelain,"5/16""",,Matte,Loose,"9.85x59""",4.035,sf,box,3 pcs/box,12.105,4.2,9.85,59,3,51.0,V2 (slight),24,Rectified,Yes,Yes,Yes,Yes,Yes,Yes,Yes,X,Yes,Yes,Yes,Porcelain and Ceramic,,,,,LTL
KAS-NOT-KIN,KASAI NOTTE KINTSU,KASAI NOTTE KINTSU,Kasai,Porcelain,"5/16""",,Matte,Loose,"9.85x59""",4.035,sf,box,3 pcs/box,12.105,4.4,9.85,59,3,53.0,V2 (slight),3,Rectified,Yes,Yes,Yes,Yes,Yes,Yes,Yes,X,Yes,Yes,Yes,Porcelain and Ceramic,,,,,LTL
KAS-NOT-SAK,KASAI NOTTE SAKURA,KASAI NOTTE SAKURA,Kasai,Porcelain,"5/16""",,Matte,Loose,"9.85x59""",4.035,sf,box,3 pcs/box,12.105,4.2,9.85,59,3,51.0,V2 (slight),12,Rectified,Yes,Yes,Yes,Yes,Yes,Yes,Yes,X,Yes,Yes,Yes,Porcelain and Ceramic,,,,,LTL
LUC-GLD-2448,Lucent Gold 24x48 (EN88),LUCENT GOLD 24X48,Lucent,Porcelain,"3/8""",9,Lappato,Loose,"23.62x47.25""",7.750,sf,box,2 pcs/box,15.500,4.5,23.62,47.25,2,70.5,V3,18,Rectified,Yes,Yes,Yes,Yes,Yes,X,Yes,X,Yes,Yes,Yes,Porcelain and Ceramic,,,,,LTL
LUC-GLD-MAT-2448,Lumia Gold MATTE 24x48 (ENFS),LUCENT GOLD MATTE 24X48,Lucent,Porcelain,"3/8""",9,Matte,Loose,"23.62x47.25""",7.750,sf,box,2 pcs/box,15.500,4.5,23.62,47.25,2,70.5,V3,17,Rectified,Yes,Yes,Yes,Yes,Yes,Yes,Yes,X,Yes,Yes,Yes,Porcelain and Ceramic,,,,,LTL
LUC-GLD-MOS,GOLDEN AMBRA MOSAICO 5X5 - 30X30 FULL LAPPATO,LUCENT GOLD MOSAIC 2X2,Lucent,Porcelain,"3/8""",9,Lappato,Mesh Mounted,"11.81x11.81""",0.969,sheet,sheet,5 sheets/box,4.844,8.8,11.811,11.811,5,44.1,V3,,Rectified,Yes,Yes,Yes,Yes,Yes,Yes,Yes,X,Yes,Yes,Yes,Porcelain and Ceramic,,,,,
LUC-IVR-2448,Lucent Ivory 24x48 (EN89),LUCENT IVORY 24X48 ,Lucent,Porcelain,"3/8""",9,Lappato,Loose,"23.62x47.25""",7.750,sf,box,2 pcs/box,15.500,4.5,23.62,47.25,2,70.5,V3,18,Rectified,Yes,Yes,Yes,Yes,Yes,X,Yes,X,Yes,Yes,Yes,Porcelain and Ceramic,,,,,LTL
LUC-IVR-MAT-2448,Lumia Ivory matte 24x48  (EN8C),LUCENT IVORY MATTE 24X48 ,Lucent,Porcelain,"3/8""",9,Matte,Loose,"23.62x47.25""",7.750,sf,box,2 pcs/box,15.500,4.5,23.62,47.25,2,70.5,V3,18,Rectified,Yes,Yes,Yes,Yes,Yes,Yes,Yes,X,Yes,Yes,Yes,Porcelain and Ceramic,,,,,LTL
LUC-IVR-MOS,IVORY GIOIELLO MOSAICO 5X5 - 30X30 FULL LAPPATO ,LUCENT IVORY MOSAIC 2X2 ,Lucent,Porcelain,"3/8""",9,Lappato,Mesh Mounted,"11.81x11.81""",0.969,sheet,sheet,5 sheets/box,4.844,8.8,11.811,11.811,5,44.1,V3,,Rectified,Yes,Yes,Yes,Yes,Yes,Yes,Yes,X,Yes,Yes,Yes,Porcelain and Ceramic,,,,,
LUC-LAB-2448,Lucent Labra 24x48 (EN8A),LUCENT LABRA 24X48,Lucent,Porcelain,"3/8""",9,Lappato,Loose,"23.62x47.25""",7.750,sf,box,2 pcs/box,15.500,4.5,23.62,47.25,2,70.5,V3,19,Rectified,Yes,Yes,Yes,Yes,Yes,X,Yes,X,Yes,Yes,Yes,Porcelain and Ceramic,,,,,LTL
LUC-LAB-MOS,LUCENT LABRA MOSAIC 2X2 (EN9K),LUCENT LABRA MOSAIC 2X2,Lucent,Porcelain,"3/8""",9,Lappato,Mesh Mounted,"11.81x11.81""",0.969,sheet,sheet,5 sheets/box,4.844,8.8,11.811,11.811,5,44.1,V3,,Rectified,Yes,Yes,Yes,Yes,Yes,Yes,Yes,X,Yes,Yes,Yes,Porcelain and Ceramic,,,,,
MRD-08,MRD-08,AK SARAY (GOLD),Marakand,Porcelain,"5/16""",8.5 mm,Matte,Loose,7.874x7.874,0.431,sf,box,25 pcs/box,10.764,3.8,7.874,7.874,25,41.0,V2 (slight),,Pressed,Yes,Yes,Yes,Yes,Yes,Yes,Yes,X,Yes,Yes,Yes,Porcelain and Ceramic,45,484.38,2227,,LTL2SM
MRD-09,MRD-09,BIBI KHANUM (GOLD),Marakand,Porcelain,"5/16""",8.5 mm,Matte,Loose,7.874x7.874,0.431,sf,box,25 pcs/box,10.764,3.8,7.874,7.874,25,41.0,V2 (slight),,Pressed,Yes,Yes,Yes,Yes,Yes,Yes,Yes,X,Yes,Yes,Yes,Porcelain and Ceramic,45,484.38,2227,,LTL2SM
MRD-01,Bukhara (BUKHARA 20X20),BUKHARA,Marakand,Porcelain,"5/16""",8.5 mm,Matte,Loose,7.874x7.874,0.431,sf,box,25 pcs/box,10.764,3.8,7.874,7.874,25,41.0,V2 (slight),,Pressed,Yes,Yes,Yes,Yes,Yes,Yes,Yes,Yes,Yes,Yes,Yes,Porcelain and Ceramic,45,484.38,2227,,LTL2SM
MRD-10,MRD-10,CHORSU,Marakand,Porcelain,"5/16""",8.5 mm,Matte,Loose,7.874x7.874,0.431,sf,box,25 pcs/box,10.764,3.8,7.874,7.874,25,41.0,V2 (slight),,Pressed,Yes,Yes,Yes,Yes,Yes,Yes,Yes,Yes,Yes,Yes,Yes,Porcelain and Ceramic,45,484.38,2227,,LTL2SM
MRD-06,MRD-06,ITCHAN KALA (GOLD),Marakand,Porcelain,"5/16""",8.5 mm,Matte,Loose,7.874x7.874,0.431,sf,box,25 pcs/box,10.764,3.8,7.874,7.874,25,41.0,V2 (slight),,Pressed,Yes,Yes,Yes,Yes,Yes,Yes,Yes,X,Yes,Yes,Yes,Porcelain and Ceramic,45,484.38,2227,,LTL2SM
MRD-02,Kalan (KALAN 20X20-DEC),KALAN (GOLD),Marakand,Porcelain,"5/16""",8.5 mm,Matte,Loose,7.874x7.874,0.431,sf,box,25 pcs/box,10.764,3.8,7.874,7.874,25,41.0,V2 (slight),,Pressed,Yes,Yes,Yes,X,Yes,Yes,Yes,X,Yes,Yes,X,Porcelain and Ceramic,45,484.38,2227,,LTL2SM
MRD-05,MRD-05,KHIVA,Marakand,Porcelain,"5/16""",8.5 mm,Matte,Loose,7.874x7.874,0.431,sf,box,25 pcs/box,10.764,3.8,7.874,7.874,25,41.0,V2 (slight),,Pressed,Yes,Yes,Yes,Yes,Yes,Yes,Yes,Yes,Yes,Yes,Yes,Porcelain and Ceramic,45,484.38,2227,,LTL2SM
MRD-04,MRD-04,REGISTAN (GOLD),Marakand,Porcelain,"5/16""",8.5 mm,Matte,Loose,7.874x7.874,0.431,sf,box,25 pcs/box,10.764,3.8,7.874,7.874,25,41.0,V2 (slight),,Pressed,Yes,Yes,Yes,X,Yes,Yes,Yes,X,Yes,Yes,X,Porcelain and Ceramic,45,484.38,2227,,LTL2SM
MRD-03,MRD-03,SAMARKAND,Marakand,Porcelain,"5/16""",8.5 mm,Matte,Loose,7.874x7.874,0.431,sf,box,25 pcs/box,10.764,3.8,7.874,7.874,25,41.0,V2 (slight),,Pressed,Yes,Yes,Yes,Yes,Yes,Yes,Yes,Yes,Yes,Yes,Yes,Porcelain and Ceramic,45,484.38,2227,,LTL2SM
MRD-07,MRD-07,SHAHRISABZ,Marakand,Porcelain,"5/16""",8.5 mm,Matte,Loose,7.874x7.874,0.431,sf,box,25 pcs/box,10.764,3.8,7.874,7.874,25,41.0,V2 (slight),,Pressed,Yes,Yes,Yes,Yes,Yes,Yes,Yes,Yes,Yes,Yes,Yes,Porcelain and Ceramic,45,484.38,2227,,LTL2SM
MAR-ANT-324,"7,5X60 MARMORIS ANTHRACITE",Marvenza Anthracite 3x24,Marvenza,Porcelain,"5/16""",8.3,Matte,Loose,2.95x23.62,0.484,sf,box,20,9.68,3.7,2.95,23.62,20,35.9,V4,15,pressed,Yes,Yes,Yes,Yes,Yes,Yes,Yes,X,Yes,Yes,Yes,Porcelain and Ceramic,,,,,LTL2SM
MAR-COT-324,"7,5X60 MARMORIS COTTO",Marvenza Cotto 3x24,Marvenza,Porcelain,"5/16""",8.3,Matte,Loose,2.95x23.62,0.484,sf,box,20,9.68,3.7,2.95,23.62,20,35.9,V5,16,pressed,Yes,Yes,Yes,Yes,Yes,Yes,Yes,X,Yes,Yes,Yes,Porcelain and Ceramic,,,,,LTL2SM
MAR-GRY-324,"7,5X60 MARMORIS GREY",Marvenza Grey 3x24,Marvenza,Porcelain,"5/16""",8.3,Matte,Loose,2.95x23.62,0.484,sf,box,20,9.68,3.7,2.95,23.62,20,35.9,V6,17,pressed,Yes,Yes,Yes,Yes,Yes,Yes,Yes,X,Yes,Yes,Yes,Porcelain and Ceramic,,,,,LTL2SM
MAR-MAT-324,"7,5X60 MARMORIS MATCHA",Marvenza Matcha 3x24,Marvenza,Porcelain,"5/16""",8.3,Matte,Loose,2.95x23.62,0.484,sf,box,20,9.68,3.7,2.95,23.62,20,35.9,V7,18,pressed,Yes,Yes,Yes,Yes,Yes,Yes,Yes,X,Yes,Yes,Yes,Porcelain and Ceramic,,,,,LTL2SM
MAR-TPE-324,"7,5X60 MARMORIS TAUPE",Marvenza Taupe 3x24,Marvenza,Porcelain,"5/16""",8.3,Matte,Loose,2.95x23.62,0.484,sf,box,20,9.68,3.7,2.95,23.62,20,35.9,V8,19,pressed,Yes,Yes,Yes,Yes,Yes,Yes,Yes,X,Yes,Yes,Yes,Porcelain and Ceramic,,,,,LTL2SM
MAR-WHT-324,"7,5X60 MARMORIS WHITE",Marvenza White 3x24,Marvenza,Porcelain,"5/16""",8.3,Matte,Loose,2.95x23.62,0.484,sf,box,20,9.68,3.7,2.95,23.62,20,35.9,V9,20,pressed,Yes,Yes,Yes,Yes,Yes,Yes,Yes,X,Yes,Yes,Yes,Porcelain and Ceramic,,,,,LTL2SM
MAT-BLN-1236,NEUTRAL BLANCO,MATRIX BLANCO,Matrix,Ceramic,"5/16""",,Satin,Loose,"11.7x35.2""",2.860,sf,box,6 pcs/box,17.160,3.0,11.7,35.2,6,51.0,V1 (uniform),1,Rectified,Yes,Yes,Yes,X,Yes,X,Yes,X,Yes,Yes,X,Porcelain and Ceramic,,,,,LTL
MAT-BLN-BLO,NEUTRAL BLANCO GUIZA,MATRIX BLANCO BLOCK,Matrix,Ceramic,"5/16""",,Satin,Loose,"11.7x35.2""",2.860,sf,box,5 pcs/box,14.300,2.9,11.7,35.2,5,42.0,V1 (uniform),1,Rectified,Yes,Yes,X,X,Yes,X,Yes,X,Yes,Yes,X,Porcelain and Ceramic,,,,,LTL
MAT-BLN-CON,MATRIX BLANCO CONTOUR (NEUTRAL BLANCO SOHO),MATRIX BLANCO CONTOUR,Matrix,Ceramic,"5/16""",,Satin,Loose,"11.7x35.2""",2.860,sf,box,6 pcs/box,17.160,2.9,11.7,35.2,6,49.0,V1 (uniform),1,Rectified,Yes,Yes,X,X,Yes,X,Yes,X,Yes,Yes,X,Porcelain and Ceramic,,,,,LTL
MAT-BLN-LIN,NEUTRAL BLANCO EFFECT,MATRIX BLANCO LINES,Matrix,Ceramic,"5/16""",,Satin,Loose,"11.7x35.2""",2.860,sf,box,6 pcs/box,17.160,3.0,11.7,35.2,6,52.0,V1 (uniform),1,Rectified,Yes,Yes,X,X,Yes,X,Yes,X,Yes,Yes,X,Porcelain and Ceramic,,,,,LTL
MAT-BLN-STR,NEUTRAL BLANCO TRACE,MATRIX BLANCO STREAK,Matrix,Ceramic,"5/16""",,Satin,Loose,"11.7x35.2""",2.860,sf,box,6 pcs/box,17.160,2.8,11.7,35.2,6,48.0,V1 (uniform),1,Rectified,Yes,Yes,X,X,Yes,X,Yes,X,Yes,Yes,X,Porcelain and Ceramic,,,,,LTL
MAT-BLN-WAV,NEUTRAL BLANCO FIVE,MATRIX BLANCO WAVE,Matrix,Ceramic,"5/16""",,Satin,Loose,"11.7x35.2""",2.860,sf,box,6 pcs/box,17.160,2.9,11.7,35.2,6,49.0,V1 (uniform),1,Rectified,Yes,Yes,X,X,Yes,X,Yes,X,Yes,Yes,X,Porcelain and Ceramic,,,,,LTL
MOD-BLK-258,Moda Black 2.5x8  (6.5x20 HANOI BLACK ASH),MODA BLACK 2.5X8,Moda,Ceramic,"5/16""",,Glossy,Loose,"2.58x7.9""",0.142,sf,box,38 pcs/box,5.382,2.9,2.58,7.9,38,15.6,V4 (substantial),,Pressed,X,Yes,Yes,X,Yes,X,Yes,X,Yes,Yes,X,Porcelain and Ceramic,120,645.835,1858,,LTL2SM
MOD-BLK-44,Moda Black 4x4 (10x10 HANOI BLACK ASH),MODA BLACK 4X4,Moda,Ceramic,"5/16""",,Glossy,Loose,"3.94х3.94""",0.108,sf,box,60 pcs/box,6.458,2.9,3.94,3.94,60,18.7,V4 (substantial),,Pressed,X,Yes,Yes,X,Yes,X,Yes,X,Yes,Yes,X,Porcelain and Ceramic,120,645.835,1858,,LTL2SM
MOD-BLK-PEN,"1,2X20 JOLLY HANOI BLACK ASH",MODA BLACK PENCIL,Moda,Ceramic,"5/16""",,Glossy,Loose,"0.47x7.87""",0.026,piece,piece,66 pcs/box,,#DIV/0!,0.47,7.87,66,6.6,V4 (substantial),,Pressed,X,Yes,X,X,Yes,X,Yes,X,Yes,Yes,X,Porcelain and Ceramic,,,,,LTL2SM
MOD-BLU-258,Moda Blue 2.5x8 (6.5x20 HANOI BLUE NIGHT),MODA BLUE 2.5X8,Moda,Ceramic,"5/16""",,Glossy,Loose,"2.58x7.9""",0.142,sf,box,38 pcs/box,5.382,2.9,2.58,7.9,38,15.6,V4 (substantial),,Pressed,X,Yes,Yes,X,Yes,X,Yes,X,Yes,Yes,X,Porcelain and Ceramic,120,645.835,1858,,LTL2SM
MOD-BLU-44,Moda Blue 4x4 (10x10 HANOI BLUE NIGHT),MODA BLUE 4X4,Moda,Ceramic,"5/16""",,Glossy,Loose,"3.94х3.94""",0.108,sf,box,60 pcs/box,6.480,2.4,3.94,3.94,60,15.6,V4 (substantial),,Pressed,X,Yes,Yes,X,Yes,X,Yes,X,Yes,Yes,X,Porcelain and Ceramic,120,645.835,1858,,LTL2SM
MOD-BLU-PEN,"1,2X20 JOLLY HANOI BLUE NIGHT",MODA BLUE PENCIL,Moda,Ceramic,"5/16""",,Glossy,Loose,"0.47x7.87""",0.026,piece,piece,66 pcs/box,,#DIV/0!,0.47,7.87,66,6.6,V4 (substantial),,Pressed,X,Yes,X,X,Yes,X,Yes,X,Yes,Yes,X,Porcelain and Ceramic,,,,,LTL2SM
MOD-CAR-258,Moda Caramel 2.5x8 (6.5x20 HANOI CARAMEL),MODA CARAMEL 2.5X8,Moda,Ceramic,"5/16""",,Glossy,Loose,"2.58x7.9""",0.142,sf,box,38 pcs/box,5.382,2.9,2.58,7.9,38,15.6,V4 (substantial),,Pressed,X,Yes,Yes,X,Yes,X,Yes,X,Yes,Yes,X,Porcelain and Ceramic,120,645.835,1858,,LTL2SM
MOD-CAR-44,Moda Caramel 4x3 (10x10 HANOI CARAMEL),MODA CARAMEL 4X4,Moda,Ceramic,"5/16""",,Glossy,Loose,"3.94х3.94""",0.108,sf,box,60 pcs/box,6.480,2.4,3.94,3.94,60,15.6,V4 (substantial),,Pressed,X,Yes,Yes,X,Yes,X,Yes,X,Yes,Yes,X,Porcelain and Ceramic,120,645.835,1858,,LTL2SM
MOD-CAR-PEN,"1,2X20 JOLLY HANOI CARAMEL",MODA CARAMEL PENCIL,Moda,Ceramic,"5/16""",,Glossy,Loose,"0.47x7.87""",0.026,piece,piece,66 pcs/box,,#DIV/0!,0.47,7.87,66,6.6,V4 (substantial),,Pressed,X,Yes,X,X,Yes,X,Yes,X,Yes,Yes,X,Porcelain and Ceramic,,,,,LTL2SM
MOD-CEL-258,Moda Celadon 2.5x8 (6.5x20 HANOI CELADON),MODA CELADON 2.5X8,Moda,Ceramic,"5/16""",,Glossy,Loose,"2.58x7.9""",0.142,sf,box,38 pcs/box,5.382,2.9,2.58,7.9,38,15.6,V4 (substantial),,Pressed,X,Yes,Yes,X,Yes,X,Yes,X,Yes,Yes,X,Porcelain and Ceramic,120,645.835,1858,,LTL2SM
MOD-CEL-44,Moda Celadon 4x4 (10x10 HANOI CELADON),MODA CELADON 4X4,Moda,Ceramic,"5/16""",,Glossy,Loose,"3.94х3.94""",0.108,sf,box,60 pcs/box,6.458,2.9,3.94,3.94,60,18.7,V4 (substantial),,Pressed,X,Yes,Yes,X,Yes,X,Yes,X,Yes,Yes,X,Porcelain and Ceramic,120,645.835,1858,,LTL2SM
MOD-CEL-PEN,"1,2X20 JOLLY HANOI CELADON",MODA CELADON PENCIL,Moda,Ceramic,"5/16""",,Glossy,Loose,"0.47x7.87""",0.026,piece,piece,66 pcs/box,,#DIV/0!,0.47,7.87,66,6.6,V4 (substantial),,Pressed,X,Yes,X,X,Yes,X,Yes,X,Yes,Yes,X,Porcelain and Ceramic,,,,,LTL2SM
MOD-DEC-BLK-258,Moda Deco Black 2.5x8 (6.5x20 HANOI ARCO BLACK ASH),MODA DECO BLACK 2.5X8,Moda,Ceramic,"5/16""",,Glossy,Loose,"2.58x7.9""",0.142,sf,box,38 pcs/box,5.382,2.7,2.58,7.9,38,14.5,V4 (substantial),,Pressed,X,Yes,X,X,Yes,X,Yes,X,Yes,Yes,X,Porcelain and Ceramic,120,645.835,1770,,LTL2SM
MOD-DEC-BLK-44,10X10 HANOI ARCO BLACK ASH,MODA DECO BLACK 4X4,Moda,Ceramic,"5/16""",,Glossy,Loose,"3.94х3.94""",0.108,sf,box,50 pcs/box,5.382,2.7,3.94,3.94,50,14.5,V4 (substantial),,Pressed,X,Yes,X,X,Yes,X,Yes,X,Yes,Yes,X,Porcelain and Ceramic,120,645.835,1770,,LTL2SM
MOD-DEC-BLU-258,Moda Deco Blue 2.5x8 (6.5x20 HANOI ARCO BLUE NIGHT),MODA DECO BLUE 2.5X8,Moda,Ceramic,"5/16""",,Glossy,Loose,"2.58x7.9""",0.142,sf,box,38 pcs/box,5.382,2.7,2.58,7.9,38,14.5,V4 (substantial),,Pressed,X,Yes,X,X,Yes,X,Yes,X,Yes,Yes,X,Porcelain and Ceramic,120,645.835,1770,,LTL2SM
MOD-DEC-BLU-44,Moda Deco Blue 4x4 (10x10 HANOI ARCO BLUE NIGHT),MODA DECO BLUE 4X4,Moda,Ceramic,"5/16""",,Glossy,Loose,"3.94х3.94""",0.108,sf,box,50 pcs/box,5.382,2.7,3.94,3.94,50,14.5,V4 (substantial),,Pressed,X,Yes,X,X,Yes,X,Yes,X,Yes,Yes,X,Porcelain and Ceramic,120,645.835,1770,,LTL2SM
MOD-DEC-CAR-258,Moda Deco Caramel 2.5x8  (6.5x20 HANOI ARCO CARAMEL),MODA DECO CARAMEL 2.5X8,Moda,Ceramic,"5/16""",,Glossy,Loose,"2.58x7.9""",0.142,sf,box,38 pcs/box,5.382,2.7,2.58,7.9,38,14.5,V4 (substantial),,Pressed,X,Yes,X,X,Yes,X,Yes,X,Yes,Yes,X,Porcelain and Ceramic,120,645.835,1770,,LTL2SM
MOD-DEC-CAR-44,Moda Deco Caramel 4x4 (10x10 HANOI ARCO CARAMEL),MODA DECO CARAMEL 4X4,Moda,Ceramic,"5/16""",,Glossy,Loose,"3.94х3.94""",0.108,sf,box,50 pcs/box,5.382,2.7,3.94,3.94,50,14.5,V4 (substantial),,Pressed,X,Yes,X,X,Yes,X,Yes,X,Yes,Yes,X,Porcelain and Ceramic,120,645.835,1770,,LTL2SM
MOD-DEC-CEL-258,"Moda Deco Celadon 2.5x8 (6,5X20 HANOI ARCO CELADON)",MODA DECO CELADON 2.5X8,Moda,Ceramic,"5/16""",,Glossy,Loose,"2.58x7.9""",0.142,sf,box,38 pcs/box,5.382,2.7,2.58,7.9,38,14.5,V4 (substantial),,Pressed,X,Yes,X,X,Yes,X,Yes,X,Yes,Yes,X,Porcelain and Ceramic,120,645.835,1770,,LTL2SM
MOD-DEC-CEL-44,Moda Deco Celadon 4x4 (10x10 HANOI ARCO CELADON),MODA DECO CELADON 4X4,Moda,Ceramic,"5/16""",,Glossy,Loose,"3.94х3.94""",0.108,sf,box,60 pcs/box,6.480,2.2,3.94,3.94,60,14.5,V4 (substantial),,Pressed,X,Yes,X,X,Yes,X,Yes,X,Yes,Yes,X,Porcelain and Ceramic,120,645.835,1770,,LTL2SM
MOD-DEC-OLV-258,Moda Deco Olive 2.5x8  (6.5x20 HANOI ARCO WILD OLIVE),MODA DECO OLIVE 2.5X8,Moda,Ceramic,"5/16""",,Glossy,Loose,"2.58x7.9""",0.142,sf,box,38 pcs/box,5.382,2.7,2.58,7.9,38,14.5,V4 (substantial),,Pressed,X,Yes,X,X,Yes,X,Yes,X,Yes,Yes,X,Porcelain and Ceramic,120,645.835,1770,,LTL2SM
MOD-DEC-OLV-44,Moda Deco Olive 4x4 (10X10 HANOI ARCO WILD OLIVE),MODA DECO OLIVE 4X4,Moda,Ceramic,"5/16""",,Glossy,Loose,"3.94х3.94""",0.108,sf,box,50 pcs/box,5.382,2.7,3.94,3.94,50,14.5,V4 (substantial),,Pressed,X,Yes,X,X,Yes,X,Yes,X,Yes,Yes,X,Porcelain and Ceramic,120,645.835,1770,,LTL2SM
MOD-DEC-PNK-258,"Moda Deco Pink 2.5x8 (6,5X20 HANOI ARCO PINK)",MODA DECO PINK 2.5X8,Moda,Ceramic,"5/16""",,Glossy,Loose,"2.58x7.9""",0.142,sf,box,38 pcs/box,5.382,2.7,2.58,7.9,38,14.5,V4 (substantial),,Pressed,X,Yes,X,X,Yes,X,Yes,X,Yes,Yes,X,Porcelain and Ceramic,120,645.835,1770,,LTL2SM
MOD-DEC-PNK-44,Moda Deco Pink 4x4  (10x10 HANOI ARCO PINK),MODA DECO PINK 4X4,Moda,Ceramic,"5/16""",,Glossy,Loose,"3.94х3.94""",0.108,sf,box,50 pcs/box,5.382,2.7,3.94,3.94,50,14.5,V4 (substantial),,Pressed,X,Yes,X,X,Yes,X,Yes,X,Yes,Yes,X,Porcelain and Ceramic,120,645.835,1770,,LTL2SM
MOD-DEC-RED-258,Moda Deco Red 2.5x8 (6.5x20 HANOI ARCO BURNT RED),MODA DECO RED 2.5X8,Moda,Ceramic,"5/16""",,Glossy,Loose,"2.58x7.9""",0.142,sf,box,38 pcs/box,5.382,2.7,2.58,7.9,38,14.5,V4 (substantial),,Pressed,X,Yes,X,X,Yes,X,Yes,X,Yes,Yes,X,Porcelain and Ceramic,120,645.835,1770,,LTL2SM
MOD-DEC-RED-44,Moda Deco Red 4x4 (10x10 HANOI ARCO BURNT RED),MODA DECO RED 4X4,Moda,Ceramic,"5/16""",,Glossy,Loose,"3.94х3.94""",0.108,sf,box,60 pcs/box,6.480,2.2,3.94,3.94,60,14.5,V4 (substantial),,Pressed,X,Yes,X,X,Yes,X,Yes,X,Yes,Yes,X,Porcelain and Ceramic,120,645.835,1770,,LTL2SM
MOD-DEC-SKY-258,"Moda Deco Sky 2.5x8 (6,5X20 HANOI ARCO SKY BLUE)",MODA DECO SKY 2.5X8,Moda,Ceramic,"5/16""",,Glossy,Loose,"2.58x7.9""",0.142,sf,box,38 pcs/box,5.382,2.7,2.58,7.9,38,14.5,V4 (substantial),,Pressed,X,Yes,X,X,Yes,X,Yes,X,Yes,Yes,X,Porcelain and Ceramic,120,645.835,1770,,LTL2SM
MOD-DEC-SKY-44,Moda Deco Sky 4x4 (10X10 HANOI ARCO SKY BLUE),MODA DECO SKY 4X4,Moda,Ceramic,"5/16""",,Glossy,Loose,"3.94х3.94""",0.108,sf,box,60 pcs/box,6.480,2.2,3.94,3.94,60,14.5,V4 (substantial),,Pressed,X,Yes,X,X,Yes,X,Yes,X,Yes,Yes,X,Porcelain and Ceramic,120,645.835,1770,,LTL2SM
MOD-DEC-WHT-258,"Moda Deco White 2.5x8 (6,5X20 HANOI ARCO WHITE)",MODA DECO WHITE 2.5X8,Moda,Ceramic,"5/16""",,Glossy,Loose,"2.58x7.9""",0.142,sf,box,38 pcs/box,5.382,2.7,2.58,7.9,38,14.5,V4 (substantial),,Pressed,X,Yes,X,X,Yes,X,Yes,X,Yes,Yes,X,Porcelain and Ceramic,120,645.835,1770,,LTL2SM
MOD-DEC-WHT-44,Moda Deco White 4x4 (10X10 HANOI ARCO WHITE),MODA DECO WHITE 4X4,Moda,Ceramic,"5/16""",,Glossy,Loose,"3.94х3.94""",0.108,sf,box,60 pcs/box,6.458,2.7,3.94,3.94,60,17.4,V4 (substantial),,Pressed,X,Yes,X,X,Yes,X,Yes,X,Yes,Yes,X,Porcelain and Ceramic,120,645.835,1770,,LTL2SM
MOD-OLV-258,"Moda Olive 2.5x8 (6,5X20 HANOI WILD OLIVE)",MODA OLIVE 2.5X8,Moda,Ceramic,"5/16""",,Glossy,Loose,"2.58x7.9""",0.142,sf,box,38 pcs/box,5.382,2.9,2.58,7.9,38,15.6,V4 (substantial),,Pressed,X,Yes,Yes,X,Yes,X,Yes,X,Yes,Yes,X,Porcelain and Ceramic,120,645.835,1858,,LTL2SM
MOD-OLV-44,Moda Olive 4x4 (10X10 HANOI WILD OLIVE),MODA OLIVE 4X4,Moda,Ceramic,"5/16""",,Glossy,Loose,"3.94х3.94""",0.108,sf,box,60 pcs/box,6.458,2.7,3.94,3.94,60,17.4,V4 (substantial),,Pressed,X,Yes,Yes,X,Yes,X,Yes,X,Yes,Yes,X,Porcelain and Ceramic,120,645.835,1858,,LTL2SM
MOD-OLV-PEN,"1,2X20 JOLLY HANOI WILD OLIVE",MODA OLIVE PENCIL,Moda,Ceramic,"5/16""",,Glossy,Loose,"0.47x7.87""",0.026,piece,piece,66 pcs/box,,#DIV/0!,0.47,7.87,66,6.6,V4 (substantial),,Pressed,X,Yes,X,X,Yes,X,Yes,X,Yes,Yes,X,Porcelain and Ceramic,,,,,LTL2SM
MOD-PNK-258,"Moda Pink 2.5x8 (6,5X20 HANOI PINK)",MODA PINK 2.5X8,Moda,Ceramic,"5/16""",,Glossy,Loose,"2.58x7.9""",0.142,sf,box,38 pcs/box,5.382,2.9,2.58,7.9,38,15.6,V4 (substantial),,Pressed,X,Yes,Yes,X,Yes,X,Yes,X,Yes,Yes,X,Porcelain and Ceramic,120,645.835,1858,,LTL2SM
MOD-PNK-44,Moda Pink 4x4 (10x10 HANOI PINK),MODA PINK 4X4,Moda,Ceramic,"5/16""",,Glossy,Loose,"3.94х3.94""",0.108,sf,box,60 pcs/box,6.458,2.4,3.94,3.94,60,15.6,V4 (substantial),,Pressed,X,Yes,Yes,X,Yes,X,Yes,X,Yes,Yes,X,Porcelain and Ceramic,120,645.835,1858,,LTL2SM
MOD-PNK-PEN,"1,2X20 JOLLY HANOI PINK",MODA PINK PENCIL,Moda,Ceramic,"5/16""",,Glossy,Loose,"0.47x7.87""",0.026,piece,piece,66 pcs/box,,#DIV/0!,0.47,7.87,66,6.6,V4 (substantial),,Pressed,X,Yes,X,X,Yes,X,Yes,X,Yes,Yes,X,Porcelain and Ceramic,,,,,LTL2SM
MOD-RED-258,"Moda Red 2.5x8 (6,5X20 HANOI BURNT RED)",MODA RED 2.5X8,Moda,Ceramic,"5/16""",,Glossy,Loose,"2.58x7.9""",0.142,sf,box,38 pcs/box,5.382,2.9,2.58,7.9,38,15.6,V4 (substantial),,Pressed,X,Yes,Yes,X,Yes,X,Yes,X,Yes,Yes,X,Porcelain and Ceramic,120,645.835,1858,,LTL2SM
MOD-RED-44,Moda Deco Olive 2.5x8  (10x10 HANOI BURNT RED),MODA RED 4X4,Moda,Ceramic,"5/16""",,Glossy,Loose,"3.94х3.94""",0.108,sf,box,60 pcs/box,6.458,2.4,3.94,3.94,60,15.6,V4 (substantial),,Pressed,X,Yes,Yes,X,Yes,X,Yes,X,Yes,Yes,X,Porcelain and Ceramic,120,645.835,1858,,LTL2SM
MOD-RED-PEN,"1,2X20 JOLLY HANOI BURNT RED",MODA RED PENCIL,Moda,Ceramic,"5/16""",,Glossy,Loose,"0.47x7.87""",0.026,piece,piece,66 pcs/box,,#DIV/0!,0.47,7.87,66,6.6,V4 (substantial),,Pressed,X,Yes,X,X,Yes,X,Yes,X,Yes,Yes,X,Porcelain and Ceramic,,,,,LTL2SM
MOD-SKY-258,"Moda Sky 2.5x8 (6,5X20 HANOI SKY BLUE)",MODA SKY 2.5X8,Moda,Ceramic,"5/16""",,Glossy,Loose,"2.58x7.9""",0.142,sf,box,38 pcs/box,5.382,2.9,2.58,7.9,38,15.6,V4 (substantial),,Pressed,X,Yes,Yes,X,Yes,X,Yes,X,Yes,Yes,X,Porcelain and Ceramic,120,645.835,1858,,LTL2SM
MOD-SKY-44,Moda Sky 4x4 (10X10 HANOI SKY BLUE),MODA SKY 4X4,Moda,Ceramic,"5/16""",,Glossy,Loose,"3.94х3.94""",0.108,sf,box,60 pcs/box,6.458,2.4,3.94,3.94,60,15.6,V4 (substantial),,Pressed,X,Yes,Yes,X,Yes,X,Yes,X,Yes,Yes,X,Porcelain and Ceramic,120,645.835,1858,,LTL2SM
MOD-SKY-PEN,"1,2X20 JOLLY HANOI SKY BLUE",MODA SKY PENCIL,Moda,Ceramic,"5/16""",,Glossy,Loose,"0.47x7.87""",0.026,piece,piece,66 pcs/box,,#DIV/0!,0.47,7.87,66,6.6,V4 (substantial),,Pressed,X,Yes,X,X,Yes,X,Yes,X,Yes,Yes,X,Porcelain and Ceramic,,,,,LTL2SM
MOD-WHT-258,"Moda White 2.5x8 (6,5X20 HANOI WHITE)",MODA WHITE 2.5X8,Moda,Ceramic,"5/16""",,Glossy,Loose,"2.58x7.9""",0.142,sf,box,38 pcs/box,5.382,2.9,2.58,7.9,38,15.6,V4 (substantial),,Pressed,X,Yes,Yes,X,Yes,X,Yes,X,Yes,Yes,X,Porcelain and Ceramic,120,645.835,1858,,LTL2SM
MOD-WHT-44,Moda White 4x4 (10X10 HANOI WHITE),MODA WHITE 4X4,Moda,Ceramic,"5/16""",,Glossy,Loose,"3.94х3.94""",0.108,sf,box,60 pcs/box,6.458,2.9,3.94,3.94,60,18.7,V4 (substantial),,Pressed,X,Yes,Yes,X,Yes,X,Yes,X,Yes,Yes,X,Porcelain and Ceramic,120,645.835,1858,,LTL2SM
MOD-WHT-PEN,"1,2X20 JOLLY HANOI WHITE",MODA WHITE PENCIL,Moda,Ceramic,"5/16""",,Glossy,Loose,"0.47x7.87""",0.026,piece,piece,66 pcs/box,,#DIV/0!,0.47,7.87,66,6.6,V4 (substantial),,Pressed,X,Yes,X,X,Yes,X,Yes,X,Yes,Yes,X,Porcelain and Ceramic,,,,,LTL2SM
MON-BGE-2448,HSE 10 60X120 RETT HARD                 ,Monolith Beige 24x48,Monolith,Porcelain,"5/16""",8.5,Matte,Loose,"24""x48""",7.75,sf,box,2,15.5,4.0,24,48,2,62.4,V2,16,Rectified,Yes,Yes,Yes,Yes,Yes,Yes,Yes,X,Yes,Yes,Yes,Porcelain and Ceramic,,,,,LTL
MON-BGE-4848,HSE 10 120x120 RETT HARD                ,Monolith Beige 48x48,Monolith,Porcelain,"5/16""",8.5,Matte,Loose,"48""x48""",15.5,sf,box,1,15.5,4.0,48,48,1,62.4,V2,8,Rectified,Yes,Yes,Yes,Yes,Yes,Yes,Yes,X,Yes,Yes,Yes,Porcelain and Ceramic,,,,,LTL
MON-BGE-DEC-2448,HSE 10 STORIES  60x120 RETT HARD        ,Monolith Beige Deco 24x48,Monolith,Porcelain,"5/16""",8.5,Matte,Loose,"24""x48""",7.75,sf,box,2,15.5,4.0,24,48,2,62.4,V2,16,Rectified,Yes,Yes,Yes,Yes,Yes,Yes,Yes,X,Yes,Yes,Yes,Porcelain and Ceramic,,,,,LTL
MON-BLK-2448,HSE 8 60X120 RETT HARD                  ,Monolith Black 24x48,Monolith,Porcelain,"5/16""",8.5,Matte,Loose,"24""x48""",7.75,sf,box,2,15.5,4.0,24,48,2,62.4,V2,16,Rectified,Yes,Yes,Yes,Yes,Yes,Yes,Yes,X,Yes,Yes,Yes,Porcelain and Ceramic,,,,,LTL
MON-BLK-4848,HSE 8 120x120 RETT HARD                 ,Monolith Black 48x48,Monolith,Porcelain,"5/16""",8.5,Matte,Loose,"48""x48""",15.5,sf,box,1,15.5,4.0,48,48,1,62.4,V2,8,Rectified,Yes,Yes,Yes,Yes,Yes,Yes,Yes,X,Yes,Yes,Yes,Porcelain and Ceramic,,,,,LTL
MON-BLK-DEC-2448,HSE 8 STORIES  60x120 RETT HARD         ,Monolith Black Deco 24x48,Monolith,Porcelain,"5/16""",8.5,Matte,Loose,"24""x48""",7.75,sf,box,2,15.5,4.0,24,48,2,62.4,V2,16,Rectified,Yes,Yes,Yes,Yes,Yes,Yes,Yes,X,Yes,Yes,Yes,Porcelain and Ceramic,,,,,LTL
MOR-AZ-CR,BECOLORS CROSS 13.6X13.6 ANTIC AZUL,MOORISH AZUL CROSS,Moorish,Ceramic,"3/8"" ",,Glossy,Loose,"5.35""X5.35""",0.199,sf,box,27,5.380,3.4,5.35,5.35,27,18.2,V3 (moderate),,Pressed,X,Yes,Yes,X,Yes,X,X,X,Yes,Yes,X,Porcelain and Ceramic,120,,,,LTL2SM
MOR-AZ-STR,BECOLORS STAR 13.6X13.6 ANTIC AZUL,MOORISH AZUL STAR,Moorish,Ceramic,"3/8"" ",,Glossy,Loose,"5.35""X5.35""",0.199,sf,box,27,5.380,4.6,5.35,5.35,27,24.8,V3 (moderate),,Pressed,X,Yes,Yes,X,Yes,X,X,X,Yes,Yes,X,Porcelain and Ceramic,80,,,,LTL2SM
MOR-BLK-CR,BECOLORS CROSS 13.6X13.6 MANHATTAN BLACK,MOORISH BLACK CROSS,Moorish,Ceramic,"3/8"" ",,Matte,Loose,"5.35""X5.35""",0.199,sf,box,27,5.380,3.4,5.35,5.35,27,18.2,V3 (moderate),,Pressed,X,Yes,Yes,X,Yes,Yes,X,X,Yes,Yes,X,Porcelain and Ceramic,120,,,,LTL2SM
MOR-BLK-CR-DEC,BECOLORS CROSS 13.6X13.6 D.STENCIL BLACK,MOORISH BLACK CROSS DECO,Moorish,Ceramic,"3/8"" ",,Matte,Loose,"5.35""X5.35""",0.199,sf,box,27,5.380,3.4,5.35,5.35,27,18.2,V3 (moderate),,Pressed,X,Yes,Yes,X,Yes,Yes,X,X,Yes,Yes,X,Porcelain and Ceramic,120,,,,LTL2SM
MOR-BLK-STR,BECOLORS STAR 13.6X13.6 MANHATTAN BLACK,MOORISH BLACK STAR,Moorish,Ceramic,"3/8"" ",,Matte,Loose,"5.35""X5.35""",0.199,sf,box,27,5.380,4.6,5.35,5.35,27,24.8,V3 (moderate),,Pressed,X,Yes,Yes,X,Yes,Yes,X,X,Yes,Yes,X,Porcelain and Ceramic,80,,,,LTL2SM
MOR-BLN-CR,White Glossy CROSS 13.6X13.6,MOORISH BLANCO GLOSS CROSS,Moorish,Ceramic,"3/8"" ",,Glossy,Loose,"5.35""X5.35""",0.199,sf,box,27,5.380,3.4,5.35,5.35,27,18.2,V3 (moderate),,Pressed,X,Yes,Yes,X,Yes,X,X,X,Yes,Yes,X,Porcelain and Ceramic,120,,,,LTL2SM
MOR-BLN-STR,"Moorish Blanco Gloss Star (BECOLORS STAR 13,6X13,6 WHITE GLOSSY)",MOORISH BLANCO GLOSS STAR,Moorish,Ceramic,"3/8"" ",,Glossy,Loose,"5.35""X5.35""",0.199,sf,box,27,5.380,4.6,5.35,5.35,27,24.8,V3 (moderate),,Pressed,X,Yes,Yes,X,Yes,X,X,X,Yes,Yes,X,Porcelain and Ceramic,80,,,,LTL2SM
MOR-BLU-CR,BECOLORS CROSS 13.6X13.6 ELECTRIC BLUE,MOORISH BLUE CROSS,Moorish,Ceramic,"3/8"" ",,Matte,Loose,"5.35""X5.35""",0.199,sf,box,27,5.380,3.4,5.35,5.35,27,18.2,V3 (moderate),,Pressed,X,Yes,Yes,X,Yes,Yes,X,X,Yes,Yes,X,Porcelain and Ceramic,120,,,,LTL2SM
MOR-BLU-CR-DEC,"Moorish Blue Cross Deco (BECOLORS CROSS 13,6X13,6 DEC. STENCIL EB)",MOORISH BLUE CROSS DECO,Moorish,Ceramic,"3/8"" ",,Matte,Loose,"5.35""X5.35""",0.199,sf,box,27,5.380,3.4,5.35,5.35,27,18.2,V3 (moderate),,Pressed,X,Yes,Yes,X,Yes,Yes,X,X,Yes,Yes,X,Porcelain and Ceramic,120,,,,LTL2SM
MOR-BLU-STR,BECOLORS STAR 13.6X13.6 ELECTRIC BLUE,MOORISH BLUE STAR,Moorish,Ceramic,"3/8"" ",,Matte,Loose,"5.35""X5.35""",0.199,sf,box,27,5.380,4.6,5.35,5.35,27,24.8,V3 (moderate),,Pressed,X,Yes,Yes,X,Yes,Yes,X,X,Yes,Yes,X,Porcelain and Ceramic,80,,,,LTL2SM
MOR-GRN-CR,BECOLORS CROSS 13.6X13.6 LAGOON,MOORISH GREEN CROSS,Moorish,Ceramic,"3/8"" ",,Matte,Loose,"5.35""X5.35""",0.199,sf,box,27,5.380,3.4,5.35,5.35,27,18.2,V3 (moderate),,Pressed,X,Yes,Yes,X,Yes,Yes,X,X,Yes,Yes,X,Porcelain and Ceramic,120,,,,LTL2SM
MOR-GRN-CR-DEC,BECOLORS CROSS 13.6X13.6 DEC. STENCIL LAGOON,MOORISH GREEN CROSS DECO,Moorish,Ceramic,"3/8"" ",,Matte,Loose,"5.35""X5.35""",0.199,sf,box,27,5.380,3.4,5.35,5.35,27,18.2,V3 (moderate),,Pressed,X,Yes,Yes,X,Yes,Yes,X,X,Yes,Yes,X,Porcelain and Ceramic,120,,,,LTL2SM
MOR-GRN-STR,"Moorish Green Star (BECOLORS STAR 13,6X13,6 LAGOON)",MOORISH GREEN STAR,Moorish,Ceramic,"3/8"" ",,Matte,Loose,"5.35""X5.35""",0.199,sf,box,27,5.380,4.6,5.35,5.35,27,24.8,V3 (moderate),,Pressed,X,Yes,Yes,X,Yes,Yes,X,X,Yes,Yes,X,Porcelain and Ceramic,80,,,,LTL2SM
MOR-GRY-CR,BECOLORS CROSS 13.6X13.6 GREY,MOORISH GREY CROSS,Moorish,Ceramic,"3/8"" ",,Matte,Loose,"5.35""X5.35""",0.199,sf,box,27,5.380,3.4,5.35,5.35,27,18.2,V3 (moderate),,Pressed,X,Yes,Yes,X,Yes,Yes,X,X,Yes,Yes,X,Porcelain and Ceramic,120,,,,LTL2SM
MOR-GRY-CR-DEC,BECOLORS CROSS 13.6X13.6 DEC. STENCIL GREY,MOORISH GREY CROSS DECO,Moorish,Ceramic,"3/8"" ",,Matte,Loose,"5.35""X5.35""",0.199,sf,box,27,5.380,3.4,5.35,5.35,27,18.2,V3 (moderate),,Pressed,X,Yes,Yes,X,Yes,Yes,X,X,Yes,Yes,X,Porcelain and Ceramic,120,,,,LTL2SM
MOR-GRY-STR,BECOLORS STAR 13.6X13.6 GREY,MOORISH GREY STAR,Moorish,Ceramic,"3/8"" ",,Matte,Loose,"5.35""X5.35""",0.199,sf,box,27,5.380,4.6,5.35,5.35,27,24.8,V3 (moderate),,Pressed,X,Yes,Yes,X,Yes,Yes,X,X,Yes,Yes,X,Porcelain and Ceramic,80,,,,LTL2SM
MOR-NER-CR,Black Glossy CROSS 13.6X13.6,MOORISH NERO GLOSS CROSS,Moorish,Ceramic,"3/8"" ",,Glossy,Loose,"5.35""X5.35""",0.199,sf,box,27,5.380,3.4,5.35,5.35,27,18.2,V3 (moderate),,Pressed,X,Yes,Yes,X,Yes,X,X,X,Yes,Yes,X,Porcelain and Ceramic,120,,,,LTL2SM
MOR-NER-STR,Black Glossy STAR 13.6X13.6,MOORISH NERO GLOSS STAR,Moorish,Ceramic,"3/8"" ",,Glossy,Loose,"5.35""X5.35""",0.199,sf,box,27,5.380,4.6,5.35,5.35,27,24.8,V3 (moderate),,Pressed,X,Yes,Yes,X,Yes,X,X,X,Yes,Yes,X,Porcelain and Ceramic,80,,,,LTL2SM
MOR-VER-CR,BECOLORS CROSS 13.6X13.6 VERDE COBRE,MOORISH VERDE CROSS,Moorish,Ceramic,"3/8"" ",,Glossy,Loose,"5.35""X5.35""",0.199,sf,box,27,5.380,3.4,5.35,5.35,27,18.2,V3 (moderate),,Pressed,X,Yes,Yes,X,Yes,X,X,X,Yes,Yes,X,Porcelain and Ceramic,120,,,,LTL2SM
MOR-VER-STR,"BECOLORS STAR 13,6X13,6 VERDE COBRE (BECOLORS STAR 13,6X13,6 VERDE COBRE)",MOORISH VERDE STAR,Moorish,Ceramic,"3/8"" ",,Glossy,Loose,"5.35""X5.35""",0.199,sf,box,27,5.380,4.6,5.35,5.35,27,24.8,V3 (moderate),,Pressed,X,Yes,Yes,X,Yes,X,X,X,Yes,Yes,X,Porcelain and Ceramic,80,,,,LTL2SM
MOR-WHT-CR,"Moorish White Cross (BECOLORS CROSS 13,6X13,6 WHITE)",MOORISH WHITE CROSS,Moorish,Ceramic,"3/8"" ",,Matte,Loose,"5.35""X5.35""",0.199,sf,box,27,5.380,3.4,5.35,5.35,27,18.2,V3 (moderate),,Pressed,X,Yes,Yes,X,Yes,Yes,X,X,Yes,Yes,X,Porcelain and Ceramic,120,,,,LTL2SM
MOR-WHT-STR,"Moorish White Star (BECOLORS STAR 13,6X13,6 WHITE)",MOORISH WHITE STAR,Moorish,Ceramic,"3/8"" ",,Matte,Loose,"5.35""X5.35""",0.199,sf,box,27,5.380,4.6,5.35,5.35,27,24.8,V3 (moderate),,Pressed,X,Yes,Yes,X,Yes,Yes,X,X,Yes,Yes,X,Porcelain and Ceramic,80,,,,LTL2SM
MOV-GR-1240,TEX GREY,MOVEMENT GREY,Movement,Ceramic,"5/16""",,Satin,Loose,"11.7x39.2""",3.185,sf,box,6,19.110,2.8,11.7,39.2,6,53.0,V2 (slight),,Pressed,X,Yes,Yes,X,Yes,X,Yes,X,Yes,Yes,X,Porcelain and Ceramic,,,,,LTL
MOV-GR-DEC,TEX GREY ATOMIC,MOVEMENT GREY DECO,Movement,Ceramic,"5/16""",,Matte,Loose,"11.7x39.2""",3.185,sf,box,5,15.925,2.9,11.7,39.2,5,46.0,V2 (slight),,Pressed,X,Yes,X,X,Yes,X,Yes,X,Yes,Yes,X,Porcelain and Ceramic,,,,,LTL
MOV-HEX-DEC-GR,TEX GREY HEXAGON PATTERN NATURAL,MOVEMENT HEXAGON DECO GREY ,Movement,Porcelain,"5/16""",,Matte,Loose,"9.9x9.9""",0.681,sf,box,17,10.030,4.7,9.9,9.9,17,47.0,V3 (moderate),,Pressed,Yes,Yes,Yes,Yes,Yes,Yes,Yes,X,Yes,Yes,Yes,Porcelain and Ceramic,,,,,LTL
MOV-HEX-GR,TEX GREY HEXAGON NATURAL,MOVEMENT HEXAGON GREY ,Movement,Porcelain,"5/16""",,Matte,Loose,"9.9x9.9""",0.681,sf,box,17,10.030,4.7,9.9,9.9,17,47.0,V2 (slight),,Pressed,Yes,Yes,Yes,Yes,Yes,Yes,Yes,X,Yes,Yes,Yes,Porcelain and Ceramic,,,,,LTL
MOV-IVR-1240,TEX IVORY,MOVEMENT IVORY,Movement,Ceramic,"5/16""",,Matte,Loose,"11.7x39.2""",3.185,sf,box,6,19.110,2.8,11.7,39.2,6,53.0,V2 (slight),,Pressed,X,Yes,Yes,X,Yes,Yes,Yes,X,Yes,Yes,X,Porcelain and Ceramic,,,,,LTL
MOV-IVR-DEC,TEX IVORY ATOMIC,MOVEMENT IVORY DECO,Movement,Ceramic,"5/16""",,Matte,Loose,"11.7x39.2""",3.185,sf,box,5,15.925,2.9,11.7,39.2,5,46.0,V2 (slight),,Pressed,X,Yes,X,X,Yes,X,Yes,X,Yes,Yes,X,Porcelain and Ceramic,,,,,LTL
OKU-ORC-2448,Oku Orchid 24x48 (24x48 Dorcet Orchid),Oku Orchid 24x48,Oku,Porcelain,"5/16""",9 mm,Matt Third Fire,Loose,"23.7x47.25""",7.750,sf,box,2 pcs/box,15.500,8.8,23.7,47.25,2,135.8,V1,2,Rectified,Yes,Yes,X,X,Yes,X,Yes,X,Yes,Yes,X,Porcelain and Ceramic,,,,,LTL
ORB-07BZM,KWM1005,ANDROMEDA ,Orbit,Porcelain,"1/4""",,Matte,Mesh Mounted,"11.46x12.4""",0.987,sheet,sheet,10 shts/box,9.868,1.8,11.46,12.4,10,17.5,V3 (moderate),,,Yes,Yes,Yes,Yes,Yes,Yes,X,X,Yes,Yes,Yes,Porcelain and Ceramic,,,,,
ORB-016LBLM,NK82820,CALYPSO,Orbit,Porcelain,"1/4""",,Matte,Mesh Mounted,"11.46x12.4""",0.987,sheet,sheet,10 shts/box,9.868,1.8,11.46,12.4,10,17.5,V3 (moderate),,,Yes,Yes,Yes,Yes,Yes,Yes,Yes,Yes,Yes,Yes,Yes,Porcelain and Ceramic,,,,,
ORB-014GNG,NK82580,COSMIC ,Orbit,Porcelain,"1/4""",,Glossy,Mesh Mounted,"11.46x12.4""",0.987,sheet,sheet,10 shts/box,9.868,1.8,11.46,12.4,10,17.5,V3 (moderate),,,Yes,Yes,Yes,Yes,Yes,Yes,Yes,Yes,Yes,Yes,Yes,Porcelain and Ceramic,,,,,
ORB-09BGG,NK72111,COSMIC LATTE,Orbit,Porcelain,"1/4""",,Glossy,Mesh Mounted,"11.46x12.4""",0.987,sheet,sheet,10 shts/box,9.868,1.8,11.46,12.4,10,17.5,V3 (moderate),,,Yes,Yes,Yes,Yes,Yes,Yes,Yes,Yes,Yes,Yes,Yes,Porcelain and Ceramic,,,,,
ORB-03BKM,KW4810,DARK STAR MATTE ,Orbit,Porcelain,"1/4""",,Matte,Mesh Mounted,"11.46x12.4""",0.987,sheet,sheet,10 shts/box,9.868,1.8,11.46,12.4,10,17.5,V3 (moderate),,,Yes,Yes,Yes,Yes,Yes,Yes,Yes,Yes,Yes,Yes,Yes,Porcelain and Ceramic,,,,,
ORB-10LBLG,NK72115,"DAYLIGHT STARDUST 
",Orbit,Porcelain,"1/4""",,Glossy,Mesh Mounted,"11.46x12.4""",0.987,sheet,sheet,10 shts/box,9.868,1.8,11.46,12.4,10,17.5,V3 (moderate),,,Yes,Yes,Yes,Yes,Yes,Yes,Yes,Yes,Yes,Yes,Yes,Porcelain and Ceramic,,,,,
ORB-06GDG,KWK1001,GOLD STARDUST ,Orbit,Porcelain,"1/4""",,Glossy,Mesh Mounted,"11.46x12.4""",0.987,sheet,sheet,10 shts/box,9.868,1.8,11.46,12.4,10,17.5,V3 (moderate),,,Yes,Yes,Yes,Yes,Yes,Yes,X,X,Yes,Yes,X,Porcelain and Ceramic,,,,,
ORB-012BLG,NK72120,METEOR SHOWER ,Orbit,Porcelain,"1/4""",,Glossy,Mesh Mounted,"11.46x12.4""",0.987,sheet,sheet,10 shts/box,9.868,1.8,11.46,12.4,10,17.5,V3 (moderate),,,Yes,Yes,Yes,Yes,Yes,Yes,Yes,Yes,Yes,Yes,Yes,Porcelain and Ceramic,,,,,
ORB-011NVG,NK72119,MIDNIGHT STARDUST ,Orbit,Porcelain,"1/4""",,Glossy,Mesh Mounted,"11.46x12.4""",0.987,sheet,sheet,10 shts/box,9.868,1.8,11.46,12.4,10,17.5,V3 (moderate),,,Yes,Yes,Yes,Yes,Yes,Yes,Yes,Yes,Yes,Yes,Yes,Porcelain and Ceramic,,,,,
ORB-05NVM,KWD4810,MILKY WAY ,Orbit,Porcelain,"1/4""",,Matte,Mesh Mounted,"11.46x12.4""",0.987,sheet,sheet,10 shts/box,9.868,1.8,11.46,12.4,10,17.5,V3 (moderate),,,Yes,Yes,Yes,Yes,Yes,Yes,X,X,Yes,Yes,Yes,Porcelain and Ceramic,,,,,
ORB-08GRG,NK20116,MOON ROCK ,Orbit,Porcelain,"1/4""",,Glossy,Mesh Mounted,"11.46x12.4""",0.987,sheet,sheet,10 shts/box,9.868,1.8,11.46,12.4,10,17.5,V3 (moderate),,,Yes,Yes,Yes,Yes,Yes,Yes,Yes,Yes,Yes,Yes,Yes,Porcelain and Ceramic,,,,,
ORB-017RDG,NKCL81539,RED STAR,Orbit,Porcelain,"1/4""",,Glossy,Mesh Mounted,"11.46x12.4""",0.987,sheet,sheet,10 shts/box,9.868,1.8,11.46,12.4,10,17.5,V3 (moderate),,,Yes,Yes,Yes,Yes,Yes,Yes,Yes,Yes,Yes,Yes,Yes,Porcelain and Ceramic,,,,,
ORB-02WTM,KW1005,RIGEL ,Orbit,Porcelain,"1/4""",,Matte,Mesh Mounted,"11.46x12.4""",0.987,sheet,sheet,10 shts/box,9.868,1.8,11.46,12.4,10,17.5,V3 (moderate),,,Yes,Yes,Yes,Yes,Yes,Yes,Yes,Yes,Yes,Yes,Yes,Porcelain and Ceramic,,,,,
ORB-015PKG,NK82590,SATELLITE OF LOVE,Orbit,Porcelain,"1/4""",,Glossy,Mesh Mounted,"11.46x12.4""",0.987,sheet,sheet,10 shts/box,9.868,1.8,11.46,12.4,10,17.5,V3 (moderate),,,Yes,Yes,Yes,Yes,Yes,Yes,Yes,Yes,Yes,Yes,Yes,Porcelain and Ceramic,,,,,
ORB-04BKG,KWY1001,SILVER STAR POLISHED ,Orbit,Porcelain,"1/4""",,Glossy,Mesh Mounted,"11.46x12.4""",0.987,sheet,sheet,10 shts/box,9.868,1.8,11.46,12.4,10,17.5,V3 (moderate),,,Yes,Yes,Yes,Yes,Yes,Yes,X,X,Yes,Yes,X,Porcelain and Ceramic,,,,,
ORB-01WTG,KW1001,SIRIUS,Orbit,Porcelain,"1/4""",,Glossy,Mesh Mounted,"11.46x12.4""",0.987,sheet,sheet,10 shts/box,9.868,1.8,11.46,12.4,10,17.5,V3 (moderate),,,Yes,Yes,Yes,Yes,Yes,Yes,Yes,Yes,Yes,Yes,Yes,Porcelain and Ceramic,,,,,
ORB-013ORG,NK82559,SOLAR FLARE,Orbit,Porcelain,"1/4""",,Glossy,Mesh Mounted,"11.46x12.4""",0.987,sheet,sheet,10 shts/box,9.868,1.8,11.46,12.4,10,17.5,V3 (moderate),,,Yes,Yes,Yes,Yes,Yes,Yes,Yes,Yes,Yes,Yes,Yes,Porcelain and Ceramic,,,,,
ORB-018YLG,NK82929,SUN ,Orbit,Porcelain,"1/4""",,Glossy,Mesh Mounted,"11.46x12.4""",0.987,sheet,sheet,10 shts/box,9.868,1.8,11.46,12.4,10,17.5,V3 (moderate),,,Yes,Yes,Yes,Yes,Yes,Yes,Yes,Yes,Yes,Yes,Yes,Porcelain and Ceramic,,,,,
ORE-AGT-848,GEMS AGATA,OREGON AGATA,Oregon,Porcelain,"5/16""",,Matte,Loose,"7.9x47.2""",2.589,sf,box,4 pcs/box,10.358,5.1,7.9,47.2,4,53.2,V4 (substantial),54,Rectified,Yes,Yes,Yes,Yes,Yes,Yes,Yes,X,Yes,Yes,Yes,Porcelain and Ceramic,,,,,LTL
ORE-AGT-DEC,OREGON AGATA DECO(GEMS AGATA SHANGAI | SHANGAI AGATA RET),OREGON AGATA DECO,Oregon,Porcelain,"5/16""",,Matte,Loose,"11.8x47.2""",3.868,sf,box,4 pcs/box,15.471,4.6,7.9,47.2,4,70.4,V4 (substantial),4,Rectified,Yes,Yes,Yes,Yes,Yes,Yes,Yes,X,Yes,Yes,Yes,Porcelain and Ceramic,,,,,LTL
ORE-AGT-HEX,GEMS HEX AGATA,OREGON AGATA HEX,Oregon,Porcelain,"5/16""",,Matte,Mesh Mounted,"9.8x11.8""",0.803,sheet,sheet,5 pcs/box,4.015,3.5,9.8,11.8,5,17.6,V4 (substantial),,Rectified,Yes,Yes,Yes,Yes,Yes,Yes,Yes,Yes,Yes,Yes,Yes,Porcelain and Ceramic,,,,,
ORE-FUM-848,OREGON FUME (GEMS FUME),OREGON FUME,Oregon,Porcelain,"5/16""",,Matte,Loose,"7.9x47.2""",2.589,sf,box,4 pcs/box,10.358,5.1,7.9,47.2,4,53.2,V4 (substantial),54,Rectified,Yes,Yes,Yes,Yes,Yes,Yes,Yes,X,Yes,Yes,Yes,Porcelain and Ceramic,,,,,LTL
ORE-FUM-DEC,GEMS FUME SHANGAI,OREGON FUME DECO,Oregon,Porcelain,"5/16""",,Matte,Loose,"11.8x47.2""",3.868,sf,box,4 pcs/box,15.471,4.6,7.9,47.2,4,70.4,V4 (substantial),4,Rectified,Yes,Yes,Yes,Yes,Yes,Yes,Yes,X,Yes,Yes,Yes,Porcelain and Ceramic,,,,,LTL
ORE-FUM-HEX,GEMS HEX FUME,OREGON FUME HEX,Oregon,Porcelain,"5/16""",,Matte,Mesh Mounted,"9.8x11.8""",0.803,sheet,sheet,5 pcs/box,4.015,3.5,9.8,11.8,5,17.6,V4 (substantial),,Rectified,Yes,Yes,Yes,Yes,Yes,Yes,Yes,Yes,Yes,Yes,Yes,Porcelain and Ceramic,,,,,
ORE-GR-WD,PAINTED WOOD BLUE,OREGON GREY WOOD,Oregon,Porcelain,"5/16""",,Matte,Loose,"7.9x47.2""",2.589,sf,box,4 pcs/box,10.358,5.1,7.9,47.2,4,53.2,V4 (substantial),45,Rectified,Yes,Yes,Yes,Yes,Yes,Yes,Yes,X,Yes,Yes,Yes,Porcelain and Ceramic,,,,,LTL
ORE-GR-WD-HEX,PAINTED WOOD HEX BLUE,OREGON GREY WOOD HEX,Oregon,Porcelain,"5/16""",,Matte,Mesh Mounted,"9.8x11.8""",0.803,sheet,sheet,5 pcs/box,4.015,3.5,9.8,11.8,5,17.6,V4 (substantial),,Rectified,Yes,Yes,Yes,Yes,Yes,Yes,Yes,Yes,Yes,Yes,Yes,Porcelain and Ceramic,,,,,
ORE-RUS-BIA-848,GEMS BIANCO,OREGON RUSTIC BIANCO,Oregon,Porcelain,"5/16""",,Matte,Loose,"7.9x47.2""",2.589,sf,box,4 pcs/box,10.358,5.1,7.9,47.2,4,53.2,V4 (substantial),54,Rectified,Yes,Yes,Yes,Yes,Yes,Yes,Yes,X,Yes,Yes,Yes,Porcelain and Ceramic,,,,,LTL
ORE-RUS-BIA-DEC,OREGON RUSTIC BIANCO DECO (GEMS BIANCO SHANGAI|SHANGAI BIANCO RET 30X120),OREGON RUSTIC BIANCO DECO,Oregon,Porcelain,"5/16""",,Matte,Loose,"11.8x47.2""",3.868,sf,box,4 pcs/box,15.471,4.6,11.8,47.2,4,70.4,V4 (substantial),4,Rectified,Yes,Yes,Yes,Yes,Yes,Yes,Yes,X,Yes,Yes,Yes,Porcelain and Ceramic,,,,,LTL
ORE-RUS-BIA-HEX,GEMS HEX BLANCO,OREGON RUSTIC BIANCO HEX,Oregon,Porcelain,"5/16""",,Matte,Mesh Mounted,"9.8x11.8""",0.803,sheet,sheet,5 pcs/box,4.015,3.5,9.8,11.8,5,17.6,V4 (substantial),,Rectified,Yes,Yes,Yes,Yes,Yes,Yes,Yes,Yes,Yes,Yes,Yes,Porcelain and Ceramic,,,,,
ORE-WHT-WD-848,PAINTED WOOD WHITE,OREGON WHITE WOOD,Oregon,Porcelain,"5/16""",,Matte,Loose,"7.9x47.2""",2.589,sf,box,4 pcs/box,10.358,5.1,7.9,47.2,4,53.2,V4 (substantial),45,Rectified,Yes,Yes,Yes,Yes,Yes,Yes,Yes,X,Yes,Yes,Yes,Porcelain and Ceramic,,,,,LTL
ORE-WHT-WD-HEX,PAINTED WOOD HEX WHITE,OREGON WHITE WOOD HEX,Oregon,Porcelain,"5/16""",,Matte,Mesh Mounted,"9.8x11.8""",0.803,sheet,sheet,5 pcs/box,4.015,3.5,9.8,11.8,5,17.6,V4 (substantial),,Rectified,Yes,Yes,Yes,Yes,Yes,Yes,Yes,Yes,Yes,Yes,Yes,Porcelain and Ceramic,,,,,
PAT-FOR-COB,Patina Forged Cobalt 18x48(Elements Cobalt Frame 45x120),PATINA FORGED COBALT 18X48,Patina,Ceramic,"5/16""",,Textured,Loose,"17.6x47""",5.744,sf,Box,3 pcs/box,17.233,3.0,17.6,47,3,52.3,V4 (substantial),1,rectified,X,Yes,X,X,Yes,X,X,X,Yes,Yes,X,Porcelain and Ceramic,,,,,LTL
PAT-FOR-WHT,Patina Forged White Matte 18x48 (Elements White Frame Matt 45x120),PATINA FORGED WHITE MATTE 18X48,Patina,Ceramic,"5/16""",,Textured,Loose,"17.6x47""",5.744,sf,Box,3 pcs/box,17.233,3.0,17.6,47,3,52.3,V4 (substantial),1,rectified,X,Yes,X,X,Yes,X,X,X,Yes,Yes,X,Porcelain and Ceramic,,,,,LTL
PAT-GLGR-DEC,Zinc Green Gold Crack 45x120,PATINA GOLD GREEN DECO 18X48,Patina,Ceramic,"5/16""",,Textured,Loose,"17.6x47""",5.744,sf,Box,3 pcs/box,17.233,3.0,17.6,47,3,52.3,V4 (substantial),16,rectified,X,Yes,X,X,Yes,X,X,X,Yes,Yes,X,Porcelain and Ceramic,,,,,LTL
PAT-GRN-1848,Patina Green 18x48 (Zinc Green Matt 45x120),PATINA GREEN 18X48,Patina,Ceramic,"5/16""",,Matte,Loose,"17.6x47""",5.744,sf,Box,4 pcs/box,22.978,2.3,17.6,47,4,52.3,V4 (substantial),16,rectified,X,Yes,X,X,Yes,X,X,X,Yes,Yes,X,Porcelain and Ceramic,,,,,LTL
PAT-GRN-DEC,Patina Green Deco 18x48 (Zinc Green Crack 45x120),PATINA GREEN DECO 18X48,Patina,Ceramic,"5/16""",,Textured,Loose,"17.6x47""",5.744,sf,Box,3 pcs/box,17.233,3.0,17.6,47,3,52.3,V4 (substantial),16,rectified,X,Yes,X,X,Yes,X,X,X,Yes,Yes,X,Porcelain and Ceramic,,,,,LTL
PAT-PAT-DEC (discontinued),Ozone Patchwork décor,PATINA PATCHWORK DECO 18X48,Patina,Ceramic,"5/16""",,Matte,Loose,"17.6x47""",5.744,sf,Box,4 pcs/box,22.978,3.0,17.6,47,4,69.3,V4 (substantial),6,rectified,X,Yes,X,X,Yes,X,X,X,Yes,Yes,X,Porcelain and Ceramic,,,,,LTL
PAT-WHT-DEC,Zinc White Crack 45x120,PATINA WHITE DECO 18X48,Patina,Ceramic,"5/16""",,Textured,Loose,"17.6x47""",5.744,sf,Box,3 pcs/box,17.233,3.0,17.6,47,3,51.9,V4 (substantial),16,rectified,X,Yes,X,X,Yes,X,X,X,Yes,Yes,X,Porcelain and Ceramic,,,,,LTL
PAT-WHT-MAT-1848,Zinc White Matt 45x120,PATINA WHITE MATTE 18X48,Patina,Ceramic,"5/16""",,Matte,Loose,"17.6x47""",5.744,sf,Box,4 pcs/box,22.978,3.0,17.6,47,4,69.3,V4 (substantial),16,rectified,X,Yes,X,X,Yes,X,X,X,Yes,Yes,X,Porcelain and Ceramic,,,,,LTL
PIA-BLK-1212,Piano Black 12x12 (Renzo Noir 30x30),PIANO BLACK 12X12,Piano,Porcelain,"3/8""",9 mm,Matte,Loose,"11.81""x 11.81""",0.967,sf,box,14 pcs/box,13.563,4.7,11.8,11.8,14,64.0,V2 (Slight),,Pressed,Yes,Yes,Yes,Yes,Yes,Yes,Yes,X,Yes,Yes,Yes,Porcelain and Ceramic,34,461.126,,,LTL
PIA-BLK-2424,Renzo Noir 24x24,PIANO BLACK 24X24,Piano,Porcelain,"3/8""",9.5 mm,Matte,Loose,"23.62""x 23.62""",3.874,sf,box,4 pcs/box,15.500,4.2,23.62,23.62,4,65.1,V2 (Slight),,Pressed,Yes,Yes,Yes,Yes,Yes,Yes,Yes,X,Yes,Yes,Yes,Porcelain and Ceramic,30,465,,,LTL
PIA-WHT-1212,Piano White 12x12 (Renzo White 30x30),PIANO WHITE 12X12,Piano,Porcelain,"3/8""",9 mm,Matte,Loose,"11.81""x 11.81""",0.967,sf,box, 14 pcs/box,13.563,4.7,11.8,11.8,14,64.0,V2 (Slight),,Pressed,Yes,Yes,Yes,Yes,Yes,Yes,Yes,X,Yes,Yes,Yes,Porcelain and Ceramic,34,461.126,,,LTL
PIA-WHT-2424,Renzo White 24x24,PIANO WHITE 24X24,Piano,Porcelain,"3/8""",9.5 mm,Matte,Loose,"23.62""x 23.62""",3.874,sf,box,4 pcs/box,15.500,4.2,23.62,23.62,4,65.1,V2 (Slight),,Pressed,Yes,Yes,Yes,Yes,Yes,Yes,Yes,X,Yes,Yes,Yes,Porcelain and Ceramic,30,465,,,LTL
PCD-AQ-GL,"ON ACQUA GLOSS 4,3X24,3",PICCADILLY AQUA GLOSS,Piccadilly,Ceramic,"9/32""",7.4mm,Glossy,Loose,"1.7x9.6""",0.103,sf,box,23 pcs/box,2.367,2.9,1.7,9.6,23,6.8,V3 (moderate),,Pressed,X,Yes,Yes,X,Yes,Yes,Yes,X,Yes,Yes,X,Porcelain and Ceramic,,,,,LTL2SM
PCD-AQ-M,Piccadilly Aqua Matt (OFF ACQUA MATT 4.3X24.3),PICCADILLY AQUA MATT,Piccadilly,Ceramic,"9/32""",7.4mm,Matte,Loose,"1.7x9.6""",0.103,sf,box,23 pcs/box,2.367,2.9,1.7,9.6,23,6.8,V3 (moderate),,Pressed,X,Yes,Yes,X,Yes,Yes,Yes,X,Yes,Yes,X,Porcelain and Ceramic,,,,,LTL2SM
PCD-GRT-GL,"ON GRAPHITE GLOSS 4,3X24,3",PICCADILLY GRAPHITE GLOSS,Piccadilly,Ceramic,"9/32""",7.4mm,Glossy,Loose,"1.7x9.6""",0.103,sf,box,23 pcs/box,2.367,2.9,1.7,9.6,23,6.8,V3 (moderate),,Pressed,X,Yes,Yes,X,Yes,Yes,Yes,X,Yes,Yes,X,Porcelain and Ceramic,,,,,LTL2SM
PCD-GRT-M,"OFF GRAPHITE MATT 4,3X24,3",PICCADILLY GRAPHITE MATT,Piccadilly,Ceramic,"9/32""",7.4mm,Matte,Loose,"1.7x9.6""",0.103,sf,box,23 pcs/box,2.367,2.9,1.7,9.6,23,6.8,V3 (moderate),,Pressed,X,Yes,Yes,X,Yes,Yes,Yes,X,Yes,Yes,X,Porcelain and Ceramic,,,,,LTL2SM
PCD-NV-GL,"ON NAVY GLOSS 4,3X24,3",PICCADILLY NAVY GLOSS,Piccadilly,Ceramic,"9/32""",7.4mm,Glossy,Loose,"1.7x9.6""",0.103,sf,box,23 pcs/box,2.367,2.9,1.7,9.6,23,6.8,V3 (moderate),,Pressed,X,Yes,Yes,X,Yes,Yes,Yes,X,Yes,Yes,X,Porcelain and Ceramic,,,,,LTL2SM
PCD-NV-M,"OFF NAVY MATT 4,3X24,3",PICCADILLY NAVY MATT,Piccadilly,Ceramic,"9/32""",7.4mm,Matte,Loose,"1.7x9.6""",0.103,sf,box,23 pcs/box,2.367,2.9,1.7,9.6,23,6.8,V3 (moderate),,Pressed,X,Yes,Yes,X,Yes,Yes,Yes,X,Yes,Yes,X,Porcelain and Ceramic,,,,,LTL2SM
PCD-PRL-GL,"ON PEARL GLOSS 4,3X24,3",PICCADILLY PEARL GLOSS,Piccadilly,Ceramic,"9/32""",7.4mm,Glossy,Loose,"1.7x9.6""",0.103,sf,box,23 pcs/box,2.367,2.9,1.7,9.6,23,6.8,V3 (moderate),,Pressed,X,Yes,Yes,X,Yes,Yes,Yes,X,Yes,Yes,X,Porcelain and Ceramic,,,,,LTL2SM
PCD-PRL-M,"OFF PEARL MATT 4,3X24,3",PICCADILLY PEARL MATT,Piccadilly,Ceramic,"9/32""",7.4mm,Matte,Loose,"1.7x9.6""",0.103,sf,box,23 pcs/box,2.367,2.9,1.7,9.6,23,6.8,V3 (moderate),,Pressed,X,Yes,Yes,X,Yes,Yes,Yes,X,Yes,Yes,X,Porcelain and Ceramic,,,,,LTL2SM
PCD-RST-AQ,"PICKET DALLAS ACQUA 4,3X24,3",PICCADILLY RUSTIC AQUA,Piccadilly,Ceramic,"9/32""",7.4mm,Glossy,Loose,"1.7x9.6""",0.103,sf,box,23 pcs/box,2.367,2.9,1.7,9.6,23,6.8,V3 (moderate),,Pressed,X,Yes,Yes,X,Yes,Yes,Yes,X,Yes,Yes,X,Porcelain and Ceramic,,,,,LTL2SM
PCD-RST-BLU,"PICKET DALLAS BLUE 4,3X24,3",PICCADILLY RUSTIC BLUE,Piccadilly,Ceramic,"9/32""",7.4mm,Glossy,Loose,"1.7x9.6""",0.103,sf,box,23 pcs/box,2.367,2.9,1.7,9.6,23,6.8,V3 (moderate),,Pressed,X,Yes,Yes,X,Yes,Yes,Yes,X,Yes,Yes,X,Porcelain and Ceramic,,,,,LTL2SM
PCD-RST-NAT,Piccadilly Rustic Natura (PICKET DALLAS NATURAL 4.3X24.3),PICCADILLY RUSTIC NATURAL,Piccadilly,Ceramic,"9/32""",7.4mm,Glossy,Loose,"1.7x9.6""",0.103,sf,box,23 pcs/box,2.367,2.9,1.7,9.6,23,6.8,V3 (moderate),,Pressed,X,Yes,Yes,X,Yes,Yes,Yes,X,Yes,Yes,X,Porcelain and Ceramic,,,,,LTL2SM
PCD-WT-GL,"ON WHITE GLOSS 4,3X24,3",PICCADILLY WHITE GLOSS,Piccadilly,Ceramic,"9/32""",7.4mm,Glossy,Loose,"1.7x9.6""",0.103,sf,box,23 pcs/box,2.367,2.9,1.7,9.6,23,6.8,V3 (moderate),,Pressed,X,Yes,Yes,X,Yes,Yes,Yes,X,Yes,Yes,X,Porcelain and Ceramic,,,,,LTL2SM
PCD-WT-M,"OFF WHITE MATT 4,3X24,3",PICCADILLY WHITE MATT,Piccadilly,Ceramic,"9/32""",7.4mm,Matte,Loose,"1.7x9.6""",0.103,sf,box,23 pcs/box,2.367,2.9,1.7,9.6,23,6.8,V3 (moderate),,Pressed,X,Yes,Yes,X,Yes,Yes,Yes,X,Yes,Yes,X,Porcelain and Ceramic,,,,,LTL2SM
RET-BLN-824,Retro Blanco 21X60,RETRO BLANCO,Retro,Porcelain,"5/16""",,Matte,Loose,"8.2x23.6""",1.344,sf,box,8 pcs/box,10.751,4.5,8.2,23.6,8,48.0,V3 (moderate),,Pressed,Yes,Yes,Yes,Yes,Yes,Yes,Yes,X,Yes,Yes,Yes,Porcelain and Ceramic,,,,,LTL
RET-BLN-HEX,RETRO BLANCO HEX (RETRO BLANCO HEX),RETRO BLANCO HEX,Retro,Porcelain,"5/16""",,Matte,Loose,"14x14""",1.361,sf,box,9 pcs/box,10.800,5.0,14,14,9,54.0,V3 (moderate),,Pressed,Yes,Yes,Yes,Yes,Yes,Yes,Yes,X,Yes,Yes,Yes,Porcelain and Ceramic,,,,,LTL
RET-CEN-824,RETRO CENDRA 21X60,RETRO CENDRA,Retro,Porcelain,"5/16""",,Matte,Loose,"8.2x23.6""",1.344,sf,box,8 pcs/box,10.751,4.5,8.2,23.6,8,48.0,V3 (moderate),,Pressed,Yes,Yes,Yes,Yes,Yes,Yes,Yes,X,Yes,Yes,Yes,Porcelain and Ceramic,,,,,LTL
RET-CEN-HEX,RETRO CENDRA HEX,RETRO CENDRA HEX,Retro,Porcelain,"5/16""",,Matte,Loose,"14x14""",1.361,sf,box,9 pcs/box,10.800,5.0,14,14,9,54.0,V3 (moderate),,Pressed,Yes,Yes,Yes,Yes,Yes,Yes,Yes,X,Yes,Yes,Yes,Porcelain and Ceramic,,,,,LTL
RTM-BLK-88,Melody Black,Rhythm Black,Rhythm,Ceramic,"5/16""",8.5 mm,Glossy,Loose,"7.87x7.87""",0.431,sf,box,25 pcs/box,10.764,3.3,7.87,7.87,25,35.4,,1,Pressed,X,Yes,X,X,Yes,X,Yes,X,Yes,Yes,X,Porcelain and Ceramic,,,,,LTL2SM
RTM-GRN-88,Melody Royal Green,Rhythm Royal Green,Rhythm,Ceramic,"5/16""",8.5 mm,Glossy,Loose,"7.87x7.87""",0.431,sf,box,25 pcs/box,10.764,1.4,7.87,7.87,25,35.4,,1,Pressed,X,Yes,X,X,Yes,X,Yes,X,Yes,Yes,X,Porcelain and Ceramic,,,,,LTL2SM
RTM-SND-88,Melody Sand,Rhythm Sand,Rhythm,Ceramic,"5/16""",8.5 mm,Glossy,Loose,"7.87x7.87""",0.431,sf,box,25 pcs/box,10.764,1.4,7.87,7.87,25,35.4,,1,Pressed,X,Yes,X,X,Yes,X,Yes,X,Yes,Yes,X,Porcelain and Ceramic,,,,,LTL2SM
RTM-WHT-88,Melody White,Rhythm White,Rhythm,Ceramic,"5/16""",8.5 mm,Glossy,Loose,"7.87x7.87""",0.431,sf,box,25 pcs/box,10.764,1.4,7.87,7.87,25,35.4,,1,Pressed,X,Yes,X,X,Yes,X,Yes,X,Yes,Yes,X,Porcelain and Ceramic,,,,,LTL2SM
RID-BLK-DEC-GL,5X20 ONDA BLACK,RIDGE BLACK DECO GLOSS,Ridge,Ceramic,"5/16""",,Glossy,Loose,1.97x7.87,0.108,sf,box,38 pcs/box,4.090,3.6,1.97,7.87,38,14.9,V2 (slight),,Pressed,X,Yes,X,X,Yes,X,Yes,X,Yes,Yes,X,Porcelain and Ceramic,,,,,LTL2SM
RID-BLK-DEC-M,5X20 ONDA BLACK MATT,RIDGE BLACK DECO MATTE,Ridge,Ceramic,"5/16""",,Matte,Loose,1.97x7.87,0.108,sf,box,38 pcs/box,4.090,3.4,1.97,7.87,38,14.1,V2 (slight),,Pressed,X,Yes,X,X,Yes,X,Yes,X,Yes,Yes,X,Porcelain and Ceramic,,,,,LTL2SM
RID-BLK-GL,Ridge Black Gloss (5X20 COSTA NOVA BLACK),RIDGE BLACK GLOSS,Ridge,Ceramic,"5/16""",,Glossy,Loose,1.97x7.87,0.108,sf,box,50 pcs/box,5.380,2.8,1.97,7.87,50,14.9,V2 (slight),,Pressed,X,Yes,Yes,X,Yes,X,Yes,X,Yes,Yes,X,Porcelain and Ceramic,,,,,LTL2SM
RID-BLK-M,Ridge Black Matte (5X20 COSTA NOVA BLACK MATT),RIDGE BLACK MATTE,Ridge,Ceramic,"5/16""",,Matte,Loose,1.97x7.87,0.108,sf,box,60 pcs/box,6.458,3.0,1.97,7.87,60,19.1,V2 (slight),,Pressed,X,Yes,Yes,X,Yes,Yes,Yes,X,Yes,Yes,X,Porcelain and Ceramic,,,,,LTL2SM
RID-BLK-PEN-GL,"1,2X20 JOLLY NEGRO BRILLO",RIDGE BLACK PENCIL GLOSS,Ridge,Ceramic,"5/16""",,Glossy,Loose,0.47x7.87,0.026,piece,piece,66 pcs/box,1.700,0.3,0.47,7.87,66,17.6,V2 (slight),,Pressed,X,Yes,Yes,X,Yes,X,Yes,X,Yes,Yes,X,Porcelain and Ceramic,,,,,PEN
RID-BLK-PEN-M,"1,2X20 JOLLY NEGRO MATE ",RIDGE BLACK PENCIL MATTE,Ridge,Ceramic,"5/16""",,Matte,Loose,0.47x7.87,0.026,piece,piece,66 pcs/box,1.700,0.3,0.47,7.87,66,17.6,V2 (slight),,Pressed,X,Yes,Yes,X,Yes,X,Yes,X,Yes,Yes,X,Porcelain and Ceramic,,,,,PEN
RID-LRL-DEC-GL,Ridge Laurel Deco Gloss (5X20 ONDA LAUREL GREEN),RIDGE LAUREL DECO GLOSS,Ridge,Ceramic,"5/16""",,Glossy,Loose,1.97x7.87,0.108,sf,box,38 pcs/box,4.090,3.6,1.97,7.87,38,14.9,V2 (slight),,Pressed,X,Yes,X,X,Yes,X,Yes,X,Yes,Yes,X,Porcelain and Ceramic,,,,,LTL2SM
RID-LRL-DEC-M,Ridge Laurel Deco Matte (5X20 ONDA LAUREL GREEN MATT),RIDGE LAUREL DECO MATTE,Ridge,Ceramic,"5/16""",,Matte,Loose,1.97x7.87,0.108,sf,box,42 pcs/box,4.520,3.1,1.97,7.87,42,14.1,V2 (slight),,Pressed,X,Yes,X,X,Yes,X,Yes,X,Yes,Yes,X,Porcelain and Ceramic,,,,,LTL2SM
RID-LRL-GL,Ridge Laurel Gloss (5X20 COSTA NOVA LAUREL GREEN),RIDGE LAUREL GLOSS,Ridge,Ceramic,"5/16""",,Glossy,Loose,1.97x7.87,0.108,sf,box,60 pcs/box,6.480,2.3,1.97,7.87,60,14.9,V2 (slight),,Pressed,X,Yes,Yes,X,Yes,X,Yes,X,Yes,Yes,X,Porcelain and Ceramic,,,,,LTL2SM
RID-LRL-M,Ridge Laurel Matte (5X20 COSTA NOVA LAUREL GREEN MATT),RIDGE LAUREL MATTE,Ridge,Ceramic,"5/16""",,Matte,Loose,1.97x7.87,0.108,sf,box,50 pcs/box,5.380,3.0,1.97,7.87,50,16.0,V2 (slight),,Pressed,X,Yes,Yes,X,Yes,Yes,Yes,X,Yes,Yes,X,Porcelain and Ceramic,,,,,LTL2SM
RID-LRL-PEN-GL,"1,2X20 JOLLY LAUREL GREEN",RIDGE LAUREL PENCIL GLOSS,Ridge,Ceramic,"5/16""",,Glossy,Loose,0.47x7.87,0.026,piece,piece,66 pcs/box,1.700,0.3,0.47,7.87,66,17.6,V2 (slight),,Pressed,X,Yes,Yes,X,Yes,X,Yes,X,Yes,Yes,X,Porcelain and Ceramic,,,,,PEN
RID-LRL-PEN-M,"1,2X20 JOLLY LAUREL GREEN MATT ",RIDGE LAUREL PENCIL MATTE,Ridge,Ceramic,"5/16""",,Matte,Loose,0.47x7.87,0.026,piece,piece,66 pcs/box,1.700,0.3,0.47,7.87,66,17.6,V2 (slight),,Pressed,X,Yes,Yes,X,Yes,X,Yes,X,Yes,Yes,X,Porcelain and Ceramic,,,,,PEN
RID-NAV-DEC-GL,5X20 ONDA NAVAL,RIDGE NAVY DECO GLOSS,Ridge,Ceramic,"5/16""",,Glossy,Loose,1.97x7.87,0.108,sf,box,38 pcs/box,4.090,3.6,1.97,7.87,38,14.9,V2 (slight),,Pressed,X,Yes,X,X,Yes,X,Yes,X,Yes,Yes,X,Porcelain and Ceramic,,,,,LTL2SM
RID-NAV-DEC-M,5X20 ONDA NAVAL MATT,RIDGE NAVY DECO MATTE,Ridge,Ceramic,"5/16""",,Matte,Loose,1.97x7.87,0.108,sf,box,38 pcs/box,4.090,3.4,1.97,7.87,38,14.1,V2 (slight),,Pressed,X,Yes,X,X,Yes,X,Yes,X,Yes,Yes,X,Porcelain and Ceramic,,,,,LTL2SM
RID-NAV-GL,Ridge Navy Gloss (5X20 COSTA NOVA NAVAL),RIDGE NAVY GLOSS,Ridge,Ceramic,"5/16""",,Glossy,Loose,1.97x7.87,0.108,sf,box,60 pcs/box,6.480,2.3,1.97,7.87,60,14.9,V2 (slight),,Pressed,X,Yes,Yes,X,Yes,X,Yes,X,Yes,Yes,X,Porcelain and Ceramic,,,,,LTL2SM
RID-NAV-M,Ridge Navy Matte (5X20 COSTA NOVA NAVAL MATT),RIDGE NAVY MATTE,Ridge,Ceramic,"5/16""",,Matte,Loose,1.97x7.87,0.108,sf,box,50 pcs/box,5.380,3.0,1.97,7.87,50,16.0,V2 (slight),,Pressed,X,Yes,Yes,X,Yes,Yes,Yes,X,Yes,Yes,X,Porcelain and Ceramic,,,,,LTL2SM
RID-NAV-PEN-GL,"1,2X20 JOLLY NAVAL",RIDGE NAVY PENCIL GLOSS,Ridge,Ceramic,"5/16""",,Glossy,Loose,0.47x7.87,0.026,piece,piece,66 pcs/box,1.700,0.3,0.47,7.87,66,17.6,V2 (slight),,Pressed,X,Yes,Yes,X,Yes,X,Yes,X,Yes,Yes,X,Porcelain and Ceramic,,,,,PEN
RID-NAV-PEN-M,"1,2X20 JOLLY NAVAL MATT",RIDGE NAVY PENCIL MATTE,Ridge,Ceramic,"5/16""",,Matte,Loose,0.47x7.87,0.026,piece,piece,66 pcs/box,1.700,0.3,0.47,7.87,66,17.6,V2 (slight),,Pressed,X,Yes,Yes,X,Yes,X,Yes,X,Yes,Yes,X,Porcelain and Ceramic,,,,,PEN
RID-PNK-DEC-GL,Ridge Pink Deco Gloss (5X20 ONDA PINK STONY),RIDGE PINK DECO GLOSS,Ridge,Ceramic,"5/16""",,Glossy,Loose,1.97x7.87,0.108,sf,box,38 pcs/box,4.090,3.6,1.97,7.87,38,14.9,V2 (slight),,Pressed,X,Yes,X,X,Yes,X,Yes,X,Yes,Yes,X,Porcelain and Ceramic,,,,,LTL2SM
RID-PNK-DEC-M,Ridge Pink Deco Matte (5X20 ONDA PINK STONY MATT),RIDGE PINK DECO MATTE,Ridge,Ceramic,"5/16""",,Matte,Loose,1.97x7.87,0.108,sf,box,42 pcs/box,4.536,3.1,1.97,7.87,42,14.1,V2 (slight),,Pressed,X,Yes,X,X,Yes,X,Yes,X,Yes,Yes,X,Porcelain and Ceramic,,,,,LTL2SM
RID-PNK-GL,Ridge Pink Gloss (5X20 COSTA NOVA PINK STONY),RIDGE PINK GLOSS,Ridge,Ceramic,"5/16""",,Glossy,Loose,1.97x7.87,0.108,sf,box,60 pcs/box,6.458,2.3,1.97,7.87,60,14.9,V2 (slight),,Pressed,X,Yes,Yes,X,Yes,X,Yes,X,Yes,Yes,X,Porcelain and Ceramic,,,,,LTL2SM
RID-PNK-M,Ridge Pink Matte (5X20 COSTA NOVA PINK STONY MATT),RIDGE PINK MATTE,Ridge,Ceramic,"5/16""",,Matte,Loose,1.97x7.87,0.108,sf,box,60 pcs/box,6.458,2.5,1.97,7.87,60,16.0,V2 (slight),,Pressed,X,Yes,Yes,X,Yes,Yes,Yes,X,Yes,Yes,X,Porcelain and Ceramic,,,,,LTL2SM
RID-PNK-PEN-GL,"1,2X20 JOLLY PINK STONY",RIDGE PINK PENCIL GLOSS,Ridge,Ceramic,"5/16""",,Glossy,Loose,0.47x7.87,0.026,piece,piece,66 pcs/box,1.700,0.3,0.47,7.87,66,17.6,V2 (slight),,Pressed,X,Yes,Yes,X,Yes,X,Yes,X,Yes,Yes,X,Porcelain and Ceramic,,,,,PEN
RID-PNK-PEN-M,"1,2X20 JOLLY PINK STONY MATT",RIDGE PINK PENCIL MATTE,Ridge,Ceramic,"5/16""",,Matte,Loose,0.47x7.87,0.026,piece,piece,66 pcs/box,1.700,0.3,0.47,7.87,66,17.6,V2 (slight),,Pressed,X,Yes,Yes,X,Yes,X,Yes,X,Yes,Yes,X,Porcelain and Ceramic,,,,,PEN
RID-TER-DEC-GL,Ridge Terra Deco Gloss (5X20 ONDA TERRA),RIDGE TERRA DECO GLOSS,Ridge,Ceramic,"5/16""",,Glossy,Loose,1.97x7.87,0.108,sf,box,38 pcs/box,4.090,3.6,1.97,7.87,38,14.9,V2 (slight),,Pressed,X,Yes,X,X,Yes,X,Yes,X,Yes,Yes,X,Porcelain and Ceramic,,,,,LTL2SM
RID-TER-DEC-M,Ridge Terra Deco Matte (5X20 ONDA TERRA MATT),RIDGE TERRA DECO MATTE,Ridge,Ceramic,"5/16""",,Matte,Loose,1.97x7.87,0.108,sf,box,42 pcs/box,4.536,3.1,1.97,7.87,42,14.1,V2 (slight),,Pressed,X,Yes,X,X,Yes,X,Yes,X,Yes,Yes,X,Porcelain and Ceramic,,,,,LTL2SM
RID-TER-GL,5X20 COSTA NOVA TERRA,RIDGE TERRA GLOSS,Ridge,Ceramic,"5/16""",,Glossy,Loose,1.97x7.87,0.108,sf,box,50 pcs/box,5.380,2.8,1.97,7.87,50,14.9,V2 (slight),,Pressed,X,Yes,Yes,X,Yes,X,Yes,X,Yes,Yes,X,Porcelain and Ceramic,,,,,LTL2SM
RID-TER-M,Ridge Terra Matte (5X20 COSTA NOVA TERRA MATT),RIDGE TERRA MATTE,Ridge,Ceramic,"5/16""",,Matte,Loose,1.97x7.87,0.108,sf,box,60 pcs/box,6.458,3.0,1.97,7.87,60,19.1,V2 (slight),,Pressed,X,Yes,Yes,X,Yes,Yes,Yes,X,Yes,Yes,X,Porcelain and Ceramic,,,,,LTL2SM
RID-TER-PEN-GL,"1,2X20 JOLLY TERRA",RIDGE TERRA PENCIL GLOSS,Ridge,Ceramic,"5/16""",,Glossy,Loose,0.47x7.87,0.026,piece,piece,66 pcs/box,1.700,0.3,0.47,7.87,66,17.6,V2 (slight),,Pressed,X,Yes,Yes,X,Yes,X,Yes,X,Yes,Yes,X,Porcelain and Ceramic,,,,,PEN
RID-TER-PEN-M,"1,2X20 JOLLY TERRA MATT ",RIDGE TERRA PENCIL MATTE,Ridge,Ceramic,"5/16""",,Matte,Loose,0.47x7.87,0.026,piece,piece,66 pcs/box,1.700,0.3,0.47,7.87,66,17.6,V2 (slight),,Pressed,X,Yes,Yes,X,Yes,X,Yes,X,Yes,Yes,X,Porcelain and Ceramic,,,,,PEN
RID-WHT-DEC-GL,5X20 ONDA WHITE,RIDGE WHITE DECO GLOSS,Ridge,Ceramic,"5/16""",,Glossy,Loose,1.97x7.87,0.108,sf,box,42 pcs/box,4.536,3.6,1.97,7.87,42,16.5,V2 (slight),,Pressed,X,Yes,X,X,Yes,X,Yes,X,Yes,Yes,X,Porcelain and Ceramic,,,,,LTL2SM
RID-WHT-DEC-M,Ridge White Deco Matte (5X20 ONDA WHITE MATT),RIDGE WHITE DECO MATTE,Ridge,Ceramic,"5/16""",,Matte,Loose,1.97x7.87,0.108,sf,box,38 pcs/box,4.090,3.4,1.97,7.87,38,14.1,V2 (slight),,Pressed,X,Yes,X,X,Yes,X,Yes,X,Yes,Yes,X,Porcelain and Ceramic,,,,,LTL2SM
RID-WHT-GL,  Ridge White Gloss (5X20 COSTA NOVA WHITE),RIDGE WHITE GLOSS,Ridge,Ceramic,"5/16""",,Glossy,Loose,1.97x7.87,0.108,sf,box,60 pcs/box,6.458,2.3,1.97,7.87,60,14.9,V2 (slight),,Pressed,X,Yes,Yes,X,Yes,X,Yes,X,Yes,Yes,X,Porcelain and Ceramic,,,,,LTL2SM
RID-WHT-M,Ridge White Matte (5X20 COSTA NOVA WHITE MATT),RIDGE WHITE MATTE,Ridge,Ceramic,"5/16""",,Matte,Loose,1.97x7.87,0.108,sf,box,60 pcs/box,6.458,2.5,1.97,7.87,60,16.0,V2 (slight),,Pressed,X,Yes,Yes,X,Yes,Yes,Yes,X,Yes,Yes,X,Porcelain and Ceramic,,,,,LTL2SM
RID-WHT-PEN-GL,"1,2X20 JOLLY BLANCO",RIDGE WHITE PENCIL GLOSS,Ridge,Ceramic,"5/16""",,Glossy,Loose,0.47x7.87,0.026,piece,piece,66 pcs/box,1.700,0.3,0.47,7.87,66,17.6,V2 (slight),,Pressed,X,Yes,Yes,X,Yes,X,Yes,X,Yes,Yes,X,Porcelain and Ceramic,,,,,PEN
RID-WHT-PEN-M,"1,2X20 JOLLY BLANCO MATE",RIDGE WHITE PENCIL MATTE,Ridge,Ceramic,"5/16""",,Matte,Loose,0.47x7.87,0.026,piece,piece,66 pcs/box,1.700,0.3,0.47,7.87,66,17.6,V2 (slight),,Pressed,X,Yes,Yes,X,Yes,X,Yes,X,Yes,Yes,X,Porcelain and Ceramic,,,,,PEN
ROC-BLU-2040,Mood Blue Natural,ROCOCO BLUE 20X40,Rococo,Porcelain,3/8,10,Natural,Loose,"19.69.39.37""",5.330,sf,box,3 pcs/box,15.990,4.7,19.69,39.37,3,75.2,V3 (moderate),,Rectified,Yes,Yes,Yes,Yes,Yes,X,Yes,X,Yes,Yes,Yes,Porcelain and Ceramic,27,431.81,2074,,LTL
ROC-BLU-2424,Mood Blue Natural,ROCOCO BLUE 24X24,Rococo,Porcelain,3/8,10,Natural,Loose,"23.44x23.44""",3.818,sf,box,4 pcs/box,15.270,4.6,23.44,23.44,4,70.0,V3 (moderate),24,Rectified,Yes,Yes,Yes,Yes,Yes,X,Yes,X,Yes,Yes,Yes,Porcelain and Ceramic,30,458.06,2143,,LTL
ROC-BLU-MOS,Mood Blue Mosaic,ROCOCO BLUE MOSAIC,Rococo,Porcelain,3/8,10,Natural,Mesh Mounted,11.71X11.71,0.952,sheet,sheet,8 sheets/box,7.620,4.7,11.71,11.71,8,37.6,V3 (moderate),,Rectified,Yes,Yes,Yes,Yes,Yes,Yes,Yes,Yes,Yes,Yes,Yes,Porcelain and Ceramic,,,,,
ROC-GRN-2040,Mood Green Natural,ROCOCO GREEN 20X40,Rococo,Porcelain,3/8,10,Natural,Loose,"19.69.39.37""",5.330,sf,box,3 pcs/box,15.990,4.7,19.69,39.37,3,75.2,V3 (moderate),,Rectified,Yes,Yes,Yes,Yes,Yes,X,Yes,X,Yes,Yes,Yes,Porcelain and Ceramic,27,431.81,2074,,LTL
ROC-GRN-2424,Rococo Green 24x24 (59.55x59.55 Mood Green Natural),ROCOCO GREEN 24X24,Rococo,Porcelain,3/8,10,Natural,Loose,"23.44x23.44""",3.818,sf,box,4 pcs/box,15.270,4.6,23.44,23.44,4,70.0,V3 (moderate),24,Rectified,Yes,Yes,Yes,Yes,Yes,X,Yes,X,Yes,Yes,Yes,Porcelain and Ceramic,30,458.06,2143,,LTL
ROC-GRN-HEX,Mood Hex Green Natural,ROCOCO GREEN HEX,Rococo,Porcelain,3/8,10,Natural,Loose,"9.84x11.42""",0.592,sf,box,17 pcs/box,10.060,4.8,,,17,47.9,V3 (moderate),,Pressed,Yes,Yes,Yes,Yes,Yes,X,Yes,X,Yes,Yes,Yes,Porcelain and Ceramic,48,483.09,2332,,LTL
ROC-GRN-MOS,Mood Green Mosaic,ROCOCO GREEN MOSAIC,Rococo,Porcelain,3/8,10,Natural,Mesh Mounted,11.71X11.71,0.952,sheet,sheet,8 sheets/box,7.620,4.7,11.71,11.71,8,37.6,V3 (moderate),,Rectified,Yes,Yes,Yes,Yes,Yes,Yes,Yes,Yes,Yes,Yes,Yes,Porcelain and Ceramic,,,,,
ROC-IVR-2040,Rococo Ivory 20x40 (49.75x99.55 Mood Ivory Natural),ROCOCO IVORY 20X40,Rococo,Porcelain,3/8,10,Natural,Loose,"19.69.39.37""",5.330,sf,box,3 pcs/box,15.990,4.7,19.69,39.37,3,75.2,V3 (moderate),,Rectified,Yes,Yes,Yes,Yes,Yes,X,Yes,X,Yes,Yes,Yes,Porcelain and Ceramic,27,431.81,2074,,LTL
ROC-IVR-2424,Mood Ivory Natural,ROCOCO IVORY 24X24,Rococo,Porcelain,3/8,10,Natural,Loose,"23.44x23.44""",3.818,sf,box,4 pcs/box,15.270,4.6,23.44,23.44,4,70.0,V3 (moderate),24,Rectified,Yes,Yes,Yes,Yes,Yes,X,Yes,X,Yes,Yes,Yes,Porcelain and Ceramic,30,458.06,2143,,LTL
ROC-IVR-HEX,Mood Hex Ivory Natural,ROCOCO IVORY HEX,Rococo,Porcelain,3/8,10,Natural,Loose,"9.84x11.42""",0.592,sf,box,17 pcs/box,10.060,4.8,,,17,47.9,V3 (moderate),,Pressed,Yes,Yes,Yes,Yes,Yes,X,Yes,X,Yes,Yes,Yes,Porcelain and Ceramic,48,483.09,2332,,LTL
ROC-IVR-MOS,Mood Ivory Mosaic,ROCOCO IVORY MOSAIC,Rococo,Porcelain,3/8,10,Natural,Mesh Mounted,11.71X11.71,0.952,sheet,sheet,8 sheets/box,7.620,4.7,11.71,11.71,8,37.6,V3 (moderate),,Rectified,Yes,Yes,Yes,Yes,Yes,Yes,Yes,Yes,Yes,Yes,Yes,Porcelain and Ceramic,,,,,
ROC-WHT-2040,Mood White Natural,ROCOCO WHITE 20X40,Rococo,Porcelain,3/8,10,Natural,Loose,"19.69.39.37""",5.330,sf,box,3 pcs/box,15.990,4.7,19.69,39.37,3,75.2,V3 (moderate),,Rectified,Yes,Yes,Yes,Yes,Yes,X,Yes,X,Yes,Yes,Yes,Porcelain and Ceramic,27,431.81,2074,,LTL
ROC-WHT-2424,Mood White Natural,ROCOCO WHITE 24X24,Rococo,Porcelain,3/8,10,Natural,Loose,"23.44x23.44""",3.818,sf,box,4 pcs/box,15.270,4.6,23.44,23.44,4,70.0,V3 (moderate),24,Rectified,Yes,Yes,Yes,Yes,Yes,X,Yes,X,Yes,Yes,Yes,Porcelain and Ceramic,30,458.06,2143,,LTL
ROC-WHT-MOS,Mood White Mosaic,ROCOCO WHITE MOSAIC,Rococo,Porcelain,3/8,10,Natural,Mesh Mounted,11.71X11.71,0.952,sheet,sheet,8 sheets/box,7.620,4.7,11.71,11.71,8,37.6,V3 (moderate),,Rectified,Yes,Yes,Yes,Yes,Yes,Yes,Yes,Yes,Yes,Yes,Yes,Porcelain and Ceramic,,,,,
ROY-ARG-HEX,ESAG.INT.SILVER,ROYAL WOOD ARGENTO HEX,Royal Wood,Porcelain,"5/16""",,Matte,Loose,"9.5x9.5""",0.522,sf,box,20 pcs/box,10.440,4.3,9.5,9.5,20,45.1,V4 (substantial),29,Pressed,Yes,Yes,Yes,Yes,Yes,Yes,Yes,X,Yes,Yes,Yes,Porcelain and Ceramic,,,,,LTL
ROY-BIA-HEX,ROYAL WOOD BIANCO HEX (Esagona Intarcio White),ROYAL WOOD BIANCO HEX,Royal Wood,Porcelain,"5/16""",,Matte,Loose,"9.5x9.5""",0.522,sf,box,20 pcs/box,10.440,4.3,9.5,9.5,20,45.1,V4 (substantial),29,Pressed,Yes,Yes,Yes,Yes,Yes,Yes,Yes,X,Yes,Yes,Yes,Porcelain and Ceramic,,,,,LTL
ROY-NOC-HEX,ROYAL WOOD NOCE HEX (ESAG.INT.NUT | Esagona Intarcio Nut),ROYAL WOOD NOCE HEX,Royal Wood,Porcelain,"5/16""",,Matte,Loose,"9.5x9.5""",0.522,sf,box,20 pcs/box,10.440,4.3,9.5,9.5,20,45.1,V4 (substantial),29,Pressed,Yes,Yes,Yes,Yes,Yes,Yes,Yes,X,Yes,Yes,Yes,Porcelain and Ceramic,,,,,LTL
SAT-BLN-258,"SATIN BLANC 2.5X8 (6,5X20 LA RIVIERA BLANC)",SATIN BLANC 2.5X8,Satin,Ceramic,"5/16""",,Glossy,Loose,"2.58x7.9""",0.142,sf,box,38 pcs/box,5.379,3.0,2.58,7.91,38,15.9,V3 (moderate),,Pressed,X,Yes,Yes,X,Yes,Yes,Yes,X,Yes,Yes,X,Porcelain and Ceramic,,,,,LTL2SM
SAT-BLN-55,SATIN BLANC 5X5 (LA RIVIERA BLANC 13.2x13.2),SATIN BLANC 5X5,Satin,Ceramic,"5/16""",,Glossy,Loose,"5.2x5.2""",0.189,sf,box,57 pcs/box,10.761,3.5,5.214,5.214,57,37.5,V3 (moderate),,Pressed,X,Yes,Yes,X,Yes,Yes,Yes,X,Yes,Yes,X,Porcelain and Ceramic,,,,,LTL2SM
SAT-BLN-PEN,PENCIL BULLNOSE LA RIVIERA BLANC,SATIN BLANC PENCIL BULLNOSE,Satin,Ceramic,"5/16""",,Glossy,Loose,"1x8""",0.056,piece,piece,15 pcs/box,N/A,0.2,1,8,15,3.3,V3 (moderate),,Pressed,X,Yes,X,X,Yes,X,Yes,X,Yes,Yes,X,Porcelain and Ceramic,,,,,PEN
SAT-LAV-258,SATIN LAVANDA 2.5X8 (LA RIVIERA LAVANDA BLUE 6.5X20),SATIN LAVANDA 2.5X8,Satin,Ceramic,"5/16""",,Glossy,Loose,"2.58x7.9""",0.142,sf,box,38 pcs/box,5.379,3.0,2.58,7.91,38,15.9,V3 (moderate),,Pressed,X,Yes,Yes,X,Yes,Yes,Yes,X,Yes,Yes,X,Porcelain and Ceramic,,,,,LTL2SM
SAT-LAV-55,SATIN LAVANDA 5X5 (LA RIVIERA LAVANDA BLUE 13.2x13.2),SATIN LAVANDA 5X5,Satin,Ceramic,"5/16""",,Glossy,Loose,"5.2x5.2""",0.189,sf,box,57 pcs/box,10.761,3.5,5.214,5.214,57,37.5,V3 (moderate),,Pressed,X,Yes,Yes,X,Yes,Yes,Yes,X,Yes,Yes,X,Porcelain and Ceramic,,,,,LTL2SM
SAT-LAV-PEN,PENCIL BULLNOSE LA RIVIERA LAVANDA BLUE,SATIN LAVANDA PENCIL BULLNOSE,Satin,Ceramic,"5/16""",,Glossy,Loose,"1x8""",0.056,piece,piece,15 pcs/box,N/A,0.2,1,8,15,3.3,V3 (moderate),,Pressed,X,Yes,X,X,Yes,X,Yes,X,Yes,Yes,X,Porcelain and Ceramic,,,,,PEN
SAT-QTZ-258,SATIN QUETZAL 2.5X8 (LA RIVIERA QUETZAL 6.5X20   ),SATIN QUETZAL 2.5X8,Satin,Ceramic,"5/16""",,Glossy,Loose,"2.58x7.9""",0.142,sf,box,38 pcs/box,5.379,3.0,2.58,7.91,38,15.9,V3 (moderate),,Pressed,X,Yes,Yes,X,Yes,Yes,Yes,X,Yes,Yes,X,Porcelain and Ceramic,,,,,LTL2SM
SAT-QTZ-55,SATIN QUETZAL 5X5 (LA RIVIERA QUETZAL 13.2x13.2),SATIN QUETZAL 5X5,Satin,Ceramic,"5/16""",,Glossy,Loose,"5.2x5.2""",0.189,sf,box,57 pcs/box,10.761,3.5,5.214,5.214,57,37.5,V3 (moderate),,Pressed,X,Yes,Yes,X,Yes,Yes,Yes,X,Yes,Yes,X,Porcelain and Ceramic,,,,,LTL2SM
SAT-QTZ-PEN,PENCIL BULLNOSE LA RIVIERA QUETZAL,SATIN QUETZAL PENCIL BULLNOSE,Satin,Ceramic,"5/16""",,Glossy,Loose,"1x8""",0.056,piece,piece,15 pcs/box,N/A,0.2,1,8,15,3.3,V3 (moderate),,Pressed,X,Yes,X,X,Yes,X,Yes,X,Yes,Yes,X,Porcelain and Ceramic,,,,,PEN
SAT-RF-258,SATIN REEF 2.5X8 (LA RIVIERA BLUE REEF 6.5X20),SATIN REEF 2.5X8,Satin,Ceramic,"5/16""",,Glossy,Loose,"2.58x7.9""",0.142,sf,box,38 pcs/box,5.379,3.0,2.58,7.91,38,15.9,V3 (moderate),,Pressed,X,Yes,Yes,X,Yes,Yes,Yes,X,Yes,Yes,X,Porcelain and Ceramic,,,,,LTL2SM
SAT-RF-55,LA RIVIERA BLUE REEF 13.2x13.2,SATIN REEF 5X5,Satin,Ceramic,"5/16""",,Glossy,Loose,"5.2x5.2""",0.189,sf,box,57 pcs/box,10.761,3.5,5.214,5.214,57,37.5,V3 (moderate),,Pressed,X,Yes,Yes,X,Yes,Yes,Yes,X,Yes,Yes,X,Porcelain and Ceramic,,,,,LTL2SM
SAT-RF-PEN,PENCIL BULLNOSE LA RIVIERA BLUE REEF,SATIN REEF PENCIL BULLNOSE,Satin,Ceramic,"5/16""",,Glossy,Loose,"1x8""",0.056,piece,piece,15 pcs/box,N/A,0.2,1,8,15,3.3,V3 (moderate),,Pressed,X,Yes,X,X,Yes,X,Yes,X,Yes,Yes,X,Porcelain and Ceramic,,,,,PEN
SAT-ROS-258,SATIN ROSE 2.5X8 (LA RIVIERA ROSE 6.5X20),SATIN ROSE 2.5X8,Satin,Ceramic,"5/16""",,Glossy,Loose,"2.58x7.9""",0.142,sf,box,38 pcs/box,5.379,3.0,2.58,7.91,38,15.9,V3 (moderate),,Pressed,X,Yes,Yes,X,Yes,Yes,Yes,X,Yes,Yes,X,Porcelain and Ceramic,,,,,LTL2SM
SAT-ROS-55,SATIN ROSE 5X5 (LA RIVIERA ROSE 13.2x13.2),SATIN ROSE 5X5,Satin,Ceramic,"5/16""",,Glossy,Loose,"5.2x5.2""",0.189,sf,box,57 pcs/box,10.761,3.5,5.214,5.214,57,37.5,V3 (moderate),,Pressed,X,Yes,Yes,X,Yes,Yes,Yes,X,Yes,Yes,X,Porcelain and Ceramic,,,,,LTL2SM
SAT-ROS-PEN,PENCIL BULLNOSE LA RIVIERA ROSE,SATIN ROSE PENCIL BULLNOSE,Satin,Ceramic,"5/16""",,Glossy,Loose,"1x8""",0.056,piece,piece,15 pcs/box,N/A,0.2,1,8,15,3.3,V3 (moderate),,Pressed,X,Yes,X,X,Yes,X,Yes,X,Yes,Yes,X,Porcelain and Ceramic,,,,,PEN
SIL-DAK-258,SILK DAKU 2.5x8 (MALLORCA BLACK 6.5x20),SILK DAKU 2.5X8,Silk,Ceramic,"5/16""",,"Matte, Glossy",Loose,"2.58x7.9""",0.142,sf,box,38 pcs/box,5.379,3.0,2.58,7.91,38,15.9,V3 (moderate),,Pressed,X,Yes,Yes,X,Yes,Yes,Yes,X,Yes,Yes,X,Porcelain and Ceramic,,,,,LTL2SM
SIL-DAK-44,SILK DAKU 4x4 (MALLORCA BLACK 10x10),SILK DAKU 4X4,Silk,Ceramic,"5/16""",,"Matte, Glossy",Loose,"3.94х3.94""",0.108,sf,box,60 pcs/box,6.458,2.5,3.936,3.936,60,15.9,V3 (moderate),,Pressed,X,Yes,Yes,X,Yes,Yes,Yes,X,Yes,Yes,X,Porcelain and Ceramic,,,,,LTL2SM
SIL-DAK-PEN,PENCIL BULLNOSE MALLORCA BLACK,SILK DAKU PENCIL BULLNOSE,Silk,Ceramic,"5/16""",,"Matte, Glossy",Loose,"1.25х7.9""",0.050,piece,piece,15 pcs/box,n/a,0.2,1.25,7.9,15,3.3,V3 (moderate),,Pressed,X,Yes,X,X,Yes,X,Yes,X,Yes,Yes,X,Porcelain and Ceramic,,,,,PEN
SIL-GUR-258,MALLORCA GREY 6.5x20,SILK GURE 2.5X8,Silk,Ceramic,"5/16""",,"Matte, Glossy",Loose,"2.58x7.9""",0.142,sf,box,38 pcs/box,5.379,3.0,2.58,7.91,38,15.9,V3 (moderate),,Pressed,X,Yes,Yes,X,Yes,Yes,Yes,X,Yes,Yes,X,Porcelain and Ceramic,,,,,LTL2SM
SIL-GUR-44,MALLORCA GREY 10x10,SILK GURE 4X4,Silk,Ceramic,"5/16""",,"Matte, Glossy",Loose,"3.94х3.94""",0.108,sf,box,60 pcs/box,6.480,2.5,3.936,3.936,60,15.9,V3 (moderate),,Pressed,X,Yes,Yes,X,Yes,Yes,Yes,X,Yes,Yes,X,Porcelain and Ceramic,,,,,LTL2SM
SIL-GUR-PEN,PENCIL BULLNOSE MALLORCA GREY,SILK GURE PENCIL BULLNOSE,Silk,Ceramic,"5/16""",,"Matte, Glossy",Loose,"1.25х7.9""",0.050,piece,piece,15 pcs/box,n/a,0.2,1.25,7.9,15,3.3,V3 (moderate),,Pressed,X,Yes,X,X,Yes,X,Yes,X,Yes,Yes,X,Porcelain and Ceramic,,,,,PEN
SIL-MID-258,SILK MIDORI 2.5x8 (MALLORCA GREEN 6.5x20),SILK MIDORI 2.5X8,Silk,Ceramic,"5/16""",,"Matte, Glossy",Loose,"2.58x7.9""",0.142,sf,box,38 pcs/box,5.379,3.0,2.58,7.91,38,15.9,V3 (moderate),,Pressed,X,Yes,Yes,X,Yes,Yes,Yes,X,Yes,Yes,X,Porcelain and Ceramic,,,,,LTL2SM
SIL-MID-44,SILK MIDORI 4x4 (MALLORCA GREEN 10x10),SILK MIDORI 4X4,Silk,Ceramic,"5/16""",,"Matte, Glossy",Loose,"3.94х3.94""",0.108,sf,box,60 pcs/box,6.458,3.0,3.936,3.936,60,19.1,V3 (moderate),,Pressed,X,Yes,Yes,X,Yes,Yes,Yes,X,Yes,Yes,X,Porcelain and Ceramic,,,,,LTL2SM
SIL-MID-PEN,PENCIL BULLNOSE MALLORCA GREEN,SILK MIDORI PENCIL BULLNOSE,Silk,Ceramic,"5/16""",,"Matte, Glossy",Loose,"1.25х7.9""",0.050,piece,piece,15 pcs/box,n/a,0.2,1.25,7.9,15,3.3,V3 (moderate),,Pressed,X,Yes,X,X,Yes,X,Yes,X,Yes,Yes,X,Porcelain and Ceramic,,,,,PEN
SIL-MIZU-258,"SILK MIZU 2.5X8 (6,5X20 MALLORCA BLUE)",SILK MIZU 2.5X8,Silk,Ceramic,"5/16""",,"Matte, Glossy",Loose,"2.58x7.9""",0.142,sf,box,38 pcs/box,5.379,3.0,2.58,7.91,38,15.9,V3 (moderate),,Pressed,X,Yes,Yes,X,Yes,Yes,Yes,X,Yes,Yes,X,Porcelain and Ceramic,,,,,LTL2SM
SIL-MIZU-44,SILK MIZU 4x4 (MALLORCA BLUE 10x10),SILK MIZU 4X4,Silk,Ceramic,"5/16""",,"Matte, Glossy",Loose,"3.94х3.94""",0.108,sf,box,50 pcs/box,5.379,3.0,3.936,3.936,50,15.9,V3 (moderate),,Pressed,X,Yes,Yes,X,Yes,Yes,Yes,X,Yes,Yes,X,Porcelain and Ceramic,,,,,LTL2SM
SIL-MIZU-PEN,PENCIL BULLNOSE MALLORCA BLUE,SILK MIZU PENCIL BULLNOSE,Silk,Ceramic,"5/16""",,"Matte, Glossy",Loose,"1.25х7.9""",0.050,piece,piece,15 pcs/box,n/a,0.2,1.25,7.9,15,3.3,V3 (moderate),,Pressed,X,Yes,X,X,Yes,X,Yes,X,Yes,Yes,X,Porcelain and Ceramic,,,,,PEN
SIL-SHR-258,"SILK SHIRO 2.5x8 (6,5X20 MALLORCA WHITE)",SILK SHIRO 2.5X8,Silk,Ceramic,"5/16""",,"Matte, Glossy",Loose,"2.58x7.9""",0.142,sf,box,38 pcs/box,5.379,3.0,2.58,7.91,38,15.9,V3 (moderate),,Pressed,X,Yes,Yes,X,Yes,Yes,Yes,X,Yes,Yes,X,Porcelain and Ceramic,,,,,LTL2SM
SIL-SHR-44,SILK SHIRO 4x4 (10X10 MALLORCA WHITE),SILK SHIRO 4X4,Silk,Ceramic,"5/16""",,"Matte, Glossy",Loose,"3.94х3.94""",0.108,sf,box,60 pcs/box,6.480,2.5,3.936,3.936,60,15.9,V3 (moderate),,Pressed,X,Yes,Yes,X,Yes,Yes,Yes,X,Yes,Yes,X,Porcelain and Ceramic,,,,,LTL2SM
SIL-SHR-PEN,PENCIL BULLNOSE MALLORCA WHITE,SILK SHIRO PENCIL BULLNOSE,Silk,Ceramic,"5/16""",,"Matte, Glossy",Loose,"1.25х7.9""",0.050,piece,piece,15 pcs/box,n/a,0.2,1.25,7.9,15,3.3,V3 (moderate),,Pressed,X,Yes,X,X,Yes,X,Yes,X,Yes,Yes,X,Porcelain and Ceramic,,,,,PEN
SIR-BEI-2448,Sirius Beige 24x48 (59.55x119.3 Filo Beige Natural),SIRIUS BEIGE 24X48,Sirius,Porcelain,"9/32""",7.4mm,Textured,Loose,"23.45x46.97""",7.647,sf,box,2 pcs/box,15.294,3.6,23.45,46.97,2,54.7,V2 (slight),,Rectified,Yes,Yes,Yes,X,Yes,X,Yes,X,Yes,Yes,X,Porcelain and Ceramic,30,458.825,,,LTL
SIR-BLK-2448,Filo Black Natural,SIRIUS BLACK 24X48,Sirius,Porcelain,"9/32""",7.4mm,Textured,Loose,"23.45x46.97""",7.647,sf,box,2 pcs/box,15.294,3.6,23.45,46.97,2,54.7,V2 (slight),,Rectified,Yes,Yes,Yes,X,Yes,X,Yes,X,Yes,Yes,X,Porcelain and Ceramic,30,458.825,,,LTL
SIR-BLU-2448,Sirius Blue 24x48 (59.55x119.3 Filo Blue Natural),SIRIUS BLUE 24X48,Sirius,Porcelain,"9/32""",7.4mm,Textured,Loose,"23.45x46.97""",7.647,sf,box,2 pcs/box,15.294,3.6,23.45,46.97,2,54.7,V2 (slight),,Rectified,Yes,Yes,Yes,X,Yes,X,Yes,X,Yes,Yes,X,Porcelain and Ceramic,30,458.825,,,LTL
SIR-GRN-2448,Sirius Green 24x48 (59.55x119.3 Filo Green Natural),SIRIUS GREEN 24X48,Sirius,Porcelain,"9/32""",7.4mm,Textured,Loose,"23.45x46.97""",7.647,sf,box,2 pcs/box,15.294,3.6,23.45,46.97,2,54.7,V2 (slight),,Rectified,Yes,Yes,Yes,X,Yes,X,Yes,X,Yes,Yes,X,Porcelain and Ceramic,30,458.825,,,LTL
SIR-GRY-2448,Filo Grey Natural,SIRIUS GREY 24X48,Sirius,Porcelain,"9/32""",7.4mm,Textured,Loose,"23.45x46.97""",7.647,sf,box,2 pcs/box,15.294,3.6,23.45,46.97,2,54.7,V2 (slight),,Rectified,Yes,Yes,Yes,X,Yes,X,Yes,X,Yes,Yes,X,Porcelain and Ceramic,30,458.825,,,LTL
SIR-WHT-2448,Sirius White 24x48 (59.55x119.3 Filo White Natural),SIRIUS WHITE 24X48,Sirius,Porcelain,"9/32""",7.4mm,Textured,Loose,"23.45x46.97""",7.647,sf,box,2 pcs/box,15.294,3.6,23.45,46.97,2,54.7,V2 (slight),,Rectified,Yes,Yes,Yes,X,Yes,X,Yes,X,Yes,Yes,X,Porcelain and Ceramic,30,458.825,,,LTL
SOL-BLN-1848,Solara Blanco 18x48 (45x120 MENORCA BLANCO),Solara Blanco 18x48,Solara,Ceramic,"3/8""",8mm,Matte,Loose,"17.72x47.25""",5.813,sf,box,4 pcs/box,23.25,3.0,17.72,47.25,4,70.0,V1,6,Rectified,X,Yes,X,X,Yes,X,Yes,X,Yes,Yes,X,Porcelain and Ceramic,20,465,1400,,LTL
SOL-IMP-BLN-1848,45x120 GALDANA BLANCO,Solara Impasto Blanco 18x48,Solara,Ceramic,"3/8""",8mm,Matte,Loose,"17.72x47.25""",5.813,sf,box,4 pcs/box,23.25,3.0,17.72,47.25,4,70.0,V1,6,Rectified,X,Yes,X,X,Yes,X,Yes,X,Yes,Yes,X,Porcelain and Ceramic,20,465,1400,,LTL
SOL-IMP-MAR-1848,Solara Impasto Marfil 18x48 (45x120 GALDANA MARFIL),Solara Impasto Marfil 18x48,Solara,Ceramic,"3/8""",8mm,Matte,Loose,"17.72x47.25""",5.813,sf,box,4 pcs/box,23.25,3.0,17.72,47.25,4,70.0,V1,6,Rectified,X,Yes,X,X,Yes,X,Yes,X,Yes,Yes,X,Porcelain and Ceramic,20,465,1400,,LTL
SOL-MAR-1848,Solara Marfil 18x48 | (45x120 MENORCA MARFIL),Solara Marfil 18x48,Solara,Ceramic,"3/8""",8mm,Matte,Loose,"17.72x47.25""",5.813,sf,box,4 pcs/box,23.25,3.0,17.72,47.25,4,70.0,V1,6,Rectified,X,Yes,X,X,Yes,X,Yes,X,Yes,Yes,X,Porcelain and Ceramic,20,465,1400,,LTL
SPL-CAN-GL,15X15 SPA&POOLS CANVAS,SPLASH  CANVAS GLOSSY,Splash,Porcelain,"5/16""",8.3,Glossy,Loose,"5.9x5.9""",0.248,sf,box,22 pcs/box,5.380,3.4,5.9,5.9,22,18.2,V3,80,Pressed,Yes,Yes,Yes,Yes,Yes,Yes,Yes,Yes,Yes,Yes,Yes,Porcelain and Ceramic,,,,,LTL2SM
SPL-CAN-MAT,15X15 SPA&POOLS CANVAS MATT,SPLASH  CANVAS MATTE,Splash,Porcelain,"5/16""",8.3,Matte,Loose,"5.9x5.9""",0.248,sf,box,22 pcs/box,5.380,3.4,5.9,5.9,22,18.2,V3,60,Pressed,Yes,Yes,Yes,Yes,Yes,Yes,Yes,Yes,Yes,Yes,Yes,Porcelain and Ceramic,,,,,LTL2SM
SPL-BLU-GL,15X15 SPA&POOLS COLONIAL BLUE,SPLASH BLUE GLOSSY,Splash,Porcelain,"5/16""",8.3,Glossy,Loose,"5.9x5.9""",0.248,sf,box,22 pcs/box,5.380,3.4,5.9,5.9,22,18.2,V3,80,Pressed,Yes,Yes,Yes,Yes,Yes,Yes,Yes,Yes,Yes,Yes,Yes,Porcelain and Ceramic,,,,,LTL2SM
SPL-CEL-GL,15X15 SPA&POOLS CELADON,SPLASH CELADON GLOSSY,Splash,Porcelain,"5/16""",8.3,Glossy,Loose,"5.9x5.9""",0.248,sf,box,22 pcs/box,5.380,3.4,5.9,5.9,22,18.2,V3,80,Pressed,Yes,Yes,Yes,Yes,Yes,Yes,Yes,Yes,Yes,Yes,Yes,Porcelain and Ceramic,,,,,LTL2SM
SPL-GLA-GL,15X15 SPA&POOLS GLACIER,SPLASH GLACIER GLOSSY,Splash,Porcelain,"5/16""",8.3,Glossy,Loose,"5.9x5.9""",0.248,sf,box,22 pcs/box,5.380,3.4,5.9,5.9,22,18.2,V3,60,Pressed,Yes,Yes,Yes,Yes,Yes,Yes,Yes,Yes,Yes,Yes,Yes,Porcelain and Ceramic,,,,,LTL2SM
SPL-GRN-GL,SPLASH GREEN GLOSSY (15X15 SPA&POOLS MOSS GREEN),SPLASH GREEN GLOSSY,Splash,Porcelain,"5/16""",8.3,Glossy,Loose,"5.9x5.9""",0.248,sf,box,22 pcs/box,5.380,3.4,5.9,5.9,22,18.2,V3,60,Pressed,Yes,Yes,Yes,Yes,Yes,Yes,Yes,Yes,Yes,Yes,Yes,Porcelain and Ceramic,,,,,LTL2SM
SPL-IND-MAT,15X15 SPA&POOLS INDIGO MATT,SPLASH INDIGO MATTE,Splash,Porcelain,"5/16""",8.3,Matte,Loose,"5.9x5.9""",0.248,sf,box,22 pcs/box,5.380,3.4,5.9,5.9,22,18.2,V3,80,Pressed,Yes,Yes,Yes,Yes,Yes,Yes,Yes,Yes,Yes,Yes,Yes,Porcelain and Ceramic,,,,,LTL2SM
SPL-SEA-MAT,15X15 SPA&POOLS SEA MATT,SPLASH SEA MATTE,Splash,Porcelain,"5/16""",8.3,Matte,Loose,"5.9x5.9""",0.248,sf,box,22 pcs/box,5.380,3.4,5.9,5.9,22,18.2,V3,60,Pressed,Yes,Yes,Yes,Yes,Yes,Yes,Yes,Yes,Yes,Yes,Yes,Porcelain and Ceramic,,,,,LTL2SM
SPL-SHD-MAT,15X15 SPA&POOLS SHADOW MATT,SPLASH SHADOW MATTE,Splash,Porcelain,"5/16""",8.3,Matte,Loose,"5.9x5.9""",0.248,sf,box,22 pcs/box,5.380,3.4,5.9,5.9,22,18.2,V3,80,Pressed,Yes,Yes,Yes,Yes,Yes,Yes,Yes,Yes,Yes,Yes,Yes,Porcelain and Ceramic,,,,,LTL2SM
SPL-SKY-GL,15X15 SPA&POOLS SKY BLUE,SPLASH SKY GLOSSY,Splash,Porcelain,"5/16""",8.3,Glossy,Loose,"5.9x5.9""",0.248,sf,box,22 pcs/box,5.380,3.4,5.9,5.9,22,18.2,V3,80,Pressed,Yes,Yes,Yes,Yes,Yes,Yes,Yes,Yes,Yes,Yes,Yes,Porcelain and Ceramic,,,,,LTL2SM
STZ-CAS-GR,IBA DEC.COSMOS GREY 25 X 75,STARGAZE CASSIOPEIA GREY,Stargaze,Ceramic,"5/16""",,Matte,Loose,"9.8x29.5""",2.008,sf,box,3 pcs/box,6.023,3.6,9.8,29.5,3,21.5,V2 (slight),1,Rectified,X,Yes,X,X,Yes,X,X,X,Yes,Yes,X,Porcelain and Ceramic,,,,,LTL
STZ-CAS-WHT,IBA DEC.COSMOS WHITE 25 X 75,STARGAZE CASSIOPEIA WHITE,Stargaze,Ceramic,"5/16""",,Matte,Loose,"9.8x29.5""",2.008,sf,box,3 pcs/box,6.023,3.6,9.8,29.5,3,21.5,V2 (slight),1,Rectified,X,Yes,X,X,Yes,X,X,X,Yes,Yes,X,Porcelain and Ceramic,,,,,LTL
STZ-GR-1030,25 X 75 IBA MATERIKA GREY,STARGAZE GREY 10X30,Stargaze,Ceramic,"5/16""",,Matte,Loose,"9.8x29.5""",2.008,sf,box,7 pcs/box,14.050,4.4,9.8,29.5,7,62.2,V2 (slight),12,Rectified,Yes,Yes,Yes,X,Yes,X,Yes,X,Yes,Yes,X,Porcelain and Ceramic,,,,,LTL
STZ-GR-1224,"30,5 X 60,5 PY MATERIKA GREY",STARGAZE GREY 12X24,Stargaze,Porcelain,"5/16""",,Matte,Loose,"12x24""",2.000,sf,box,6 pcs/box,12.000,3.9,12,24,6,47.0,V2 (slight),12,Pressed,Yes,Yes,Yes,Yes,Yes,Yes,Yes,X,Yes,Yes,Yes,Porcelain and Ceramic,,,,,LTL
STZ-OR-GR-AB-(Discontinued),"25 X 75 IBA DEC.CONSTELLATION GREY SET (A,B)",STARGAZE OREON GREY A+B,Stargaze,Ceramic,"5/16""",,Matte,Loo+W2+AI2077,"9.8x29.5""",2.008,sf,box,2 pcs/box,4.000,3.6,9.8,29.5,2,14.3,V2 (slight),2,Rectified,X,Yes,X,X,Yes,X,X,X,Yes,Yes,X,Porcelain and Ceramic,,,,,LTL
STZ-OR-WHITE-AB,"STARGAZE OREON WHITE A+B (25 X 75 IBA DEC.CONSTELLATION WHITE SET (A,B))",STARGAZE OREON WHITE A+B,Stargaze,Ceramic,"5/16""",,Matte,Loose,"9.8x29.5""",2.008,sf,box,2 pcs/box,4.000,3.6,9.8,29.5,2,14.3,V2 (slight),2,Rectified,X,Yes,X,X,Yes,X,X,X,Yes,Yes,X,Porcelain and Ceramic,,,,,LTL
STZ-WHT-1030,25 X 75 IBA MATERIKA WHITE,STARGAZE WHITE 10X30,Stargaze,Ceramic,"5/16""",,Matte,Loose,"9.8x29.5""",2.008,sf,box,9 pcs/box,18.069,3.4,9.8,29.5,9,62.2,V2 (slight),12,Rectified,X,Yes,Yes,X,Yes,X,Yes,X,Yes,Yes,X,Porcelain and Ceramic,,,,,LTL
STZ-WHT-1224,"30,5 X 60,5 PY MATERIKA WHITE",STARGAZE WHITE 12X24,Stargaze,Porcelain,"5/16""",,Matte,Loose,"12x24""",2.000,sf,box,6 pcs/box,12.000,3.9,12,24,6,47.0,V2 (slight),12,Pressed,Yes,Yes,Yes,Yes,Yes,Yes,Yes,X,Yes,Yes,Yes,Porcelain and Ceramic,,,,,LTL
STL-COP-1224,"30,5 X 60,5 PY IONIC COPPER",STELLAR COPPER 1224,Stellar,Porcelain,"5/16""",,Matte,Loose,"12x24""",2.000,sf ,box,6 pcs/box,12.000,3.9,12,24,6,47.0,V2 (slight),12,Rectified,Yes,Yes,Yes,Yes,Yes,Yes,Yes,X,Yes,Yes,Yes,Porcelain and Ceramic,,,,,LTL
STL-COP-1248,120 X 30 IBA IONIC COPPER,STELLAR COPPER 1248,Stellar,Porcelain,"3/8""",,Matte,Loose,"11.8x47.2""",3.868,sf,box,3 pcs/box,11.603,5.1,11.8,47.2,3,59.0,V2 (slight),12,Rectified,Yes,Yes,Yes,Yes,Yes,Yes,Yes,X,Yes,Yes,Yes,Porcelain and Ceramic,,,,,LTL
STL-COP-DEC,"120 X 30 IBA DEC.IMPACT COPPER SET (A,B)",STELLAR COPPER DECO A+B 1248,Stellar,Porcelain,"3/8""",,Matte,Loose,"11.8x47.2""",3.868,sf,box,2 pcs/box,7.736,5.2,11.8,47.2,2,40.0,V2 (slight),12,Rectified,X,Yes,Yes,X,Yes,X,X,X,Yes,Yes,X,Porcelain and Ceramic,,,,,LTL
STL-COP-DIM,"12,5 X 12,5 IBA DEC.CODE COPPER",STELLAR COPPER DIMENSION,Stellar,Porcelain,,,Glossy,Loose,"4.9x4.9""",0.167,piece,piece,34 pcs/box,5.669,2.3,4.9,4.9,34,13.0,V2 (slight),,Pressed,X,Yes,X,X,Yes,X,X,X,Yes,Yes,X,Porcelain and Ceramic,,,,,LTL
STL-COP-HER,"28,1 X 28,1 IBA MOSAICO MAGNETIC COPPER",STELLAR COPPER HERRINGBONE,Stellar,Porcelain,"3/8""",,Matte,Mesh Mounted,"11x11""",0.840,sheet,sheet,7 pcs/box,5.882,3.0,11,11,7,21.0,V2 (slight),,Rectified,Yes,Yes,Yes,Yes,Yes,Yes,Yes,Yes,Yes,Yes,Yes,Porcelain and Ceramic,,,,,
STL-SND-1224,"30,5 X 60,5 PY IONIC SAND",STELLAR SAND 1224,Stellar,Porcelain,"5/16""",,Matte,Loose,"12x24""",2.000,sf ,box,6 pcs/box,12.000,3.9,12,24,6,47.0,V2 (slight),12,Pressed,Yes,Yes,Yes,Yes,Yes,Yes,Yes,X,Yes,Yes,Yes,Porcelain and Ceramic,,,,,LTL
STL-SND-1248,120 X 30 IBA IONIC SAND,STELLAR SAND 1248,Stellar,Porcelain,"3/8""",,Matte,Loose,"11.8x47.2""",3.868,sf,box,3 pcs/box,11.603,5.1,11.8,47.2,3,59.0,V2 (slight),12,Rectified,Yes,Yes,Yes,Yes,Yes,Yes,Yes,X,Yes,Yes,Yes,Porcelain and Ceramic,,,,,LTL
STL-SND-DEC,"STELLAR SAND DECO A+B 1248 (IBA DEC.IMPACT SAND SET (A,B))",STELLAR SAND DECO A+B 1248,Stellar,Porcelain,"3/8""",,Matte,Loose,"11.8x47.2""",3.868,sf,box,2 pcs/box,7.736,5.2,11.8,47.2,2,40.0,V2 (slight),12,Rectified,X,Yes,Yes,X,Yes,X,X,X,Yes,Yes,X,Porcelain and Ceramic,,,,,LTL
STL-SND-HER,"28,1 X 28,1 IBA MOSAICO MAGNETIC SAND",STELLAR SAND HERRINGBONE,Stellar,Porcelain,"3/8""",,Matte,Mesh Mounted,"11x11""",0.840,sheet,sheet,7 pcs/box,5.882,8.6,11,11,7,60.0,V2 (slight),,Rectified,Yes,Yes,Yes,Yes,Yes,Yes,Yes,Yes,Yes,Yes,Yes,Porcelain and Ceramic,,,,,
STL-STE-1224,"30,5 X 60,5 PY IONIC STEEL",STELLAR STEEL 1224,Stellar,Porcelain,"5/16""",,Matte,Loose,"12x24""",2.000,sf ,box,6 pcs/box,12.000,3.9,12,24,6,47.0,V2 (slight),12,Pressed,Yes,Yes,Yes,Yes,Yes,Yes,Yes,X,Yes,Yes,Yes,Porcelain and Ceramic,,,,,LTL
STL-STE-1248,IBA IONIC STEEL 120 X 30,STELLAR STEEL 1248,Stellar,Porcelain,"3/8""",,Matte,Loose,"11.8x47.2""",3.868,sf,box,3 pcs/box,11.603,5.1,11.8,47.2,3,59.0,V2 (slight),12,Rectified,Yes,Yes,Yes,Yes,Yes,Yes,Yes,X,Yes,Yes,Yes,Porcelain and Ceramic,,,,,LTL
STL-STE-DEC,"STELLAR STEEL DECO A+B 1248 (IBA DEC.IMPACT STEEL SET (A,B)",STELLAR STEEL DECO A+B 1248,Stellar,Porcelain,"3/8""",,Matte,Loose,"11.8x47.2""",3.868,sf,box,2 pcs/box,7.736,5.2,11.8,47.2,2,40.0,V2 (slight),12,Rectified,X,Yes,Yes,X,Yes,X,X,X,Yes,Yes,X,Porcelain and Ceramic,,,,,LTL
STL-STE-DIM,"12,5 X 12,5 IBA DEC.CODE STEEL",STELLAR STEEL DIMENSION,Stellar,Porcelain,,,Matte,Loose,"4.9x4.9""",0.167,piece,piece,34 pcs/box,5.669,2.3,4.9,4.9,34,13.0,V2 (slight),,Pressed,X,Yes,X,X,Yes,X,X,X,Yes,Yes,X,Porcelain and Ceramic,,,,,LTL
STL-STE-HER,STELLAR STEEL HERRINGBONE (Mosaico Magnetic Steel B-93),STELLAR STEEL HERRINGBONE,Stellar,Porcelain,"3/8""",,Matte,Mesh Mounted,"11x11""",0.840,sheet,sheet,7 pcs/box,5.882,3.0,11,11,7,21.0,V2 (slight),,Rectified,Yes,Yes,Yes,Yes,Yes,Yes,Yes,Yes,Yes,Yes,Yes,Porcelain and Ceramic,,,,,
STL-WHT-1224,"30,5 X 60,5 PY IONIC WHITE",STELLAR WHITE 1224,Stellar,Porcelain,"5/16""",,Matte,Loose,"12x24""",2.000,sf ,box,6 pcs/box,12.000,3.9,12,24,6,47.0,V2 (slight),12,Pressed,Yes,Yes,Yes,Yes,Yes,Yes,Yes,X,Yes,Yes,Yes,Porcelain and Ceramic,,,,,LTL
STL-WHT-1248,120 X 30 IBA IONIC WHITE,STELLAR WHITE 1248,Stellar,Porcelain,"3/8""",,Matte,Loose,"11.8x47.2""",3.868,sf,box,3 pcs/box,11.603,5.1,11.8,47.2,3,59.0,V2 (slight),12,Rectified,Yes,Yes,Yes,Yes,Yes,Yes,Yes,X,Yes,Yes,Yes,Porcelain and Ceramic,,,,,LTL
STL-WHT-DEC,"STELLAR WHITE DECO A+B 1248 (120 X 30 IBA DEC.IMPACT WHITE SET (A,B))",STELLAR WHITE DECO A+B 1248,Stellar,Porcelain,"3/8""",,Matte,Loose,"11.8x47.2""",3.868,sf,box,2 pcs/box,7.736,5.2,11.8,47.2,2,40.0,V2 (slight),12,Rectified,X,Yes,Yes,X,Yes,X,X,X,Yes,Yes,X,Porcelain and Ceramic,,,,,LTL
STL-WHT-HER,"STELLAR WHITE HERRINGBONE (28,1 X 28,1 IBA MOSAICO MAGNETIC WHITE)",STELLAR WHITE HERRINGBONE,Stellar,Porcelain,"3/8""",,Matte,Mesh Mounted,"11x11""",0.840,sheet,sheet,7 pcs/box,5.882,3.0,11,11,7,21.0,V2 (slight),,Rectified,Yes,Yes,Yes,Yes,Yes,Yes,Yes,Yes,Yes,Yes,Yes,Porcelain and Ceramic,,,,,
STRA-BLU-88, JOIA PETROL/20X20,Strata Blue 8x8,Strata,Ceramic,"5/16""",7.8,Gloss,Loose,"7.87x7.87""",0.430,sf,box,25,10.76,2.8,7.87,7.87,25,30.2,V4,6,Non rectified,X,Yes,X,X,Yes,X,Yes,X,Yes,X,X,Porcelain and Ceramic,,,,,LTL2SM
STRA-BLU-PEN," ING.JOIA PETROL/1X19,9",Strata Blue Pencil,Strata,Ceramic,,5,Gloss,Loose,"0.39x7.83""",0.022,ea,ea,60,1.29,0.3,0.39,7.83,60,19.9,V4,6,Non rectified,X,Yes,X,X,Yes,X,Yes,X,Yes,X,X,Porcelain and Ceramic,,,,,TRIM
STRA-CHO-88,DUNA CHOCOLATE/20X20,Strata Chocolate 8x8,Strata,Ceramic,"5/16""",7.8,Matte,Loose,"7.87x7.87""",0.430,sf,box,25,10.76,2.8,7.87,7.87,25,30.2,V4,6,Non rectified,X,Yes,X,X,Yes,X,Yes,X,Yes,X,X,Porcelain and Ceramic,,,,,LTL2SM
STRA-CHO-PEN,"ING.DUNA CHOCOLATE/1X9,9",Strata Chocolate Pencil,Strata,Ceramic,,5,Matte,Loose,"0.39x7.83""",0.011,ea,ea,60,0.65,0.2,0.39,7.83,60,10.0,V4,6,Non rectified,X,Yes,X,X,Yes,X,Yes,X,Yes,X,X,Porcelain and Ceramic,,,,,TRIM
STRA-DUN-88,DUNA SAND/20X20,Strata Dune Sand 8x8,Strata,Ceramic,"5/16""",7.8,Matte,Loose,"7.87x7.87""",0.430,sf,box,25,10.76,2.8,7.87,7.87,25,30.2,V4,6,Non rectified,X,Yes,X,X,Yes,X,Yes,X,Yes,X,X,Porcelain and Ceramic,,,,,LTL2SM
STRA-DUN-PEN,"ING.DUNA SAND/1X9,9",Strata Dune Sand Pencil,Strata,Ceramic,,5,Matte,Loose,"0.39x7.83""",0.011,ea,ea,60,0.65,0.2,0.39,7.83,60,10.0,V4,6,Non rectified,X,Yes,X,X,Yes,X,Yes,X,Yes,X,X,Porcelain and Ceramic,,,,,TRIM
STRA-GRN-88,JOIA GREEEN/20x20,Strata Green 8x8,Strata,Ceramic,"5/16""",7.8,Gloss,Loose,"7.87x7.87""",0.430,sf,box,25,10.76,2.8,7.87,7.87,25,30.2,V4,6,Non rectified,X,Yes,X,X,Yes,X,Yes,X,Yes,X,X,Porcelain and Ceramic,,,,,LTL2SM
STRA-GRN-PEN," ING.JOIA GREEN/1X19,9",Strata Green Pencil,Strata,Ceramic,,5,Gloss,Loose,"0.39x7.83""",0.022,ea,ea,60,1.29,0.3,0.39,7.83,60,19.9,V4,6,Non rectified,X,Yes,X,X,Yes,X,Yes,X,Yes,X,X,Porcelain and Ceramic,,,,,TRIM
STRA-MNT-88,JOIA MINT/20X20,Strata Mint 8x8,Strata,Ceramic,"5/16""",7.8,Gloss,Loose,"7.87x7.87""",0.430,sf,box,25,10.76,2.8,7.87,7.87,25,30.2,V4,6,Non rectified,X,Yes,X,X,Yes,X,Yes,X,Yes,X,X,Porcelain and Ceramic,,,,,LTL2SM
STRA-MNT-PEN,"ING.JOIA MINT/1X19,9",Strata Mint Pencil,Strata,Ceramic,,5,Gloss,Loose,"0.39x7.83""",0.022,ea,ea,60,1.29,0.3,0.39,7.83,60,19.9,V4,6,Non rectified,X,Yes,X,X,Yes,X,Yes,X,Yes,X,X,Porcelain and Ceramic,,,,,TRIM
STRA-SND-88,JOIA SAND/20X20,Strata Sand 8x8,Strata,Ceramic,"5/16""",7.8,Gloss,Loose,"7.87x7.87""",0.430,sf,box,25,10.76,2.8,7.87,7.87,25,30.2,V4,6,Non rectified,X,Yes,X,X,Yes,X,Yes,X,Yes,X,X,Porcelain and Ceramic,,,,,LTL2SM
STRA-SND-PEN," ING.JOIA SAND/1X19,9",Strata Sand Pencil,Strata,Ceramic,,5,Gloss,Loose,"0.39x7.83""",0.022,ea,ea,60,1.29,0.3,0.39,7.83,60,19.9,V4,6,Non rectified,X,Yes,X,X,Yes,X,Yes,X,Yes,X,X,Porcelain and Ceramic,,,,,TRIM
STRA-WHT-88, JOIA WHITE/20X20,Strata White 8x8,Strata,Ceramic,"5/16""",7.8,Gloss,Loose,"7.87x7.87""",0.430,sf,box,25,10.76,2.8,7.87,7.87,25,30.2,V4,6,Non rectified,X,Yes,X,X,Yes,X,Yes,X,Yes,X,X,Porcelain and Ceramic,,,,,LTL2SM
STRA-WHT-PEN,"ING.JOIA WHITE/1X19,9",Strata White Pencil,Strata,Ceramic,,5,Gloss,Loose,"0.39x7.83""",0.022,ea,ea,60,1.29,0.3,0.39,7.83,60,19.9,V4,6,Non rectified,X,Yes,X,X,Yes,X,Yes,X,Yes,X,X,Porcelain and Ceramic,,,,,TRIM
TAI-LIT-BRK-212,053X300 PLW PBK LIGHT PLAYWOOD (EN4F),TAIGA LIGHT BRICK 2X12,Taiga,Porcelain,"3/8""",9.5,Matte,Loose,"2.09x11.81""",0.171,sf,box,34,5.83,4.5,2.09,11.81,34,26.5,V3,,Pressed,Yes,Yes,Yes,Yes,Yes,Yes,Yes,X,Yes,Yes,Yes,Porcelain and Ceramic,,,,,LTL
TAI-LIT-OAK-848,Fondo Playwood Light Oak 20x120 (EN48),TAIGA LIGHT OAK 8X48,Taiga,Porcelain,"3/8""",9,Matte,Loose,"7.87x47.25""",2.582,sf,box,5,12.91,4.0,7.87,47.25,5,51.2,V3,,Rectified,Yes,Yes,Yes,Yes,Yes,Yes,Yes,X,Yes,Yes,Yes,Porcelain and Ceramic,,,,,LTL
TAI-LIT-TAN-4040,1000X1000PLW TA LIG SK R PLAYWOOD (EN49),TAIGA LIGHT TANGRAM 40X40,Taiga,Porcelain,"3/8""",9,Matte,Loose,"39.37x39.37""",10.764,sf,box,2,21.53,4.1,39.37,39.37,2,88.2,V3,,Rectified,Yes,Yes,Yes,Yes,Yes,Yes,Yes,X,Yes,Yes,Yes,Porcelain and Ceramic,,,,,LTL
TAI-PUR-BRK-212,053X300 PLW PBK PURE PLAYWOOD (EN4E),TAIGA PURE BRICK 2X12,Taiga,Porcelain,"3/8""",9.5,Matte,Loose,"2.09x11.81""",0.171,sf,box,34,5.83,4.5,2.09,11.81,34,26.5,V3,,Pressed,Yes,Yes,Yes,Yes,Yes,Yes,Yes,X,Yes,Yes,Yes,Porcelain and Ceramic,,,,,LTL
TAI-PUR-OAK-848,Fondo Playwood Pure Oak 20x120 (EN47),TAIGA PURE OAK 8X48,Taiga,Porcelain,"3/8""",9,Matte,Loose,"7.87x47.25""",2.582,sf,box,5,12.91,4.0,7.87,47.25,5,51.2,V3,,Rectified,Yes,Yes,Yes,Yes,Yes,Yes,Yes,X,Yes,Yes,Yes,Porcelain and Ceramic,,,,,LTL
TAI-PUR-TAN-4040,1000X1000PLW TA PUR SK R PLAYWOOD (EN4A),TAIGA PURE TANGRAM 40X40,Taiga,Porcelain,"3/8""",9,Matte,Loose,"39.37x39.37""",10.764,sf,box,2,21.53,4.1,39.37,39.37,2,88.2,V3,,Rectified,Yes,Yes,Yes,Yes,Yes,Yes,Yes,X,Yes,Yes,Yes,Porcelain and Ceramic,,,,,LTL
TNG-CR-BLK,Tangier Cross Black (12X12CZ PORTO CROSS BLACK),TANGIER CROSS BLACK,Tangier,Porcelain,"5/16""",8.3,Matte,Loose,"4.75x4.75""",0.156,sf,box,34 pcs/box,5.307,3.5,4.72,4.72,34,18.5,V2 (slight),,Pressed,Yes,Yes,Yes,Yes,Yes,Yes,Yes,Yes,Yes,Yes,Yes,Porcelain and Ceramic,126,668.6325,2274,,LTL2SM
TNG-CR-COT,Tangier Cross Cotto (12x12CZ KASBAH TERRACOTTA),TANGIER CROSS COTTO,Tangier,Porcelain,"5/16""",8.3,Matte,Loose,"4.75x4.75""",0.156,sf,box,34 pcs/box,5.307,3.5,4.72,4.72,34,18.5,V2 (slight),,Pressed,Yes,Yes,Yes,Yes,Yes,Yes,Yes,Yes,Yes,Yes,Yes,Porcelain and Ceramic,126,668.6325,2274,,LTL2SM
TNG-CR-GRN,Tangier Cross Green  (12X12CZ PORTO CROSS PICKLE GREEN),TANGIER CROSS GREEN,Tangier,Porcelain,"5/16""",8.3,Matte,Loose,"4.75x4.75""",0.156,sf,box,34 pcs/box,5.307,3.5,4.72,4.72,34,18.5,V2 (slight),,Pressed,Yes,Yes,Yes,Yes,Yes,Yes,Yes,Yes,Yes,Yes,Yes,Porcelain and Ceramic,126,668.6325,2274,,LTL2SM
TNG-CR-GRY,Tangier Cross Grey (12X12CZ PORTO CROSS OXFORD GRAY),TANGIER CROSS GREY,Tangier,Porcelain,"5/16""",8.3,Matte,Loose,"4.75x4.75""",0.156,sf,box,34 pcs/box,5.307,3.5,4.72,4.72,34,18.5,V2 (slight),,Pressed,Yes,Yes,Yes,Yes,Yes,Yes,Yes,Yes,Yes,Yes,Yes,Porcelain and Ceramic,126,668.6325,2274,,LTL2SM
TNG-CR-TPE,Tangier Cross Taupe (12X12CZ PORTO CROSS TAUPE),TANGIER CROSS TAUPE,Tangier,Porcelain,"5/16""",8.3,Matte,Loose,"4.75x4.75""",0.156,sf,box,34 pcs/box,5.307,3.5,4.72,4.72,34,18.5,V2 (slight),,Pressed,Yes,Yes,Yes,Yes,Yes,Yes,Yes,Yes,Yes,Yes,Yes,Porcelain and Ceramic,126,668.6325,2274,,LTL2SM
TNG-CR-WHT,Tangier Cross White (12X12CZ PORTO CROSS WHITE),TANGIER CROSS WHITE,Tangier,Porcelain,"5/16""",8.3,Matte,Loose,"4.75x4.75""",0.156,sf,box,34 pcs/box,5.307,3.5,4.72,4.72,34,18.5,V2 (slight),,Pressed,Yes,Yes,Yes,Yes,Yes,Yes,Yes,Yes,Yes,Yes,Yes,Porcelain and Ceramic,126,668.6325,2274,,LTL2SM
TNG-STR-BLK,"Tangier Star Black  (16,8X16,8 PORTO STAR BLACK)",TANGIER STAR BLACK,Tangier,Porcelain,"5/16""",8.3,Matte,Loose,"6.6x6.6""",0.156,sf,box,34 pcs/box,5.307,4.4,6.6,6.6,34,23.5,V2 (slight),,Pressed,Yes,Yes,Yes,Yes,Yes,Yes,Yes,Yes,Yes,Yes,Yes,Porcelain and Ceramic,90,477.5946,2078,,LTL2SM
TNG-STR-COT,Tangier Star Cotto (16.8X16.8 KASBAH STAR TERRACOTTA),TANGIER STAR COTTO,Tangier,Porcelain,"5/16""",8.3,Matte,Loose,"6.6x6.6""",0.156,sf,box,34 pcs/box,5.307,4.4,6.6,6.6,34,23.5,V2 (slight),,Pressed,Yes,Yes,Yes,Yes,Yes,Yes,Yes,Yes,Yes,Yes,Yes,Porcelain and Ceramic,90,477.5946,2078,,LTL2SM
TNG-STR-GRN,"Tangier Star Green (16,8X16,8 PORTO STAR PICKLE GREEN)",TANGIER STAR GREEN,Tangier,Porcelain,"5/16""",8.3,Matte,Loose,"6.6x6.6""",0.156,sf,box,34 pcs/box,5.307,4.4,6.6,6.6,34,23.5,V2 (slight),,Pressed,Yes,Yes,Yes,Yes,Yes,Yes,Yes,Yes,Yes,Yes,Yes,Porcelain and Ceramic,90,477.5946,2078,,LTL2SM
TNG-STR-GRY,"Tangier Star Grey (16,8X16,8 PORTO STAR OXFORD GRAY)",TANGIER STAR GREY,Tangier,Porcelain,"5/16""",8.3,Matte,Loose,"6.6x6.6""",0.156,sf,box,34 pcs/box,5.307,4.4,6.6,6.6,34,23.5,V2 (slight),,Pressed,Yes,Yes,Yes,Yes,Yes,Yes,Yes,Yes,Yes,Yes,Yes,Porcelain and Ceramic,90,477.5946,2078,,LTL2SM
TNG-STR-TPE,"Tangier Star Taupe (16,8X16,8 PORTO STAR TAUPE)",TANGIER STAR TAUPE,Tangier,Porcelain,"5/16""",8.3,Matte,Loose,"6.6x6.6""",0.156,sf,box,34 pcs/box,5.307,4.4,6.6,6.6,34,23.5,V2 (slight),,Pressed,Yes,Yes,Yes,Yes,Yes,Yes,Yes,Yes,Yes,Yes,Yes,Porcelain and Ceramic,90,477.5946,2078,,LTL2SM
TNG-STR-WHT,"Tangier Star White (16,8X16,8 PORTO STAR WHITE)",TANGIER STAR WHITE,Tangier,Porcelain,"5/16""",8.3,Matte,Loose,"6.6x6.6""",0.156,sf,box,34 pcs/box,5.307,4.4,6.6,6.6,34,23.5,V2 (slight),,Pressed,Yes,Yes,Yes,Yes,Yes,Yes,Yes,Yes,Yes,Yes,Yes,Porcelain and Ceramic,90,477.5946,2078,,LTL2SM
TAN-AQ-636,TANGLEWOOD AQUA (TRIBECA AQUA),TANGLEWOOD AQUA,Tanglewood,Porcelain,"5/16""",11.3,Matte,Loose,"5.9x35.4""",1.450,sf,box,8 pcs/box,11.603,5.5,5.9,35.4,8,64.0,V4 (substantial),36,Pressed,Yes,Yes,Yes,Yes,Yes,Yes,Yes,X,Yes,Yes,Yes,Porcelain and Ceramic,,,,,LTL
TAN-BLN-636,TANGLEWOOD BLANCO (TRIBECA BLANCO),TANGLEWOOD BLANCO,Tanglewood,Porcelain,"5/16""",11.3,Matte,Loose,"5.9x35.4""",1.450,sf,box,8 pcs/box,11.603,5.5,5.9,35.4,8,64.0,V4 (substantial),36,Pressed,Yes,Yes,Yes,Yes,Yes,Yes,Yes,X,Yes,Yes,Yes,Porcelain and Ceramic,,,,,LTL
TAN-GR-636,TRIBECA GRIS,TANGLEWOOD GRIS,Tanglewood,Porcelain,"5/16""",11.3,Matte,Loose,"5.9x35.4""",1.450,sf,box,8 pcs/box,11.603,5.5,5.9,35.4,8,64.0,V4 (substantial),36,Pressed,Yes,Yes,Yes,Yes,Yes,Yes,Yes,X,Yes,Yes,Yes,Porcelain and Ceramic,,,,,LTL
TAN-MIE-636,TRIBECA MIEL,TANGLEWOOD MIEL,Tanglewood,Porcelain,"5/16""",11.3,Matte,Loose,"5.9x35.4""",1.450,sf,box,8 pcs/box,11.603,5.5,5.9,35.4,8,64.0,V4 (substantial),36,Pressed,Yes,Yes,Yes,Yes,Yes,Yes,Yes,X,Yes,Yes,Yes,Porcelain and Ceramic,,,,,LTL
TAN-MIX,TRIBECA MIXED PLANKS FOR WALL,TANGLEWOOD MIXED PLANKS,Tanglewood,Porcelain,"3/8""",9.1,Matte,Loose,"12.6x24.6""",2.153,sf,box,5 pcs/box,10.763,5.9,12.6,24.6,5,64.0,V3 (moderate),10,Pressed,Yes,Yes,Yes,Yes,Yes,Yes,Yes,X,Yes,Yes,Yes,Porcelain and Ceramic,,,,,LTL
TCT-SND-2448,MNS6 MN.SAND 60X120AS,	Tectona Sand 24x48,Tectona,Porcelain,"5/16""",9,Matte,Loose,23.6x47.2,7.750,box,box,2,15.5,4.3,24,47.2,2,66.1,V3,20,Rectified,Yes,Yes,Yes,Yes,Yes,Yes,Yes,X,Yes,Yes,Yes,Porcelain and Ceramic,,,,,LTL
TCT-ASH-2448,MNE6 MN.GREIGE 60X120AS,Tectona Ash 24x28,Tectona,Porcelain,"5/16""",9,Matte,Loose,23.6x47.2,7.750,box,box,2,15.5,4.3,24,47.2,2,66.1,V3,20,Rectified,Yes,Yes,Yes,Yes,Yes,Yes,Yes,X,Yes,Yes,Yes,Porcelain and Ceramic,,,,,LTL
TCT-ASH-MOS,MGRM MN.GREIGE MOSAICO 30x30,Tectona Ash Mosaico,Tectona,Porcelain,"5/16""",9,Matte,Loose,11.8x11.8,0.960,sheet,sheet,10,9.6,3.7,12,12,10,36.7,V3,,Rectified,Yes,Yes,Yes,Yes,Yes,Yes,Yes,X,Yes,Yes,Yes,Porcelain and Ceramic,,,,,
TCT-LT-2448,MNL6 MN.LIGHT 60X120AS,Tectona Light 24x48,Tectona,Porcelain,"5/16""",9,Matte,Loose,23.6x47.2,7.750,box,box,2,15.5,4.3,24,47.2,2,66.1,V3,20,Rectified,Yes,Yes,Yes,Yes,Yes,Yes,Yes,X,Yes,Yes,Yes,Porcelain and Ceramic,,,,,LTL
TCT-LT-MOS	,MLM3 MN.LIGHT MOSAICO 30x30,Tectona Light Mosaico,Tectona,Porcelain,"5/16""",9,Matte,Loose,11.8x11.8,0.960,sheet,sheet,10,9.6,3.7,12,12,10,36.7,V3,,Rectified,Yes,Yes,Yes,Yes,Yes,Yes,Yes,X,Yes,Yes,Yes,Porcelain and Ceramic,,,,,
TCT-SND-MOS,MSNM MN.SAND MOSAICO 30x30,Tectona Sand Mosaico,Tectona,Porcelain,"5/16""",9,Matte,Loose,11.8x11.8,0.960,sheet,sheet,10,9.6,3.7,12,12,10,36.7,V3,,Rectified,Yes,Yes,Yes,Yes,Yes,Yes,Yes,X,Yes,Yes,Yes,Porcelain and Ceramic,,,,,
TER-BAR,Cosmo Silver,TERRA BARDIGLIO,Terra,Porcelain,"5/16""",9,Matte,Loose,"8""",0.397,sf,box,25 pcs/box,9.925,3.8,8.1,9.3,25,38.0,V3 (moderate),18,Pressed,Yes,Yes,Yes,Yes,Yes,Yes,Yes,X,Yes,Yes,Yes,Porcelain and Ceramic,,,,,LTL2SM
TER-BLK,Magic Black,TERRA BLACK,Terra,Porcelain,"5/16""",9,Matte,Loose,"8""",0.397,sf,box,25 pcs/box,9.925,3.8,8.1,9.3,25,38.0,V3 (moderate),Monocolor,Pressed,Yes,Yes,Yes,Yes,Yes,Yes,Yes,X,Yes,Yes,Yes,Porcelain and Ceramic,,,,,LTL2SM
TER-BLU-SPK,INSPIRE HEXA BLUE,TERRA BLUE SPECKLED,Terra,Porcelain,"5/16""",9,Matte,Loose,"8""",0.397,sf,box,25 pcs/box,9.925,3.8,8.1,9.3,25,38.0,V3 (moderate),15,Pressed,Yes,Yes,Yes,Yes,Yes,Yes,Yes,X,Yes,Yes,Yes,Porcelain and Ceramic,,,,,LTL2SM
TER-BLU-SPK-2424(Discontinued),INSPIRE BLUE,TERRA BLUE SPECKLED 24X24,Terra,Porcelain,"5/16""",9.5,Matte,Loose,23.94x23.94,3.983,sf,box,4 pcs/box,15.930,4.4,23.94,23.94,4,70.0,V3 (moderate),15,Pressed,Yes,Yes,Yes,Yes,Yes,X,Yes,X,Yes,Yes,,Porcelain and Ceramic,,,,,LTL
TER-CAR,Cosmo White,TERRA CARRARA,Terra,Porcelain,"5/16""",9,Matte,Loose,"8""",0.397,sf,box,25 pcs/box,9.925,3.8,8.1,9.3,25,38.0,V3 (moderate),30,Pressed,Yes,Yes,Yes,Yes,Yes,Yes,Yes,X,Yes,Yes,Yes,Porcelain and Ceramic,,,,,LTL2SM
TER-CEP-2448-MAT,CEPPO DI GRE SILVER,TERRA CEPPO 24X48 MATTE,Terra,Porcelain,"13/32""",10.5,Matte,Loose,"23.7x47.25""",7.745,sf,box,2 pcs/box,15.490,37.4,23.7,47.25,2,74.8,V2 (slight),18,Rectified,Yes,Yes,Yes,Yes,Yes,Yes,Yes,X,Yes,Yes,Yes,Porcelain and Ceramic,,,,,
TER-CEP-2448-POL,CEPPO DI GRE POL SILVER,TERRA CEPPO 24X48 POLISHED,Terra,Porcelain,"13/32""",10.5,Polished,Loose,"23.7x47.25""",7.745,sf,box,2 pcs/box,15.490,37.4,23.7,47.25,2,74.8,V2 (slight),18,Rectified,X,Yes,Yes,Yes,Yes,X,Yes,X,Yes,Yes,X,Porcelain and Ceramic,,,,,
TER-EGE-BLK-3636,Terra Egeo Black 36x36 (90X90 EGEO BLACK),TERRA EGEO BLACK 36X36,Terra,Porcelain,"3/8""",9.5,Matte,Loose,"35.43x35.43""",8.719,sf,box,2 pcs/box,17.438,2.2,35.433,35.433,2,39.0,V2 (slight),,Rectified,Yes,Yes,Yes,Yes,Yes,Yes,Yes,X,Yes,Yes,,Porcelain and Ceramic,,,,,LTL
TER-EGE-WHT-3636,90X90 EGEO WHITE,TERRA EGEO WHITE 36X36,Terra,Porcelain,"3/8""",9.5,Matte,Loose,"35.43x35.43""",8.719,sf,box,1 pcs/box,8.719,4.5,35.433,35.433,1,39.0,V2 (slight),,Rectified,Yes,Yes,Yes,Yes,Yes,Yes,Yes,X,Yes,Yes,,Porcelain and Ceramic,,,,,LTL
TER-GR-SPK(Discontinued),INSPIRE HEXA GREY,TERRA GREY SPECKLED,Terra,Porcelain,"5/16""",9,Matte,Loose,"8""",0.397,sf,box,25 pcs/box,9.925,3.8,8.1,9.3,25,38.0,V3 (moderate),15,Pressed,Yes,Yes,Yes,Yes,Yes,Yes,Yes,X,Yes,Yes,Yes,Porcelain and Ceramic,,,,,LTL2SM
TER-GR-SPK-2424,INSPIRE GREY,TERRA GREY SPECKLED 24X24,Terra,Porcelain,"5/16""",9.5,Matte,Loose,23.94x23.94,3.983,sf,box,4 pcs/box,15.930,4.4,23.94,23.94,4,70.0,V3 (moderate),,Pressed,Yes,Yes,Yes,Yes,Yes,X,Yes,X,Yes,Yes,,Porcelain and Ceramic,,,,,LTL
TER-MIX-SPK,Terra Multicolor Speckled (Tempo Hexa Mix),TERRA MULTICOLOR SPECKLED,Terra,Porcelain,"5/16""",9,Matte,Loose,"8""",0.397,sf,box,25 pcs/box,9.925,3.8,8.1,9.3,25,38.0,V3 (moderate),15,Pressed,Yes,Yes,Yes,Yes,Yes,Yes,Yes,X,Yes,Yes,Yes,Porcelain and Ceramic,,,,,LTL2SM
TER-MIX-SPK-2424,Terra Multicolor Speckled 24x24 (TEMPO MIX),TERRA MULTICOLOR SPECKLED 24X24,Terra,Porcelain,"5/16""",9.5,Matte,Loose,23.94x23.94,3.983,sf,box,4 pcs/box,15.930,4.4,23.94,23.94,4,70.0,V3 (moderate),,Pressed,Yes,Yes,Yes,Yes,Yes,X,Yes,X,Yes,Yes,,Porcelain and Ceramic,,,,,LTL
TER-NER,Cosmo Black,TERRA NERO,Terra,Porcelain,"5/16""",9,Matte,Loose,"8""",0.397,sf,box,25 pcs/box,9.925,3.8,8.1,9.3,25,38.0,V3 (moderate),18,Pressed,Yes,Yes,Yes,Yes,Yes,Yes,Yes,X,Yes,Yes,Yes,Porcelain and Ceramic,,,,,LTL2SM
TER-PEP-SPK,INSPIRE HEXA BLACK,TERRA PEPPER SPECKLED,Terra,Porcelain,"5/16""",9,Matte,Loose,"8""",0.397,sf,box,25 pcs/box,9.925,3.8,8.1,9.3,25,38.0,V3 (moderate),15,Pressed,Yes,Yes,Yes,Yes,Yes,Yes,Yes,X,Yes,Yes,Yes,Porcelain and Ceramic,,,,,LTL2SM
TER-PEP-SPK-2424,INSPIRE BLACK,TERRA PEPPER SPECKLED 24X24,Terra,Porcelain,"5/16""",9.5,Matte,Loose,23.94x23.94,3.983,sf,box,4 pcs/box,15.930,4.4,23.94,23.94,4,70.0,V3 (moderate),,Pressed,Yes,Yes,Yes,Yes,Yes,X,Yes,X,Yes,Yes,,Porcelain and Ceramic,,,,,LTL
TER-SIL,Magic Silver,TERRA SILVER,Terra,Porcelain,"5/16""",9,Matte,Loose,"8""",0.397,sf,box,25 pcs/box,9.925,3.8,8.1,9.3,25,38.0,V3 (moderate),Monocolor,Pressed,Yes,Yes,Yes,Yes,Yes,Yes,Yes,X,Yes,Yes,Yes,Porcelain and Ceramic,,,,,LTL2SM
TER-WHT,Magic White,TERRA WHITE,Terra,Porcelain,"5/16""",9,Matte,Loose,"8""",0.397,sf,box,25 pcs/box,9.925,3.8,8.1,9.3,25,38.0,V3 (moderate),Monocolor,Pressed,Yes,Yes,Yes,Yes,Yes,Yes,Yes,X,Yes,Yes,Yes,Porcelain and Ceramic,,,,,LTL2SM
TER-WHT-SPK,INSPIRE HEXA WHITE,TERRA WHITE SPECKLED,Terra,Porcelain,"5/16""",9,Matte,Loose,"8""",0.397,sf,box,25 pcs/box,9.925,3.8,8.1,9.3,25,38.0,V3 (moderate),15,Pressed,Yes,Yes,Yes,Yes,Yes,Yes,Yes,X,Yes,Yes,Yes,Porcelain and Ceramic,,,,,LTL2SM
TER-WHT-SPK-2424,Terra White Speckled 24x24 (60.8x60.8 EC.INSPIRE WHITE),TERRA WHITE SPECKLED 24X24,Terra,Porcelain,"5/16""",9.5,Matte,Loose,23.94x23.94,3.983,sf,box,4 pcs/box,15.930,4.4,23.94,23.94,4,70.0,V3 (moderate),,Pressed,Yes,Yes,Yes,Yes,Yes,X,Yes,X,Yes,Yes,,Porcelain and Ceramic,,,,,LTL
UMB-AQ-BUL,"1,5X30 DEMI-BULLNOSE ARGILE AQUAMARINA",UMBRIA AQUA BULLNOSE,Umbria,Porcelain,"3/8""",10,Glossy,Loose,0.6x11.8,0.049,piece,piece,50pcs/box,2.458,0.1,0.6,11.8,50,5.0,V2 (Slight),,Extruded,Yes,Yes,Yes,Yes,Yes,Yes,Yes,X,Yes,Yes,Yes,Porcelain and Ceramic,,,,,PEN
UMB-AQ-DOT,Umbria Aqua Dot (15X15 DEC SQUARE ARGILE AQUAMARINA),UMBRIA AQUA DOT,Umbria,Porcelain,"3/8""",10,Glossy,Loose,"5.9x5.9""",0.245,sf,box,19pcs/box,4.648,5.2,5.9,5.9,19,24.0,V2 (Slight),,Extruded,Yes,Yes,Yes,Yes,Yes,Yes,Yes,X,Yes,Yes,Yes,Porcelain and Ceramic,,,,,LTL2SM
UMB-AQ-PKT,"7,4X48 ARROW ARGILE ARROW AQUAMARINA",UMBRIA AQUA PICKET,Umbria,Porcelain,"3/8""",10,Glossy,Loose,3x19,0.382,sf,box,20pcs/box,7.647,4.6,3,19,20,35.0,V2 (Slight),,Extruded,Yes,Yes,Yes,Yes,Yes,Yes,Yes,X,Yes,Yes,Yes,Porcelain and Ceramic,,,,,LTL2SM
UMB-AQ-PIX,Umbria Aqua Pixel (4X4 TACO ARGILE AQUAMARINA),UMBRIA AQUA PIXEL,Umbria,Porcelain,"3/8""",10,Glossy,Loose,1.57x1.57,0.017,piece,piece,50pcs/box,0.855,2.9,1.57,1.57,50,2.5,V2 (Slight),,Extruded,Yes,Yes,Yes,Yes,Yes,Yes,Yes,Yes,Yes,Yes,Yes,Porcelain and Ceramic,,,,,PEN
UMB-AQ-STR,Umbria Aqua Star (18X18 ESTRELLA ARGILE STAR AQUAMARINA),UMBRIA AQUA STAR,Umbria,Porcelain,"3/8""",10,Glossy,Loose,7x7,0.404,sf,box,16pcs/box,6.458,4.6,7,7,16,30.0,V2 (Slight),,Extruded,Yes,Yes,Yes,Yes,Yes,Yes,Yes,X,Yes,Yes,Yes,Porcelain and Ceramic,,,,,LTL2SM
UMB-BIA-BUL,"1,5X30 DEMI-BULLNOSE ARGILE BIANCO",UMBRIA BIANCO BULLNOSE,Umbria,Porcelain,"3/8""",10,Glossy,Loose,0.6x11.8,0.049,piece,piece,50pcs/box,2.458,0.1,0.6,11.8,50,5.0,V2 (Slight),,Extruded,Yes,Yes,Yes,Yes,Yes,Yes,Yes,X,Yes,Yes,Yes,Porcelain and Ceramic,,,,,PEN
UMB-BIA-CRS,Umbria Bianco Cross (18X18 ASPA ARGILE CROSS BIANCO),UMBRIA BIANCO CROSS,Umbria,Porcelain,"3/8""",10,Glossy,Loose,7x7,0.350,sf,box,16pcs/box,5.597,5.0,7,7,16,28.0,V2 (Slight),,Extruded,Yes,Yes,Yes,Yes,Yes,Yes,Yes,X,Yes,Yes,Yes,Porcelain and Ceramic,,,,,LTL2SM
UMB-BIA-DOT,Umbria Bianco Dot (15X15 DEC SQUARE ARGILE BIANCO),UMBRIA BIANCO DOT,Umbria,Porcelain,"3/8""",10,Glossy,Loose,"5.9x5.9""",0.245,sf,box,19pcs/box,4.648,5.2,5.9,5.9,19,24.0,V2 (Slight),,Extruded,Yes,Yes,Yes,Yes,Yes,Yes,Yes,X,Yes,Yes,Yes,Porcelain and Ceramic,,,,,LTL2SM
UMB-BIA-PKT,"7,4X48 ARROW ARGILE ARROW BIANCO",UMBRIA BIANCO PICKET,Umbria,Porcelain,"3/8""",10,Glossy,Loose,3x19,0.382,sf,box,20pcs/box,7.647,4.6,3,19,20,35.0,V2 (Slight),,Extruded,Yes,Yes,Yes,Yes,Yes,Yes,Yes,X,Yes,Yes,Yes,Porcelain and Ceramic,,,,,LTL2SM
UMB-BIA-PIX,4X4 TACO ARGILE BIANCO,UMBRIA BIANCO PIXEL,Umbria,Porcelain,"3/8""",10,Glossy,Loose,1.57x1.57,0.017,piece,piece,50pcs/box,0.855,2.9,1.57,1.57,50,2.5,V2 (Slight),,Extruded,Yes,Yes,Yes,Yes,Yes,Yes,Yes,Yes,Yes,Yes,Yes,Porcelain and Ceramic,,,,,PEN
UMB-BIA-STR,Umbria Bianco Star (18X18 ESTRELLA ARGILE STAR BIANCO),UMBRIA BIANCO STAR,Umbria,Porcelain,"3/8""",10,Glossy,Loose,7x7,0.404,sf,box,16pcs/box,6.458,4.6,7,7,16,30.0,V2 (Slight),,Extruded,Yes,Yes,Yes,Yes,Yes,Yes,Yes,X,Yes,Yes,Yes,Porcelain and Ceramic,,,,,LTL2SM
UMB-BLU-BUL,"Umbria Blue Bullnose (1,5X30 DEMI-BULLNOSE ARGILE BLU)",UMBRIA BLUE BULLNOSE,Umbria,Porcelain,"3/8""",10,Glossy,Loose,0.6x11.8,0.049,piece,piece,50pcs/box,2.458,0.1,0.6,11.8,50,5.0,V2 (Slight),,Extruded,Yes,Yes,Yes,Yes,Yes,Yes,Yes,X,Yes,Yes,Yes,Porcelain and Ceramic,,,,,PEN
UMB-BLU-DOT,15X15 DEC SQUARE ARGILE BLU,UMBRIA BLUE DOT,Umbria,Porcelain,"3/8""",10,Glossy,Loose,"5.9x5.9""",0.245,sf,box,19pcs/box,4.648,5.2,5.9,5.9,19,24.0,V2 (Slight),,Extruded,Yes,Yes,Yes,Yes,Yes,Yes,Yes,X,Yes,Yes,Yes,Porcelain and Ceramic,,,,,LTL2SM
UMB-BLU-PIX,4X4 TACO ARGILE BLU,UMBRIA BLUE PIXEL,Umbria,Porcelain,"3/8""",10,Glossy,Loose,1.57x1.57,0.017,piece,piece,50pcs/box,0.855,2.9,1.57,1.57,50,2.5,V2 (Slight),,Extruded,Yes,Yes,Yes,Yes,Yes,Yes,Yes,Yes,Yes,Yes,Yes,Porcelain and Ceramic,,,,,PEN
UMB-COT-BUL,"Umbria Cotto Bullnose (1,5X30 DEMI-BULLNOSE ARGILE VERONA)",UMBRIA COTTO BULLNOSE,Umbria,Porcelain,"3/8""",10,Matte,Loose,0.6x11.8,0.049,piece,piece,50pcs/box,2.458,0.1,0.6,11.8,50,5.0,V2 (Slight),,Extruded,Yes,Yes,Yes,Yes,Yes,Yes,Yes,X,Yes,Yes,Yes,Porcelain and Ceramic,,,,,PEN
UMB-COT-CRS,Umbria Cotto Cross (18X18 ASPA ARGILE CROSS COTTO),UMBRIA COTTO CROSS,Umbria,Porcelain,"3/8""",10,Matte,Loose,7x7,0.350,sf,box,16pcs/box,5.597,5.0,7,7,16,28.0,V2 (Slight),,Extruded,Yes,Yes,Yes,Yes,Yes,Yes,Yes,X,Yes,Yes,Yes,Porcelain and Ceramic,,,,,LTL2SM
UMB-COT-DOT,Umbria Cotto Dot (15X15 DEC. TACO FEZ VERONA),UMBRIA COTTO DOT,Umbria,Porcelain,"3/8""",10,Matte,Loose,"5.9x5.9""",0.245,sf,box,19pcs/box,4.655,5.2,5.9,5.9,19,24.0,V2 (Slight),,Extruded,Yes,Yes,Yes,Yes,Yes,Yes,Yes,X,Yes,Yes,Yes,Porcelain and Ceramic,,,,,LTL2SM
UMB-COT-FEZ,"15X29,5 ARROW FEZ VERONA",UMBRIA COTTO FEZ,Umbria,Porcelain,"3/8""",10,Matte,Loose,6x12,0.355,sf,box,20pcs/box,7.100,4.9,6,12,20,35.0,V2 (Slight),,Extruded,Yes,Yes,Yes,Yes,Yes,Yes,Yes,X,Yes,Yes,Yes,Porcelain and Ceramic,,,,,LTL2SM
UMB-COT-LSN,18X45 LOSANGA ARGILE VERONA,UMBRIA COTTO LOSAGNA,Umbria,Porcelain,"3/8""",10,Matte,Loose,7x17.7,0.812,sf,box,11pcs/box,8.934,5.7,7,17.7,11,51.0,V2 (Slight),,Extruded,Yes,Yes,Yes,Yes,Yes,Yes,Yes,X,Yes,Yes,Yes,Porcelain and Ceramic,,,,,LTL
UMB-COT-PKT,"7,4X48 ARROW ARGILE ARROW COTTO",UMBRIA COTTO PICKET,Umbria,Porcelain,"3/8""",10,Matte,Loose,3x19,0.382,sf,box,20pcs/box,7.647,4.6,3,19,20,35.0,V2 (Slight),,Extruded,Yes,Yes,Yes,Yes,Yes,Yes,Yes,X,Yes,Yes,Yes,Porcelain and Ceramic,,,,,LTL2SM
UMB-COT-SQ,Umbria Cotto Square 18x18 (45X45 ARGILE VERONA),UMBRIA COTTO SQUARE 18X18,Umbria,Porcelain,"3/8""",10,Matte,Loose,17.7x17.7,2.180,sf,box,5pcs/box,10.898,4.8,17.7,17.7,5,52.0,V2 (Slight),,Extruded,Yes,Yes,Yes,Yes,Yes,Yes,Yes,X,Yes,Yes,Yes,Porcelain and Ceramic,,,,,LTL
UMB-COT-STP,45X33/4 1 P.C. PELD.CURVO ARGILE VERONA ANTISLIP,UMBRIA COTTO STEP,Umbria,Porcelain,"15/32""",12,Matte,Loose,"17.7x13""/1.5""",1.598,piece,piece,4pcs/box,6.392,7.4,17.7,13,4,47.0,V2 (Slight),,Extruded,Yes,Yes,Yes,Yes,Yes,Yes,Yes,X,Yes,Yes,Yes,Porcelain and Ceramic,,,,,LTL
UMB-DEC-STR-A,18X18 ESTRELLA ARGILE STAR VENICE A,UMBRIA DECO STAR A,Umbria,Porcelain,"3/8""",10,Matte,Loose,7x7,0.404,sf,box,16pcs/box,6.458,4.6,7,7,16,30.0,V2 (Slight),,Extruded,Yes,Yes,Yes,Yes,Yes,Yes,Yes,X,Yes,Yes,Yes,Porcelain and Ceramic,,,,,LTL2SM
UMB-DEC-STR-B,Umbria Deco Star B (18X18 ESTRELLA ARGILE STAR VENICE B),UMBRIA DECO STAR B,Umbria,Porcelain,"3/8""",10,Matte,Loose,7x7,0.404,sf,box,16pcs/box,6.458,4.6,7,7,16,30.0,V2 (Slight),,Extruded,Yes,Yes,Yes,Yes,Yes,Yes,Yes,X,Yes,Yes,Yes,Porcelain and Ceramic,,,,,LTL2SM
UMB-DEC-STR-C,18X18 ESTRELLA ARGILE STAR VENICE C,UMBRIA DECO STAR C,Umbria,Porcelain,"3/8""",10,Matte,Loose,7x7,0.404,sf,box,16pcs/box,6.458,4.6,7,7,16,30.0,V2 (Slight),,Extruded,Yes,Yes,Yes,Yes,Yes,Yes,Yes,X,Yes,Yes,Yes,Porcelain and Ceramic,,,,,LTL2SM
UMB-FIO-DOT,15X15 DEC SQUARE ARGILE FIORANO,UMBRIA FIORANO DOT,Umbria,Porcelain,"3/8""",10,Matte,Loose,"5.9x5.9""",0.245,sf,box,19pcs/box,4.648,5.2,5.9,5.9,19,24.0,V2 (Slight),,Extruded,Yes,Yes,Yes,Yes,Yes,Yes,Yes,X,Yes,Yes,Yes,Porcelain and Ceramic,,,,,LTL2SM
UMB-PET-CRS,Umbria Petra Cross (ASPA PETRA CROSS WHITE),UMBRIA PETRA CROSS,Umbria,Porcelain,"3/8""",10,Matte,Loose,6x6,0.265,sf,box,24pcs/box,6.350,3.0,6,6,24,19.0,V2 (Slight),,Extruded,Yes,Yes,Yes,Yes,Yes,Yes,Yes,X,Yes,Yes,Yes,Porcelain and Ceramic,,,,,LTL2SM
UMB-PET-LOP,PETRA LOOP WHITE,UMBRIA PETRA LOOP,Umbria,Porcelain,"3/8""",10,Matte,Loose,7x2.5,0.148,sf,box,36pcs/box,5.330,4.9,7,2.5,36,26.0,V2 (Slight),,Extruded,Yes,Yes,Yes,Yes,Yes,Yes,Yes,X,Yes,Yes,Yes,Porcelain and Ceramic,,,,,LTL2SM
UMB-PET-STR,Umbria Petra Star (ESTRELLA PETRA STAR WHITE),UMBRIA PETRA STAR,Umbria,Porcelain,"3/8""",10,Matte,Loose,6x6,0.262,sf,box,16pcs/box,4.197,4.1,6,6,16,17.0,V2 (Slight),,Extruded,Yes,Yes,Yes,Yes,Yes,Yes,Yes,X,Yes,Yes,Yes,Porcelain and Ceramic,,,,,LTL2SM
UMB-VEN-DOT,15X15 DEC SQUARE ARGILE VENICE,UMBRIA VENICE DOT,Umbria,Porcelain,"3/8""",10,Matte,Loose,"5.9x5.9""",0.245,sf,box,19pcs/box,4.648,5.2,5.9,5.9,19,24.0,V2 (Slight),,Extruded,Yes,Yes,Yes,Yes,Yes,Yes,Yes,X,Yes,Yes,Yes,Porcelain and Ceramic,,,,,LTL2SM
UMB-VEN-PIX,4X4 TACO ARGILE VENICE,UMBRIA VENICE PIXEL,Umbria,Porcelain,"3/8""",10,Matte,Loose,1.57x1.57,0.017,piece,piece,50pcs/box,0.855,2.9,1.57,1.57,50,2.5,V2 (Slight),,Extruded,Yes,Yes,Yes,Yes,Yes,Yes,Yes,Yes,Yes,Yes,Yes,Porcelain and Ceramic,,,,,PEN
UMB-VER-BUL,"Umbria Verde Bullnose (1,5X30 DEMI-BULLNOSE ARGILE VERDE)",UMBRIA VERDE BULLNOSE,Umbria,Porcelain,"3/8""",10,Glossy,Loose,0.6x11.8,0.049,piece,piece,50pcs/box,2.458,0.1,0.6,11.8,50,5.0,V2 (Slight),,Extruded,Yes,Yes,Yes,Yes,Yes,Yes,Yes,X,Yes,Yes,Yes,Porcelain and Ceramic,,,,,PEN
UMB-VER-DOT,15X15 DEC SQUARE ARGILE VERDE,UMBRIA VERDE DOT,Umbria,Porcelain,"3/8""",10,Glossy,Loose,"5.9x5.9""",0.245,sf,box,19pcs/box,4.648,5.2,5.9,5.9,19,24.0,V2 (Slight),,Extruded,Yes,Yes,Yes,Yes,Yes,Yes,Yes,X,Yes,Yes,Yes,Porcelain and Ceramic,,,,,LTL2SM
UMB-VER-PKT,"7,4X48 ARROW ARGILE ARROW VERDE",UMBRIA VERDE PICKET,Umbria,Porcelain,"3/8""",10,Glossy,Loose,3x19,0.382,sf,box,20pcs/box,7.647,4.6,3,19,20,35.0,V2 (Slight),,Extruded,Yes,Yes,Yes,Yes,Yes,Yes,Yes,X,Yes,Yes,Yes,Porcelain and Ceramic,,,,,LTL2SM
UMB-VER-PIX,4X4 TACO ARGILE VERDE,UMBRIA VERDE PIXEL,Umbria,Porcelain,"3/8""",10,Glossy,Loose,1.57x1.57,0.017,piece,piece,50pcs/box,0.855,2.9,1.57,1.57,50,2.5,V2 (Slight),,Extruded,Yes,Yes,Yes,Yes,Yes,Yes,Yes,Yes,Yes,Yes,Yes,Porcelain and Ceramic,,,,,PEN
UMB-VER-STR,18X18 ESTRELLA ARGILE STAR VERDE,UMBRIA VERDE STAR,Umbria,Porcelain,"3/8""",10,Glossy,Loose,7x7,0.404,sf,box,16pcs/box,6.458,4.6,7,7,16,30.0,V2 (Slight),,Extruded,Yes,Yes,Yes,Yes,Yes,Yes,Yes,X,Yes,Yes,Yes,Porcelain and Ceramic,,,,,LTL2SM
URB-BR-BLN,BRICK BROOKLYN BLANCO,URBANA BRICK BLANCO,Urbana,Porcelain,"5/16""",,Matte,Loose,"4.3x13""",0.388,sf,box,31 pcs/box,12.034,3.9,4.3,13,31,47.0,V3 (moderate),84,Pressed,Yes,Yes,Yes,Yes,Yes,Yes,Yes,Yes,Yes,Yes,Yes,Porcelain and Ceramic,,,,,LTL2SM
URB-BR-GR,URBANA BRICK GRIS (BRICK BROOKLYN GRIS),URBANA BRICK GRIS,Urbana,Porcelain,"5/16""",,Matte,Loose,"4.3x13""",0.388,sf,box,31 pcs/box,12.034,3.9,4.3,13,31,47.0,V3 (moderate),84,Pressed,Yes,Yes,Yes,Yes,Yes,Yes,Yes,Yes,Yes,Yes,Yes,Porcelain and Ceramic,,,,,LTL2SM
URB-BR-NAT,BRICK BROOKLYN NATURAL,URBANA BRICK NATURAL,Urbana,Porcelain,"5/16""",,Matte,Loose,"4.3x13""",0.388,sf,box,31 pcs/box,12.034,3.9,4.3,13,31,47.0,V3 (moderate),84,Pressed,Yes,Yes,Yes,Yes,Yes,Yes,Yes,Yes,Yes,Yes,Yes,Porcelain and Ceramic,,,,,LTL2SM
URB-WD,MELANGE NATURAL,URBANA WOOD,Urbana,Porcelain,"5/16""",,Matte,Loose,"6.5x6.5""",0.293,sf,box,20 pcs/box,5.868,3.4,6.5,6.5,20,20.0,V3 (moderate),96,Pressed,Yes,Yes,Yes,Yes,Yes,Yes,Yes,Yes,Yes,Yes,Yes,Porcelain and Ceramic,,,,,LTL2SM
URB-BLK,TACO MELANGE BLACK,URBANA WOOD BLACK,Urbana,Porcelain,"5/16""",,Matte,Loose,"6.5x6.5""",0.293,sf,box,20 pcs/box,5.868,3.4,6.5,6.5,20,20.0,V3 (moderate),96,Pressed,Yes,Yes,Yes,Yes,Yes,Yes,Yes,Yes,Yes,Yes,Yes,Porcelain and Ceramic,,,,,LTL2SM
URB-BLU,MELANGE BLUE,URBANA WOOD BLUE,Urbana,Porcelain,"5/16""",,Matte,Loose,"6.5x6.5""",0.293,sf,box,20 pcs/box,5.868,3.4,6.5,6.5,20,20.0,V3 (moderate),96,Pressed,Yes,Yes,Yes,Yes,Yes,Yes,Yes,Yes,Yes,Yes,Yes,Porcelain and Ceramic,,,,,LTL2SM
VEL-NER-2448,60X120 MAJESTIC NERO BILBAO,	Velanza Nero 24x48,Velanza,Porcelain,"5/8""",13,Matte,Loose,"23.6x47.2""",7.75,sf,box,2,15.50,4.3,23.6,47.2,2,66.0,V2 (slight),,Rectified,YES,YES,YES,YES,YES,X,Yes,X,Yes,YES,X,Porcelain and Ceramic,,,,,LTL
VEL-BIA-1212,Velanza Bianco 12x12 (30X30 MAJESTIC BIANCO BARGA),Velanza Bianco 12x12,Velanza,Color Body Porcelain,"3/8""",9,Matte,Loose,"11.81x11.81""",0.97,sf,box,14,13.56,4.1,11.81,11.81,14,55.0,V3 (moderate),96,Rectified,Yes,Yes,Yes,Yes,Yes,Yes,Yes,Yes,Yes,Yes,Yes,Porcelain and Ceramic,,,,,LTL2SM
VEL-BIA-2424,Velanza Bianco 24x24 (60X60 MAJESTIC BIANCO BARGA),Velanza Bianco 24x24,Velanza,Color Body Porcelain,"3/8""",10,Matte,Loose,"23.6x23.6""",3.875,sf,box,4,15.50,4.1,23.6,23.6,4,62.8,V3 (moderate),24,Rectified,Yes,Yes,Yes,Yes,Yes,Yes,Yes,X,Yes,Yes,Yes,Porcelain and Ceramic,,,,,LTL
VEL-BIA-2448,60X120 MAJESTIC BIANCO BARGA,Velanza Bianco 24x48,Velanza,Porcelain,"3/8""",10,Matte,Loose,"23.6x47.2""",7.75,sf,box,2,15.50,4.3,23.6,47.2,2,66.0,V2 (slight),,Rectified,YES,YES,YES,YES,YES,X,Yes,X,Yes,YES,YES,Porcelain and Ceramic,,,,,LTL
VEL-BIA-BSK-MOS,30X30 MAJESTIC VELANZA BIANCO/NERO MOS,Velanza Bianco Basket Weave Mosaic,Velanza,Gres porcelain,"5/16""",9,Matte,Mesh Mounted,"11.81x11.81""",0.97,sheet,sheet,6,5.82,3.0,11.81,11.81,6,17.8,V2 (slight),,Rectified,YES,YES,YES,YES,YES,YES,YES,X,YES,YES,YES,Porcelain and Ceramic,,,,,
VEL-BLU-1212,Velanza Blue 12x12 (30X30 MAJESTIC BLU MONTALTO),Velanza Blue 12x12,Velanza,Color Body Porcelain,"3/8""",9,Matte,Loose,"11.81x11.81""",0.97,sf,box,14,13.56,4.1,11.81,11.81,14,55.0,V3 (moderate),96,Rectified,Yes,Yes,Yes,Yes,Yes,Yes,Yes,Yes,Yes,Yes,Yes,Porcelain and Ceramic,,,,,LTL2SM
VEL-BLU-2424,Velanza Blue 24x24 (60X60 MAJESTIC BLU MONTALTO),Velanza Blue 24x24,Velanza,Color Body Porcelain,"3/8""",11,Matte,Loose,"23.6x23.6""",3.875,sf,box,4,15.50,4.1,23.6,23.6,4,62.8,V3 (moderate),24,Rectified,Yes,Yes,Yes,Yes,Yes,Yes,Yes,X,Yes,Yes,Yes,Porcelain and Ceramic,,,,,LTL
VEL-BLU-MOS-22,5X5 MAJESTIC BLU MONTALTO MOS ,Velanza Blue 2x2 Mosaic,Velanza,Gres porcelain,"5/16""",9,Matte,Mesh Mounted,"11.81x11.81""",0.97,sheet,sheet,6,5.82,3.0,11.81,11.81,6,17.8,V2 (slight),,Rectified,YES,YES,YES,YES,YES,YES,YES,YES,YES,YES,YES,Porcelain and Ceramic,,,,,
VEL-BRU-1212,Velanza Bruno 12x12 (30X30 MAJESTIC BRUNO ALICANTE),Velanza Bruno 12x12,Velanza,Color Body Porcelain,"3/8""",9,Matte,Loose,"11.81x11.81""",0.97,sf,box,14,13.56,4.1,11.81,11.81,14,55.0,V3 (moderate),96,Rectified,Yes,Yes,Yes,Yes,Yes,Yes,Yes,Yes,Yes,Yes,X,Porcelain and Ceramic,,,,,LTL2SM
VEL-BRU-2424,Velanza Bruno 24x24 (60X60 MAJESTIC BRUNO ALICANTE),Velanza Bruno 24x24,Velanza,Color Body Porcelain,"3/8""",12,Matte,Loose,"23.6x23.6""",3.875,sf,box,4,15.50,4.1,23.6,23.6,4,62.8,V3 (moderate),24,Rectified,Yes,Yes,Yes,Yes,Yes,Yes,Yes,X,Yes,Yes,X,Porcelain and Ceramic,,,,,LTL
VEL-CEN-1212,Velanza Cenere 12x12 (30X30 MAJESTIC CENERE MURCIA),Velanza Cenere 12x12,Velanza,Color Body Porcelain,"3/8""",9,Matte,Loose,"11.81x11.81""",0.97,sf,box,14,13.56,4.1,11.81,11.81,14,55.0,V3 (moderate),96,Rectified,Yes,Yes,Yes,Yes,Yes,Yes,Yes,Yes,Yes,Yes,Yes,Porcelain and Ceramic,,,,,LTL2SM
VEL-CEN-2424,Velanza Cenere 24x24 (60X60 MAJESTIC CENERE MURCIA),Velanza Cenere 24x24,Velanza,Color Body Porcelain,"3/8""",13,Matte,Loose,"23.6x23.6""",3.875,sf,box,4,15.50,4.1,23.6,23.6,4,62.8,V3 (moderate),24,Rectified,Yes,Yes,Yes,Yes,Yes,Yes,Yes,X,Yes,Yes,Yes,Porcelain and Ceramic,,,,,LTL
VEL-CEN-2448,60X120 MAJESTIC CENERE MURCIA,Velanza Cenere 24x48,Velanza,Porcelain,"3/8""",12,Matte,Loose,"23.6x47.2""",7.75,sf,box,2,15.50,4.3,23.6,47.2,2,66.0,V2 (slight),,Rectified,YES,YES,YES,YES,YES,X,Yes,X,Yes,YES,YES,Porcelain and Ceramic,,,,,LTL
VEL-CEN-MOS-22,5X5 MAJESTIC CENERE MURCIA MOS ,Velanza Cenere 2x2 Mosaic,Velanza,Gres porcelain,"5/16""",9,Matte,Mesh Mounted,"11.81x11.81""",0.97,sheet,sheet,6,5.82,3.0,11.81,11.81,6,17.8,V2 (slight),,Rectified,YES,YES,YES,YES,YES,YES,YES,YES,YES,YES,YES,Porcelain and Ceramic,,,,,
VEL-CRM-1212,Velanza Crema 12x12 (30X30 MAJESTIC CREMA REZZATO),Velanza Crema 12x12,Velanza,Color Body Porcelain,"3/8""",9,Matte,Loose,"11.81x11.81""",0.97,sf,box,14,13.56,4.1,11.81,11.81,14,55.0,V3 (moderate),96,Rectified,Yes,Yes,Yes,Yes,Yes,Yes,Yes,Yes,Yes,Yes,Yes,Porcelain and Ceramic,,,,,LTL2SM
VEL-CRM-2424,Velanza Crema 24x24 (60X60 MAJESTIC CREMA REZZATO),Velanza Crema 24x24,Velanza,Color Body Porcelain,"3/8""",14,Matte,Loose,"23.6x23.6""",3.875,sf,box,4,15.50,4.1,23.6,23.6,4,62.8,V3 (moderate),24,Rectified,Yes,Yes,Yes,Yes,Yes,Yes,Yes,X,Yes,Yes,Yes,Porcelain and Ceramic,,,,,LTL
VEL-CRM-2448,60X120 MAJESTIC CREMA REZZATO,Velanza Crema 24x48,Velanza,Porcelain,"5/8""",11,Matte,Loose,"23.6x47.2""",7.75,sf,box,2,15.50,4.3,23.6,47.2,2,66.0,V2 (slight),,Rectified,YES,YES,YES,YES,YES,X,Yes,X,Yes,YES,YES,Porcelain and Ceramic,,,,,LTL
VEL-CRE-BSK-MOS,30X30 MAJESTIC VELANZA CREMA/BRUNO MOS,Velanza Crema Basket Weave Mosaic,Velanza,Gres porcelain,"5/16""",9,Matte,Mesh Mounted,"11.81x11.81""",0.97,sheet,sheet,6,5.82,3.0,11.81,11.81,6,17.8,V2 (slight),,Rectified,YES,YES,YES,YES,YES,YES,YES,X,YES,YES,YES,Porcelain and Ceramic,,,,,
VEL-NER-1212,Velanza Nero 12x12 (30X30 MAJESTIC NERO BILBAO),Velanza Nero 12x12,Velanza,Color Body Porcelain,"3/8""",9,Matte,Loose,"11.81x11.81""",0.97,sf,box,14,13.56,4.1,11.81,11.81,14,55.0,V3 (moderate),96,Rectified,Yes,Yes,Yes,Yes,Yes,Yes,Yes,Yes,Yes,Yes,X,Porcelain and Ceramic,,,,,LTL2SM
VEL-NER-2424,Velanza Nero 24x24 (60X60 MAJESTIC NERO BILBAO),Velanza Nero 24x24,Velanza,Color Body Porcelain,"3/8""",15,Matte,Loose,"23.6x23.6""",3.875,sf,box,4,15.50,4.1,23.6,23.6,4,62.8,V3 (moderate),24,Rectified,Yes,Yes,Yes,Yes,Yes,Yes,Yes,X,Yes,Yes,X,Porcelain and Ceramic,,,,,LTL
VEL-NER-BSK-MOS,30X30 MAJESTIC VELANZA NERO/BIANCO MOS,Velanza Nero Basket Weave Mosaic,Velanza,Gres porcelain,"5/16""",9,Matte,Mesh Mounted,"11.81x11.81""",0.97,sheet,sheet,6,5.82,3.0,11.81,11.81,6,17.8,V2 (slight),,Rectified,YES,YES,YES,YES,YES,YES,YES,X,YES,YES,X,Porcelain and Ceramic,,,,,
VEL-ORO-2424,Velanza Oro  24x24 (60X60 MAJESTIC ORO VERSILIA),Velanza Oro 24x24,Velanza,Color Body Porcelain,"3/8""",16,Matte,Loose,"23.6x23.6""",3.875,sf,box,4,15.50,4.1,23.6,23.6,4,62.8,V3 (moderate),24,Rectified,Yes,Yes,Yes,Yes,Yes,Yes,Yes,X,Yes,Yes,Yes,Porcelain and Ceramic,,,,,LTL
VEL-ORO-2448,60X120 MAJESTIC ORO VERSILIA ,Velanza Oro 24x48,Velanza,Porcelain,"5/8""",15,Matte,Loose,"23.6x47.2""",7.75,sf,box,2,15.50,4.3,23.6,47.2,2,66.0,V2 (slight),,Rectified,YES,YES,YES,YES,YES,X,Yes,X,Yes,YES,YES,Porcelain and Ceramic,,,,,LTL
VEL-ORO-BSK-MOS,30X30 MAJESTIC VELANZA ORO/NERO MOS,Velanza Oro Basket Weave Mosaic,Velanza,Gres porcelain,"5/16""",9,Matte,Mesh Mounted,"11.81x11.81""",0.97,sheet,sheet,6,5.82,3.0,11.81,11.81,6,17.8,V2 (slight),,Rectified,YES,YES,YES,YES,YES,YES,YES,X,YES,YES,YES,Porcelain and Ceramic,,,,,
VEL-ORO-1212,Velanza Oro12x12 (30X30 MAJESTIC ORO VERSILIA),Velanza Oro12x12,Velanza,Color Body Porcelain,"3/8""",9,Matte,Loose,"11.81x11.81""",0.97,sf,box,14,13.56,4.1,11.81,11.81,14,55.0,V3 (moderate),96,Rectified,Yes,Yes,Yes,Yes,Yes,Yes,Yes,Yes,Yes,Yes,Yes,Porcelain and Ceramic,,,,,LTL2SM
VEL-ROS-1212,Velanza Rosso 12x12 (30X30 MAJESTIC ROSSO LEVANTO),Velanza Rosso 12x12,Velanza,Color Body Porcelain,"3/8""",9,Matte,Loose,"11.81x11.81""",0.97,sf,box,14,13.56,4.1,11.81,11.81,14,55.0,V3 (moderate),96,Rectified,Yes,Yes,Yes,Yes,Yes,Yes,Yes,Yes,Yes,Yes,X,Porcelain and Ceramic,,,,,LTL2SM
VEL-ROS-2424,Velanza Rosso 24x24 (60X60 MAJESTIC ROSSO LEVANTO),Velanza Rosso 24x24,Velanza,Color Body Porcelain,"3/8""",17,Matte,Loose,"23.6x23.6""",3.875,sf,box,4,15.50,4.1,23.6,23.6,4,62.8,V3 (moderate),24,Rectified,Yes,Yes,Yes,Yes,Yes,Yes,Yes,X,Yes,Yes,X,Porcelain and Ceramic,,,,,LTL
VEL-ROS-2448,60X120 MAJESTIC ROSSO LEVANTO,Velanza Rosso 24x48,Velanza,Porcelain,"5/8""",14,Matte,Loose,"23.6x47.2""",7.75,sf,box,2,15.50,4.3,23.6,47.2,2,66.0,V2 (slight),,Rectified,YES,YES,YES,YES,YES,X,Yes,X,Yes,YES,X,Porcelain and Ceramic,,,,,LTL
VEL-ROS-MOS-22,5X5 MAJESTIC ROSSO LEVANTO MOS ,Velanza Rosso 2x2 Mosaic,Velanza,Gres porcelain,"5/16""",9,Matte,Mesh Mounted,"11.81x11.81""",0.97,sheet,sheet,6,5.82,3.0,11.81,11.81,6,17.8,V2 (slight),,Rectified,YES,YES,YES,YES,YES,YES,YES,YES,YES,YES,X,Porcelain and Ceramic,,,,,
VEL-VER-1212,Velanza Verde 12x12 (30X30 MAJESTIC VERDE ALPIO),Velanza Verde 12x12,Velanza,Color Body Porcelain,"3/8""",9,Matte,Loose,"11.81x11.81""",0.97,sf,box,14,13.56,4.1,11.81,11.81,14,55.0,V3 (moderate),96,Rectified,Yes,Yes,Yes,Yes,Yes,Yes,Yes,Yes,Yes,Yes,X,Porcelain and Ceramic,,,,,LTL2SM
VEL-VER-2424,Velanza Verde 24x24 (60X60 MAJESTIC VERDE ALPIO),Velanza Verde 24x24,Velanza,Color Body Porcelain,"3/8""",18,Matte,Loose,"23.6x23.6""",3.875,sf,box,4,15.50,4.1,23.6,23.6,4,62.8,V3 (moderate),24,Rectified,Yes,Yes,Yes,Yes,Yes,Yes,Yes,X,Yes,Yes,X,Porcelain and Ceramic,,,,,LTL
VEL-VER-2448,Velanza Verde 24x48 (60X120 MAJESTIC VERDE ALPI),Velanza Verde 24x48,Velanza,Porcelain,"5/8""",15,Matte,Loose,"23.6x47.2""",7.75,sf,box,2,15.50,4.3,23.6,47.2,2,66.0,V2 (slight),,Rectified,YES,YES,YES,YES,YES,X,Yes,X,Yes,YES,X,Porcelain and Ceramic,,,,,LTL
VEL-VER-MOS-22,5X5 MAJESTIC VERDE ALPI MOS ,Velanza Verde 2x2 Mosaic,Velanza,Gres porcelain,"5/16""",9,Matte,Mesh Mounted,"11.81x11.81""",0.97,sheet,sheet,6,5.82,3.0,11.81,11.81,6,17.8,V2 (slight),,Rectified,YES,YES,YES,YES,YES,YES,YES,YES,YES,YES,X,Porcelain and Ceramic,,,,,
ZEN-ALM-1060,EIK ALMOND MATT R. 25X150M,ZEN ALMOND 10X60,Zen,Porcelain,"5/16""",9mm,Matte,Loose,"9.85x59""",4.036,sf,box,3 pcs/box,12.109,4.3,9.85,59,3,52.0,,24,Rectified,Yes,Yes,Yes,Yes,Yes,Yes,X,X,Yes,Yes,Yes,Porcelain and Ceramic,,,,,LTL
ZEN-AUR-SNW-2448,ZEN AURAL SNOW 24X48 (IKON AURAL SNOW(AZJ)60X120),ZEN AURAL SNOW 24X48,Zen,Ceramic,"5/16""",8.2,Matte,,24x48,7.750,sf,box,2,15.500,3.0,24,48,2,46.3,V2,14,Rectified,X,Yes,X,X,Yes,X,X,X,Yes,Yes,X,Porcelain and Ceramic,,,,,LTL
ZEN-BAR-BLK-2448,ZEN BARI BLACK 24X48  (BARI SLAT BLACK(AZJ)60X120),ZEN BARI BLACK 24X48,Zen,Ceramic,"5/16""",8.2,Matte,,24x48,7.750,sf,box,2,15.500,3.0,24,48,2,46.3,V2,6,Rectified,X,Yes,X,X,Yes,X,X,X,Yes,Yes,X,Porcelain and Ceramic,,,,,LTL
ZEN-BAR-GRY-2448,ZEN BARI GREY 24X48 (BARI SLAT GREY(AZJ)60X120),ZEN BARI GREY 24X48,Zen,Ceramic,"5/16""",8.2,Matte,,24x48,7.750,sf,box,2,15.500,3.0,24,48,2,46.3,V2,6,Rectified,X,Yes,X,X,Yes,X,X,X,Yes,Yes,X,Porcelain and Ceramic,,,,,LTL
ZEN-BAR-WHT-2448,ZEN BARI WHITE 24X48 (BARI SLAT WHITE(AZJ)60X120),ZEN BARI WHITE 24X48,Zen,Ceramic,"5/16""",8.2,Matte,,24x48,7.750,sf,box,2,15.500,3.0,24,48,2,46.3,V2,6,Rectified,X,Yes,X,X,Yes,X,X,X,Yes,Yes,X,Porcelain and Ceramic,,,,,LTL
ZEN-BLN-848,Zen Blanco 8x48 (120 X 20 IBA WEWOOD BLANCO),ZEN BLANCO 8X48,Zen,Colored Body Porcelain,"7/16""",11.2,Matte,Loose,"7.87x47.25""",2.582,sf,box,5 pcs/box,12.912,4.9,7.87,47.25,5,63.0,V2 (slight),24,Rectified,Yes,Yes,Yes,Yes,Yes,Yes,Yes,X,Yes,Yes,Yes,Porcelain and Ceramic,,,,,LTL
ZEN-CHV-GRE-2448,Zen Chevron Grey 24x48 (Chevron Artwood Grey/ Chevron Ash 120x60),ZEN CHEVRON GREY 24X48,Zen,Colored Body Porcelain,"7/16""",10.8,Matte,Loose,"23.7x47.25""",7.745,sf,box,2 pcs/box,15.490,5.2,23.7,47.25,2,80.5,V2 (slight),3,Rectified,Yes,Yes,Yes,Yes,Yes,Yes,Yes,X,Yes,Yes,Yes,Porcelain and Ceramic,,,,,LTL
ZEN-CHV-MAP-2448,CHEVRON ARTWOOD MAPLE 120x60,ZEN CHEVRON MAPLE 24X48,Zen,Colored Body Porcelain,"7/16""",10.8,Matte,Loose,"23.7x47.25""",7.745,sf,box,2 pcs/box,15.490,5.2,23.7,47.25,2,80.5,V2 (slight),3,Rectified,Yes,Yes,Yes,Yes,Yes,Yes,Yes,X,Yes,Yes,Yes,Porcelain and Ceramic,,,,,LTL
ZEN-CHV-NAT-2448,CHEVRON ARTWOOD NATURAL 120x60,ZEN CHEVRON NATURAL 24X48,Zen,Colored Body Porcelain,"7/16""",10.8,Matte,Loose,"23.7x47.25""",7.745,sf,box,2 pcs/box,15.490,5.2,23.7,47.25,2,80.5,V2 (slight),3,Rectified,Yes,Yes,Yes,Yes,Yes,Yes,Yes,X,Yes,Yes,Yes,Porcelain and Ceramic,,,,,LTL
ZEN-CONC-3030,Zen Concept 30x30 (MT WOODFEEL CONCEPT ROBLE),ZEN CONCEPT 30X30,Zen,Colored Body Porcelain,"7/16""",10.8,Matte,Loose,"29.53x29.53""",6.056,sf,box,2 pcs/box,12.163,5.2,29.53,29.53,2,63.2,V2 (slight),,Rectified,Yes,Yes,Yes,Yes,Yes,Yes,Yes,X,Yes,Yes,Yes,Porcelain and Ceramic,,,,,LTL
ZEN-DEC-BLK-2448,Zen Deco Black 24x48 (60X120 OSAKA BLACK),ZEN DECO BLACK 24X48,Zen,Porcelain,"13/32""",10.3,Matte,Loose,"23.7x47.25""",7.750,sf,box,2 pcs/box,15.500,5.2,23.7,47.25,2,80.5,V2 (slight),3,Rectified,Yes,Yes,Yes,Yes,Yes,Yes,Yes,X,Yes,Yes,Yes,Porcelain and Ceramic,,,,,LTL
ZEN-DEC-BLN-1648,Zen Deco Blanco16x48 (Wewood Blanco Concept 40x120),ZEN DECO BLANCO16X48,Zen,Ceramic,"7/16""",11.2,Matte,Loose,"15.75x47.25""",5.168,sf,box,3 pcs/box,15.494,3.9,15.75,47.25,3,59.7,V2 (slight),6,Rectified,X,Yes,X,X,Yes,X,Yes,X,Yes,Yes,X,Porcelain and Ceramic,,,,,LTL
ZEN-DEC-GRE-2448,RIBBON GREY (Concept) 120x60,ZEN DECO GREY 24X48,Zen,Colored Body Porcelain,"7/16""",10.8,Matte,Loose,"23.7x47.25""",7.745,sf,box,2 pcs/box,15.490,5.2,23.7,47.25,2,80.5,V2 (slight),3,Rectified,Yes,Yes,Yes,Yes,Yes,Yes,Yes,X,Yes,Yes,Yes,Porcelain and Ceramic,,,,,LTL
ZEN-DEC-MAP-2448,Zen Deco Maple 24x48 (RIBBON MAPLE (Concept) 120x60),ZEN DECO MAPLE 24X48,Zen,Colored Body Porcelain,"7/16""",10.8,Matte,Loose,"23.7x47.25""",7.745,sf,box,2 pcs/box,15.490,5.2,23.7,47.25,2,80.5,V2 (slight),3,Rectified,Yes,Yes,Yes,Yes,Yes,Yes,Yes,X,Yes,Yes,Yes,Porcelain and Ceramic,,,,,LTL
ZEN-DEC-NAT-2448,Zen Deco Natural 24x48 (120 X 60 IBA RIBBON NATURAL (Concept)),ZEN DECO NATURAL 24X48,Zen,Colored Body Porcelain,"7/16""",10.8,Matte,Loose,"23.7x47.25""",7.745,sf,box,2 pcs/box,15.490,5.2,23.7,47.25,2,80.5,V2 (slight),3,Rectified,Yes,Yes,Yes,Yes,Yes,Yes,Yes,X,Yes,Yes,Yes,Porcelain and Ceramic,,,,,LTL
ZEN-DEC-OAK-1648,Wewood Roble Concept 40x120,ZEN DECO OAK 16X48,Zen,Ceramic,"7/16""",11.2,Matte,Loose,"15.75x47.25""",5.168,sf,box,3 pcs/box,15.494,3.9,15.75,47.25,3,59.7,V2 (slight),6,Rectified,X,Yes,X,X,Yes,X,Yes,X,Yes,Yes,X,Porcelain and Ceramic,,,,,LTL
ZEN-DEC-WHT-2448,Zen Deco White 24x48 (60X120 OSAKA WHITE),ZEN DECO WHITE 24X48,Zen,Porcelain,"13/32""",10.3,Matte,Loose,"23.7x47.25""",7.750,sf,box,2 pcs/box,15.500,5.2,23.7,47.25,2,80.5,V2 (slight),3,Rectified,Yes,Yes,Yes,Yes,Yes,Yes,Yes,X,Yes,Yes,Yes,Porcelain and Ceramic,,,,,LTL
ZEN-EIK-DEC-ALM-2448,EIK CANNE ALMOND R. 60X1203D,ZEN EIK DECO ALMOND,Zen,Porcelain,"5/16""",9mm,Matte,Loose,"23.7x47.25""",7.777,sf,box,2 pcs/box,15.553,4.2,23.7,47.25,2,65.0,V3 moderate,,rectified,Yes,Yes,X,X,Yes,X,Yes,X,Yes,Yes,X,Porcelain and Ceramic,,,,,LTL
ZEN-EIK-DEC-HON-2448,Zen Eik Deco Honey Deco Cann? (EIK CANNE HONEY R.  60X120),ZEN EIK DECO HONEY DECO CANNÉ,Zen,Porcelain,"5/16""",9mm,Matte,Loose,"23.7x47.25""",7.777,sf,box,2 pcs/box,15.553,4.2,23.7,47.25,2,65.0,V3 moderate,,rectified,Yes,Yes,X,X,Yes,X,Yes,X,Yes,Yes,X,Porcelain and Ceramic,,,,,LTL
ZEN-EIK-DEC-WOD-2448,EIK CANNE NATURAL R.60X1203D,ZEN EIK DECO WOOD,Zen,Porcelain,"5/16""",9mm,Matte,Loose,"23.7x47.25""",7.777,sf,box,2 pcs/box,15.553,4.2,23.7,47.25,2,65.0,V3 moderate,,rectified,Yes,Yes,X,X,Yes,X,Yes,X,Yes,Yes,X,Porcelain and Ceramic,,,,,LTL
ZEN-GRE-848,Zen Grey 8x48 (Artwood Grey/ Ash 120x20),ZEN GREY 8X48,Zen,Colored Body Porcelain,"7/16""",11.2,Matte,Loose,"7.87x47.25""",2.582,sf,box,6 pcs/box,15.490,4.1,7.87,47.25,6,63.0,V2 (slight),24,Rectified,Yes,Yes,Yes,Yes,Yes,Yes,Yes,X,Yes,Yes,Yes,Porcelain and Ceramic,,,,,LTL
ZEN-HON-1060,EIK HONEY MATT R. 25X150M,ZEN HONEY 10X60,Zen,Porcelain,"5/16""",9mm,Matte,Loose,"9.85x59""",4.036,sf,box,3 pcs/box,12.109,4.3,9.85,59,3,52.0,,24,Rectified,Yes,Yes,Yes,Yes,Yes,Yes,Yes,X,Yes,Yes,Yes,Porcelain and Ceramic,,,,,LTL
ZEN-LEA-ALM-2424,EIK LEAF ALMOND MATT60X60M,ZEN LEAF ALMOND 24X24,Zen,Porcelain,"5/16""",9mm,Matte,Loose,"23.7x23.7""",3.875,sf,box,3 pcs/box,11.625,4.1,23.7,23.7,3,47.1,,4,Rectified,Yes,Yes,Yes,Yes,Yes,Yes,Yes,X,Yes,Yes,Yes,Porcelain and Ceramic,,,,,LTL
ZEN-LEA-HON-2424,EIK LEAF HONEY MATT 60X60M,ZEN LEAF HONEY 24X24,Zen,Porcelain,"5/16""",9mm,Matte,Loose,"23.7x23.7""",3.875,sf,box,3 pcs/box,11.625,4.1,23.7,23.7,3,47.1,,4,Rectified,Yes,Yes,Yes,Yes,Yes,Yes,Yes,X,Yes,Yes,Yes,Porcelain and Ceramic,,,,,LTL
ZEN-LEA-WOD-2424,ZEN LEAF WOOD 24X24 (EIK LEAF NATURAL MAT60X60M),ZEN LEAF WOOD 24X24,Zen,Porcelain,"5/16""",9mm,Matte,Loose,"23.7x23.7""",3.875,sf,box,3 pcs/box,11.625,4.1,23.7,23.7,3,47.1,,4,Rectified,Yes,Yes,Yes,Yes,Yes,Yes,Yes,X,Yes,Yes,Yes,Porcelain and Ceramic,,,,,LTL
ZEN-MAP-848,Zen Maple 8x48 (ARTWOOD MAPLE 120x20),ZEN MAPLE 8X48,Zen,Colored Body Porcelain,"7/16""",10.8,Matte,Loose,"7.87x47.25""",2.582,sf,box,6 pcs/box,15.494,4.5,7.87,47.25,6,70.0,V2 (slight),18,Rectified,Yes,Yes,Yes,Yes,Yes,Yes,Yes,X,Yes,Yes,Yes,Porcelain and Ceramic,,,,,LTL
ZEN-NAT-848,Zen Natural 8x48 (ARTWOOD?NATURAL 120x20),ZEN NATURAL 8X48,Zen,Colored Body Porcelain,"7/16""",10.8,Matte,Loose,"7.87x47.25""",2.582,sf,box,6 pcs/box,15.494,4.5,7.87,47.25,6,70.0,V2 (slight),18,Rectified,Yes,Yes,Yes,Yes,Yes,Yes,Yes,X,Yes,Yes,Yes,Porcelain and Ceramic,,,,,LTL
ZEN-OAK-848,Zen Oak 8x48 (Wewood Roble 20x120),ZEN OAK 8X48,Zen,Colored Body Porcelain,"7/16""",11.2,Matte,Loose,"7.87x47.25""",2.582,sf,box,6 pcs/box,15.494,4.5,7.87,47.25,6,70.0,V2 (slight),24,Rectified,Yes,Yes,Yes,Yes,Yes,Yes,Yes,X,Yes,Yes,Yes,Porcelain and Ceramic,,,,,LTL
ZEN-WOD-1060,ZEN LEAF WOOD 24X24 (EIK LEAF NATURAL MAT60X60M),ZEN WOOD 10X60,Zen,Porcelain,"5/16""",9mm,Matte,Loose,"9.85x59""",4.036,sf,box,3 pcs/box,12.109,4.3,9.85,59,3,52.0,,24,Rectified,Yes,Yes,Yes,Yes,Yes,Yes,Yes,X,Yes,Yes,Yes,Porcelain and Ceramic,,,,,LTL
IMPS-LWL-LVS-2448,IMPRESSIONS LOWELL DECOR 24X48 (XS LOWELL SAVAGE LHT(AZJ) 60X120RC),Impressions Lowell Leaves 24x48,,Ceramic,"5/16""",9.2,Matte,Loose,24x49,7.750,sf,box,2,15.500,3.0,24,48,2,46.3,V2,10,Rectified,X,Yes,X,X,Yes,X,X,X,Yes,Yes,,Porcelain and Ceramic,,,,,
CLN-BEI-2785,ABRIL BEIGE (PB),Celine Beige 2.7x8.5,Celine,Ceramic,"5/16""",8.7 mm,Glossy,Loose,"2.75x8.05""",0.164,sf,box,34,5.600,3.0,2.75,8.05,34,16.98,V5,44,Not-rectified,X,Yes,Yes,X,Yes,X,Yes,X,Yes,Yes,X,,,,,,
CLN-BEI-PEN,ABRIL JOLLY BEIGE (PB),Celine Beige Pencil,Celine,Ceramic,"5/16""",9 mm,Glossy,Loose,"0.59x8.05""",0.036,ea,ea,30,1.080,0.1,0.59,8.05,30,2.5,V10,44,Not-rectified,X,Yes,X,X,Yes,X,Yes,X,Yes,Yes,X,,,,,,
CLN-GRN-2785,ABRIL VERDE (PB),Celine Green 2.7x8.5,Celine,Ceramic,"5/16""",8.7 mm,Glossy,Loose,"2.75x8.05""",0.164,sf,box,34,5.600,3.0,2.75,8.05,34,16.98,V8,44,Not-rectified,X,Yes,Yes,X,Yes,X,Yes,X,Yes,Yes,X,,,,,,
CLN-GRN-PEN,ABRIL JOLLY VERDE (PB,Celine Green Pencil,Celine,Ceramic,"5/16""",9 mm,Glossy,Loose,"0.59x8.05""",0.036,ea,ea,30,1.080,0.1,0.59,8.05,30,2.5,V13,44,Not-rectified,X,Yes,X,X,Yes,X,Yes,X,Yes,Yes,X,,,,,,
CLN-LBLU-2785,ABRIL CIELO (PB),Celine Light Blue 2.7x8.5,Celine,Ceramic,"5/16""",8.7 mm,Glossy,Loose,"2.75x8.05""",0.164,sf,box,34,5.600,3.0,2.75,8.05,34,16.98,V6,44,Not-rectified,X,Yes,Yes,X,Yes,X,Yes,X,Yes,Yes,X,,,,,,
CLN-LBLU-PEN,ABRIL JOLLY CIELO (PB),Celine Light Blue Pencil,Celine,Ceramic,"5/16""",9 mm,Glossy,Loose,"0.59x8.05""",0.036,ea,ea,30,1.080,0.1,0.59,8.05,30,2.5,V11,44,Not-rectified,X,Yes,X,X,Yes,X,Yes,X,Yes,Yes,X,,,,,,
CLN-PNK-2785,ABRIL ROSA (PB),Celine Pink 2.7x8.5,Celine,Ceramic,"5/16""",8.7 mm,Glossy,Loose,"2.75x8.05""",0.164,sf,box,34,5.600,3.0,2.75,8.05,34,16.98,V7,44,Not-rectified,X,Yes,Yes,X,Yes,X,Yes,X,Yes,Yes,X,,,,,,
CLN-PNK-PEN,ABRIL JOLLY ROSA (PB,Celine Pink Pencil,Celine,Ceramic,"5/16""",9 mm,Glossy,Loose,"0.59x8.05""",0.036,ea,ea,30,1.080,0.1,0.59,8.05,30,2.5,V12,44,Not-rectified,X,Yes,X,X,Yes,X,Yes,X,Yes,Yes,X,,,,,,
CLN-WHT-2785,ABRIL BLANCO (PB),Celine White 2.7x8.5,Celine,Ceramic,"5/16""",8.7 mm,Glossy,Loose,"2.75x8.05""",0.164,sf,box,34,5.600,3.0,2.75,8.05,34,16.98,V4,44,Not-rectified,X,Yes,Yes,X,Yes,X,Yes,X,Yes,Yes,X,,,,,,
CLN-WHT-PEN,ABRIL JOLLY BLANCO (PB),Celine White Pencil,Celine,Ceramic,"5/16""",9 mm,Glossy,Loose,"0.59x8.05""",0.036,ea,ea,30,1.080,0.1,0.59,8.05,30,2.5,V9,44,Not-rectified,X,Yes,X,X,Yes,X,Yes,X,Yes,Yes,X,,,,,,